

SET NAMES utf8mb4;
SET FOREIGN_KEY_CHECKS = 0;

-- ----------------------------
-- Table structure for collect_post
-- ----------------------------
DROP TABLE IF EXISTS `collect_post`;
CREATE TABLE `collect_post`  (
  `id` bigint(20) NOT NULL AUTO_INCREMENT COMMENT 'id',
  `postId` bigint(20) NOT NULL COMMENT '帖子id',
  `userId` bigint(20) NOT NULL COMMENT '用户id',
  PRIMARY KEY (`id`) USING BTREE
) ENGINE = InnoDB AUTO_INCREMENT = 49 CHARACTER SET = utf8mb4 COLLATE = utf8mb4_general_ci COMMENT = '收藏表' ROW_FORMAT = Dynamic;

-- ----------------------------
-- Records of collect_post
-- ----------------------------
INSERT INTO `collect_post` VALUES (37, 87, 1011);
INSERT INTO `collect_post` VALUES (38, 90, 1012);
INSERT INTO `collect_post` VALUES (40, 89, 1011);
INSERT INTO `collect_post` VALUES (41, 88, 1011);
INSERT INTO `collect_post` VALUES (42, 90, 1011);
INSERT INTO `collect_post` VALUES (43, 0, 0);
INSERT INTO `collect_post` VALUES (44, 0, 0);
INSERT INTO `collect_post` VALUES (46, 89, 1013);
INSERT INTO `collect_post` VALUES (47, 93, 1013);
INSERT INTO `collect_post` VALUES (48, 83, 1011);

-- ----------------------------
-- Table structure for comment
-- ----------------------------
DROP TABLE IF EXISTS `comment`;
CREATE TABLE `comment`  (
  `id` varchar(20) CHARACTER SET utf8mb4 COLLATE utf8mb4_general_ci NOT NULL COMMENT '评论id',
  `createTime` datetime(0) NULL DEFAULT CURRENT_TIMESTAMP(0) COMMENT '评论时间',
  `parentId` varchar(20) CHARACTER SET utf8mb4 COLLATE utf8mb4_general_ci NULL DEFAULT NULL COMMENT '父级id',
  `content` varchar(255) CHARACTER SET utf8mb4 COLLATE utf8mb4_general_ci NULL DEFAULT NULL COMMENT '内容',
  `postId` bigint(20) NULL DEFAULT NULL COMMENT '帖子id',
  `userId` bigint(20) NULL DEFAULT NULL COMMENT '评论人',
  PRIMARY KEY (`id`) USING BTREE,
  INDEX `idx_parent`(`parentId`) USING BTREE
) ENGINE = InnoDB CHARACTER SET = utf8mb4 COLLATE = utf8mb4_general_ci ROW_FORMAT = Dynamic;

-- ----------------------------
-- Records of comment
-- ----------------------------
INSERT INTO `comment` VALUES ('1I6pBbXCNw', '2023-04-13 08:23:25', NULL, '&#128518;', 90, 1011);
INSERT INTO `comment` VALUES ('4NeG4qfdlK', '2023-05-12 23:27:41', 'WqMF8XGm-L', '而真正让人讨厌的是某些人的行为，最忍受不了的就是过度包装，大家都懂我说的是什么意思，但是不包装又找不到工作，找不到工作就只能听信培训机构的教唆，去包装简历，所以，这貌似是一个死循环，解不开，这里就不讨论了，每个人都有每个人的想法和评价吧。', 93, 1011);
INSERT INTO `comment` VALUES ('CfZkCBL-kv', '2023-05-11 15:27:11', NULL, '倒不是对培训机构中的人有偏见，大家都是满怀希望、对未来充满憧憬的人，既然选择了培训，多多少少证明你是一个有梦想并愿意为之付出努力而奋斗的人，对于努力的人，我只有尊重。', 93, 1011);
INSERT INTO `comment` VALUES ('Dbx72mKm3F', '2023-05-13 11:45:22', NULL, '\n而真正让人讨厌的是某些人的行为，最', 93, 1011);
INSERT INTO `comment` VALUES ('GBE4ApDrU7', '2023-03-15 11:19:20', NULL, '说的不错', 90, 1011);
INSERT INTO `comment` VALUES ('ifWWeR3vzc', '2023-03-21 21:26:44', NULL, '&#128524;', 90, 1011);
INSERT INTO `comment` VALUES ('m0dwi-KsTo', '2023-03-21 21:33:08', NULL, 'test', 90, 1011);
INSERT INTO `comment` VALUES ('NwtBYeKHGE', '2023-05-03 08:10:52', NULL, '如何更好地防范？钱盾一直以来都在做努力，包括拦截刷单诈骗短信、加紧防诈骗的产品研发等。但目前，大部分刷单诈骗转移到QQ、微信甚至微博中，希望联合这些平台一起来治理，让年轻人知法、懂法、守法，提高年轻人的防护意识，共同构筑防范通讯网络诈骗的全流程屏障。', 75, 1011);
INSERT INTO `comment` VALUES ('udRldIQ_it', '2023-05-24 18:51:01', NULL, '除了借助一些工具之外，自身也要加强对钓鱼网站的警惕性，以保证个人财产安全。在涉及网络交易或需要点击链接进入页面时，要提高自己的防范意识，谨慎对待未知链接，及', 83, 1011);
INSERT INTO `comment` VALUES ('WqMF8XGm-L', '2023-05-12 23:27:31', NULL, '而真正让人讨厌的是某些人的行为，最忍受不了的就是过度包装，大家都懂我说的是什么意思，但是不包装又找不到工作，找不到工作就只能听信培训机构的教唆，去包装简历，所以，这貌似是一个死循环，解不开，这里就不讨论了，每个人都有每个人的想法和评价吧。', 93, 1011);
INSERT INTO `comment` VALUES ('xX3Z2HMTUJ', '2023-03-14 14:21:11', NULL, '&#128513;', 90, 1011);
INSERT INTO `comment` VALUES ('_UZZk4piG8', '2023-03-17 17:50:13', 'GBE4ApDrU7', 'hello', 90, 1011);

-- ----------------------------
-- Table structure for gen_table
-- ----------------------------
DROP TABLE IF EXISTS `gen_table`;
CREATE TABLE `gen_table`  (
  `table_id` bigint(20) NOT NULL AUTO_INCREMENT COMMENT '编号',
  `table_name` varchar(200) CHARACTER SET utf8mb4 COLLATE utf8mb4_general_ci NULL DEFAULT '' COMMENT '表名称',
  `table_comment` varchar(500) CHARACTER SET utf8mb4 COLLATE utf8mb4_general_ci NULL DEFAULT '' COMMENT '表描述',
  `sub_table_name` varchar(64) CHARACTER SET utf8mb4 COLLATE utf8mb4_general_ci NULL DEFAULT NULL COMMENT '关联子表的表名',
  `sub_table_fk_name` varchar(64) CHARACTER SET utf8mb4 COLLATE utf8mb4_general_ci NULL DEFAULT NULL COMMENT '子表关联的外键名',
  `class_name` varchar(100) CHARACTER SET utf8mb4 COLLATE utf8mb4_general_ci NULL DEFAULT '' COMMENT '实体类名称',
  `tpl_category` varchar(200) CHARACTER SET utf8mb4 COLLATE utf8mb4_general_ci NULL DEFAULT 'crud' COMMENT '使用的模板（crud单表操作 tree树表操作）',
  `package_name` varchar(100) CHARACTER SET utf8mb4 COLLATE utf8mb4_general_ci NULL DEFAULT NULL COMMENT '生成包路径',
  `module_name` varchar(30) CHARACTER SET utf8mb4 COLLATE utf8mb4_general_ci NULL DEFAULT NULL COMMENT '生成模块名',
  `business_name` varchar(30) CHARACTER SET utf8mb4 COLLATE utf8mb4_general_ci NULL DEFAULT NULL COMMENT '生成业务名',
  `function_name` varchar(50) CHARACTER SET utf8mb4 COLLATE utf8mb4_general_ci NULL DEFAULT NULL COMMENT '生成功能名',
  `function_author` varchar(50) CHARACTER SET utf8mb4 COLLATE utf8mb4_general_ci NULL DEFAULT NULL COMMENT '生成功能作者',
  `gen_type` char(1) CHARACTER SET utf8mb4 COLLATE utf8mb4_general_ci NULL DEFAULT '0' COMMENT '生成代码方式（0zip压缩包 1自定义路径）',
  `gen_path` varchar(200) CHARACTER SET utf8mb4 COLLATE utf8mb4_general_ci NULL DEFAULT '/' COMMENT '生成路径（不填默认项目路径）',
  `options` varchar(1000) CHARACTER SET utf8mb4 COLLATE utf8mb4_general_ci NULL DEFAULT NULL COMMENT '其它生成选项',
  `create_by` varchar(64) CHARACTER SET utf8mb4 COLLATE utf8mb4_general_ci NULL DEFAULT '' COMMENT '创建者',
  `create_time` datetime(0) NULL DEFAULT NULL COMMENT '创建时间',
  `update_by` varchar(64) CHARACTER SET utf8mb4 COLLATE utf8mb4_general_ci NULL DEFAULT '' COMMENT '更新者',
  `update_time` datetime(0) NULL DEFAULT NULL COMMENT '更新时间',
  `remark` varchar(500) CHARACTER SET utf8mb4 COLLATE utf8mb4_general_ci NULL DEFAULT NULL COMMENT '备注',
  PRIMARY KEY (`table_id`) USING BTREE
) ENGINE = InnoDB AUTO_INCREMENT = 6 CHARACTER SET = utf8mb4 COLLATE = utf8mb4_general_ci COMMENT = '代码生成业务表' ROW_FORMAT = Dynamic;

-- ----------------------------
-- Records of gen_table
-- ----------------------------
INSERT INTO `gen_table` VALUES (1, 'information', '资讯', NULL, NULL, 'Information', 'crud', 'com.ruoyi.plat', 'plat', 'information', '资讯', 'ruoyi', '0', '/', '{\"parentMenuId\":2006}', 'admin', '2023-04-25 22:41:45', '', '2023-04-26 11:32:56', NULL);
INSERT INTO `gen_table` VALUES (2, 'message', '消息用户表', NULL, NULL, 'Message', 'crud', 'com.ruoyi.plat', 'plat', 'message', '消息用户', 'yang', '0', '/', '{\"parentMenuId\":\"2006\"}', 'admin', '2023-04-25 22:41:45', '', '2023-04-26 14:30:16', NULL);
INSERT INTO `gen_table` VALUES (3, 'post', '帖子', NULL, NULL, 'Post', 'crud', 'com.ruoyi.plat', 'plat', 'post', '帖子', 'ruoyi', '0', '/', '{\"parentMenuId\":2006}', 'admin', '2023-04-25 22:41:45', '', '2023-04-26 10:08:35', NULL);
INSERT INTO `gen_table` VALUES (4, 'questions', '题目', NULL, NULL, 'Questions', 'crud', 'com.ruoyi.system', 'system', 'questions', '题目', 'ruoyi', '0', '/', NULL, 'admin', '2023-04-25 22:41:53', '', NULL, NULL);
INSERT INTO `gen_table` VALUES (5, 'user', '用户', NULL, NULL, 'User', 'crud', 'com.ruoyi.plat', 'plat', 'user', '用户', 'yang', '0', '/', '{\"parentMenuId\":2006}', 'admin', '2023-04-25 22:41:53', '', '2023-04-25 22:44:27', NULL);

-- ----------------------------
-- Table structure for gen_table_column
-- ----------------------------
DROP TABLE IF EXISTS `gen_table_column`;
CREATE TABLE `gen_table_column`  (
  `column_id` bigint(20) NOT NULL AUTO_INCREMENT COMMENT '编号',
  `table_id` varchar(64) CHARACTER SET utf8mb4 COLLATE utf8mb4_general_ci NULL DEFAULT NULL COMMENT '归属表编号',
  `column_name` varchar(200) CHARACTER SET utf8mb4 COLLATE utf8mb4_general_ci NULL DEFAULT NULL COMMENT '列名称',
  `column_comment` varchar(500) CHARACTER SET utf8mb4 COLLATE utf8mb4_general_ci NULL DEFAULT NULL COMMENT '列描述',
  `column_type` varchar(100) CHARACTER SET utf8mb4 COLLATE utf8mb4_general_ci NULL DEFAULT NULL COMMENT '列类型',
  `java_type` varchar(500) CHARACTER SET utf8mb4 COLLATE utf8mb4_general_ci NULL DEFAULT NULL COMMENT 'JAVA类型',
  `java_field` varchar(200) CHARACTER SET utf8mb4 COLLATE utf8mb4_general_ci NULL DEFAULT NULL COMMENT 'JAVA字段名',
  `is_pk` char(1) CHARACTER SET utf8mb4 COLLATE utf8mb4_general_ci NULL DEFAULT NULL COMMENT '是否主键（1是）',
  `is_increment` char(1) CHARACTER SET utf8mb4 COLLATE utf8mb4_general_ci NULL DEFAULT NULL COMMENT '是否自增（1是）',
  `is_required` char(1) CHARACTER SET utf8mb4 COLLATE utf8mb4_general_ci NULL DEFAULT NULL COMMENT '是否必填（1是）',
  `is_insert` char(1) CHARACTER SET utf8mb4 COLLATE utf8mb4_general_ci NULL DEFAULT NULL COMMENT '是否为插入字段（1是）',
  `is_edit` char(1) CHARACTER SET utf8mb4 COLLATE utf8mb4_general_ci NULL DEFAULT NULL COMMENT '是否编辑字段（1是）',
  `is_list` char(1) CHARACTER SET utf8mb4 COLLATE utf8mb4_general_ci NULL DEFAULT NULL COMMENT '是否列表字段（1是）',
  `is_query` char(1) CHARACTER SET utf8mb4 COLLATE utf8mb4_general_ci NULL DEFAULT NULL COMMENT '是否查询字段（1是）',
  `query_type` varchar(200) CHARACTER SET utf8mb4 COLLATE utf8mb4_general_ci NULL DEFAULT 'EQ' COMMENT '查询方式（等于、不等于、大于、小于、范围）',
  `html_type` varchar(200) CHARACTER SET utf8mb4 COLLATE utf8mb4_general_ci NULL DEFAULT NULL COMMENT '显示类型（文本框、文本域、下拉框、复选框、单选框、日期控件）',
  `dict_type` varchar(200) CHARACTER SET utf8mb4 COLLATE utf8mb4_general_ci NULL DEFAULT '' COMMENT '字典类型',
  `sort` int(11) NULL DEFAULT NULL COMMENT '排序',
  `create_by` varchar(64) CHARACTER SET utf8mb4 COLLATE utf8mb4_general_ci NULL DEFAULT '' COMMENT '创建者',
  `create_time` datetime(0) NULL DEFAULT NULL COMMENT '创建时间',
  `update_by` varchar(64) CHARACTER SET utf8mb4 COLLATE utf8mb4_general_ci NULL DEFAULT '' COMMENT '更新者',
  `update_time` datetime(0) NULL DEFAULT NULL COMMENT '更新时间',
  PRIMARY KEY (`column_id`) USING BTREE
) ENGINE = InnoDB AUTO_INCREMENT = 62 CHARACTER SET = utf8mb4 COLLATE = utf8mb4_general_ci COMMENT = '代码生成业务表字段' ROW_FORMAT = Dynamic;

-- ----------------------------
-- Records of gen_table_column
-- ----------------------------
INSERT INTO `gen_table_column` VALUES (1, '1', 'id', 'id', 'int', 'Long', 'id', '1', '1', NULL, '1', NULL, NULL, NULL, 'EQ', 'input', '', 1, 'admin', '2023-04-25 22:41:45', '', '2023-04-26 11:32:56');
INSERT INTO `gen_table_column` VALUES (2, '1', 'title', '标题', 'varchar(255)', 'String', 'title', '0', '0', NULL, '1', '1', '1', '1', 'EQ', 'input', '', 2, 'admin', '2023-04-25 22:41:45', '', '2023-04-26 11:32:56');
INSERT INTO `gen_table_column` VALUES (3, '1', 'putTime', '发表时间', 'date', 'Date', 'putTime', '0', '0', NULL, '1', '1', '1', '1', 'EQ', 'datetime', '', 3, 'admin', '2023-04-25 22:41:45', '', '2023-04-26 11:32:56');
INSERT INTO `gen_table_column` VALUES (4, '1', 'source', '来源', 'varchar(255)', 'String', 'source', '0', '0', NULL, '1', '1', '1', '1', 'EQ', 'input', '', 4, 'admin', '2023-04-25 22:41:45', '', '2023-04-26 11:32:56');
INSERT INTO `gen_table_column` VALUES (5, '1', 'content', '内容', 'text', 'String', 'content', '0', '0', NULL, '1', '1', '1', '1', 'EQ', 'editor', '', 5, 'admin', '2023-04-25 22:41:45', '', '2023-04-26 11:32:56');
INSERT INTO `gen_table_column` VALUES (6, '1', 'link', '链接', 'varchar(255)', 'String', 'link', '0', '0', NULL, '1', '1', '1', '1', 'EQ', 'input', '', 6, 'admin', '2023-04-25 22:41:45', '', '2023-04-26 11:32:56');
INSERT INTO `gen_table_column` VALUES (7, '1', 'photo', '图片链接', 'varchar(255)', 'String', 'photo', '0', '0', NULL, '1', '1', '1', '1', 'EQ', 'input', '', 7, 'admin', '2023-04-25 22:41:45', '', '2023-04-26 11:32:56');
INSERT INTO `gen_table_column` VALUES (8, '1', 'type', '是否删除', 'tinyint', 'Long', 'type', '0', '0', '1', '1', '1', '1', '1', 'EQ', 'select', '', 8, 'admin', '2023-04-25 22:41:45', '', '2023-04-26 11:32:56');
INSERT INTO `gen_table_column` VALUES (9, '2', 'id', 'id', 'bigint', 'Long', 'id', '1', '1', NULL, '1', NULL, NULL, NULL, 'EQ', 'input', '', 1, 'admin', '2023-04-25 22:41:45', '', '2023-04-26 14:30:16');
INSERT INTO `gen_table_column` VALUES (10, '2', 'title', '标题', 'varchar(255)', 'String', 'title', '0', '0', NULL, '1', '1', '1', '1', 'EQ', 'input', '', 2, 'admin', '2023-04-25 22:41:45', '', '2023-04-26 14:30:16');
INSERT INTO `gen_table_column` VALUES (11, '2', 'content', '正文', 'text', 'String', 'content', '0', '0', NULL, '1', '1', '1', '1', 'EQ', 'editor', '', 3, 'admin', '2023-04-25 22:41:45', '', '2023-04-26 14:30:16');
INSERT INTO `gen_table_column` VALUES (12, '2', 'type', '0-点赞，收藏 1-系统 2-反馈 3-评论  4-举报', 'tinyint', 'Long', 'type', '0', '0', NULL, '1', '1', '1', '1', 'EQ', 'select', '', 4, 'admin', '2023-04-25 22:41:45', '', '2023-04-26 14:30:16');
INSERT INTO `gen_table_column` VALUES (13, '2', 'postId', '帖子id', 'tinyint', 'Long', 'postId', '0', '0', NULL, '1', '1', '1', '1', 'EQ', 'input', '', 5, 'admin', '2023-04-25 22:41:45', '', '2023-04-26 14:30:16');
INSERT INTO `gen_table_column` VALUES (14, '2', 'createId', '发送人ID 外键#sys_user#', 'bigint', 'Long', 'createId', '0', '0', NULL, '1', '1', '1', '1', 'EQ', 'input', '', 6, 'admin', '2023-04-25 22:41:45', '', '2023-04-26 14:30:16');
INSERT INTO `gen_table_column` VALUES (15, '2', 'createTime', '创建时间', 'datetime', 'Date', 'createTime', '0', '0', NULL, '0', '0', '0', '0', 'EQ', 'datetime', '', 7, 'admin', '2023-04-25 22:41:45', '', '2023-04-26 14:30:16');
INSERT INTO `gen_table_column` VALUES (16, '2', 'updateTime', '更新时间', 'datetime', 'Date', 'updateTime', '0', '0', NULL, '0', '0', '0', '0', 'EQ', 'datetime', '', 8, 'admin', '2023-04-25 22:41:45', '', '2023-04-26 14:30:16');
INSERT INTO `gen_table_column` VALUES (17, '2', 'isDelete', '是否删除', 'tinyint', 'Long', 'isDelete', '0', '0', '1', '0', '0', '0', '0', 'EQ', 'input', '', 9, 'admin', '2023-04-25 22:41:45', '', '2023-04-26 14:30:16');
INSERT INTO `gen_table_column` VALUES (18, '2', 'deal', '是否处理（管理员）0-已处理   1-未处理', 'tinyint', 'Long', 'deal', '0', '0', NULL, '1', '1', '1', '1', 'EQ', 'input', '', 10, 'admin', '2023-04-25 22:41:45', '', '2023-04-26 14:30:16');
INSERT INTO `gen_table_column` VALUES (19, '2', 'quesId', '题目id', 'tinyint', 'Long', 'quesId', '0', '0', NULL, '1', '1', '1', '1', 'EQ', 'input', '', 11, 'admin', '2023-04-25 22:41:45', '', '2023-04-26 14:30:16');
INSERT INTO `gen_table_column` VALUES (20, '3', 'id', 'id', 'bigint', 'Long', 'id', '1', '1', NULL, '1', NULL, NULL, NULL, 'EQ', 'input', '', 1, 'admin', '2023-04-25 22:41:45', '', '2023-04-26 10:08:35');
INSERT INTO `gen_table_column` VALUES (21, '3', 'description', '描述', 'text', 'String', 'description', '0', '0', NULL, '1', '1', '1', '1', 'EQ', 'textarea', '', 2, 'admin', '2023-04-25 22:41:45', '', '2023-04-26 10:08:35');
INSERT INTO `gen_table_column` VALUES (22, '3', 'content', '内容', 'text', 'String', 'content', '0', '0', NULL, '1', '1', '1', '1', 'EQ', 'textarea', '', 3, 'admin', '2023-04-25 22:41:45', '', '2023-04-26 10:08:35');
INSERT INTO `gen_table_column` VALUES (23, '3', 'photo', '照片地址', 'varchar(1024)', 'String', 'photo', '0', '0', NULL, '1', '1', '1', '1', 'EQ', 'textarea', '', 4, 'admin', '2023-04-25 22:41:45', '', '2023-04-26 10:08:35');
INSERT INTO `gen_table_column` VALUES (24, '3', 'reviewStatus', '状态（0-待审核, 1-通过, 2-拒绝）', 'int', 'Long', 'reviewStatus', '0', '0', '1', '1', '1', '1', '1', 'EQ', 'radio', '', 5, 'admin', '2023-04-25 22:41:45', '', '2023-04-26 10:08:35');
INSERT INTO `gen_table_column` VALUES (25, '3', 'reviewMessage', '审核信息', 'varchar(512)', 'String', 'reviewMessage', '0', '0', NULL, '1', '1', '1', '1', 'EQ', 'textarea', '', 6, 'admin', '2023-04-25 22:41:45', '', '2023-04-26 10:08:35');
INSERT INTO `gen_table_column` VALUES (26, '3', 'collectNum', '收藏数', 'int', 'Long', 'collectNum', '0', '0', '1', '1', '1', '1', '1', 'EQ', 'input', '', 7, 'admin', '2023-04-25 22:41:45', '', '2023-04-26 10:08:35');
INSERT INTO `gen_table_column` VALUES (27, '3', 'commentNum', '评论数', 'int', 'Long', 'commentNum', '0', '0', '1', '0', '0', '0', '0', 'EQ', 'input', '', 8, 'admin', '2023-04-25 22:41:45', '', '2023-04-26 10:08:35');
INSERT INTO `gen_table_column` VALUES (28, '3', 'thumbNum', '点赞数', 'int', 'Long', 'thumbNum', '0', '0', '1', '0', '0', '0', '0', 'EQ', 'input', '', 9, 'admin', '2023-04-25 22:41:45', '', '2023-04-26 10:08:35');
INSERT INTO `gen_table_column` VALUES (29, '3', 'tags', '标签--json数组', 'varchar(255)', 'String', 'tags', '0', '0', '1', '0', '0', '0', '0', 'EQ', 'input', '', 10, 'admin', '2023-04-25 22:41:45', '', '2023-04-26 10:08:35');
INSERT INTO `gen_table_column` VALUES (30, '3', 'userId', '创建用户 id', 'bigint', 'Long', 'userId', '0', '0', '1', '1', '1', '1', '1', 'EQ', 'input', '', 11, 'admin', '2023-04-25 22:41:45', '', '2023-04-26 10:08:35');
INSERT INTO `gen_table_column` VALUES (31, '3', 'createTime', '创建时间', 'datetime', 'Date', 'createTime', '0', '0', '1', '0', '0', '0', '0', 'EQ', 'datetime', '', 12, 'admin', '2023-04-25 22:41:45', '', '2023-04-26 10:08:35');
INSERT INTO `gen_table_column` VALUES (32, '3', 'updateTime', '更新时间', 'datetime', 'Date', 'updateTime', '0', '0', '1', '0', '0', '0', '0', 'EQ', 'datetime', '', 13, 'admin', '2023-04-25 22:41:45', '', '2023-04-26 10:08:35');
INSERT INTO `gen_table_column` VALUES (33, '3', 'isDelete', '是否删除', 'tinyint', 'Long', 'isDelete', '0', '0', '1', '0', '0', '0', '0', 'EQ', 'input', '', 14, 'admin', '2023-04-25 22:41:45', '', '2023-04-26 10:08:35');
INSERT INTO `gen_table_column` VALUES (34, '3', 'title', '标题', 'varchar(255)', 'String', 'title', '0', '0', '1', '1', '1', '1', '1', 'EQ', 'input', '', 15, 'admin', '2023-04-25 22:41:45', '', '2023-04-26 10:08:35');
INSERT INTO `gen_table_column` VALUES (35, '4', 'id', 'id', 'bigint', 'Long', 'id', '1', '1', NULL, '1', NULL, NULL, NULL, 'EQ', 'input', '', 1, 'admin', '2023-04-25 22:41:53', '', NULL);
INSERT INTO `gen_table_column` VALUES (36, '4', 'content', '题目内容', 'text', 'String', 'content', '0', '0', '1', '1', '1', '1', '1', 'EQ', 'editor', '', 2, 'admin', '2023-04-25 22:41:53', '', NULL);
INSERT INTO `gen_table_column` VALUES (37, '4', 'optionA', '选项A', 'text', 'String', 'optionA', '0', '0', '1', '1', '1', '1', '1', 'EQ', 'textarea', '', 3, 'admin', '2023-04-25 22:41:53', '', NULL);
INSERT INTO `gen_table_column` VALUES (38, '4', 'optionB', '选项B', 'text', 'String', 'optionB', '0', '0', '1', '1', '1', '1', '1', 'EQ', 'textarea', '', 4, 'admin', '2023-04-25 22:41:53', '', NULL);
INSERT INTO `gen_table_column` VALUES (39, '4', 'optionC', '选项C', 'text', 'String', 'optionC', '0', '0', NULL, '1', '1', '1', '1', 'EQ', 'textarea', '', 5, 'admin', '2023-04-25 22:41:53', '', NULL);
INSERT INTO `gen_table_column` VALUES (40, '4', 'optionD', '选项D', 'text', 'String', 'optionD', '0', '0', NULL, '1', '1', '1', '1', 'EQ', 'textarea', '', 6, 'admin', '2023-04-25 22:41:53', '', NULL);
INSERT INTO `gen_table_column` VALUES (41, '4', 'correct', '正确选项', 'varchar(512)', 'String', 'correct', '0', '0', '1', '1', '1', '1', '1', 'EQ', 'textarea', '', 7, 'admin', '2023-04-25 22:41:53', '', NULL);
INSERT INTO `gen_table_column` VALUES (42, '4', 'type', '题型  0-单选 1-多选 2-判断', 'tinyint', 'Long', 'type', '0', '0', '1', '1', '1', '1', '1', 'EQ', 'select', '', 8, 'admin', '2023-04-25 22:41:53', '', NULL);
INSERT INTO `gen_table_column` VALUES (43, '4', 'createTime', '创建时间', 'datetime', 'Date', 'createTime', '0', '0', '1', '1', '1', '1', '1', 'EQ', 'datetime', '', 9, 'admin', '2023-04-25 22:41:53', '', NULL);
INSERT INTO `gen_table_column` VALUES (44, '4', 'updateTime', '更新时间', 'datetime', 'Date', 'updateTime', '0', '0', '1', '1', '1', '1', '1', 'EQ', 'datetime', '', 10, 'admin', '2023-04-25 22:41:53', '', NULL);
INSERT INTO `gen_table_column` VALUES (45, '4', 'isDelete', '是否删除', 'tinyint', 'Long', 'isDelete', '0', '0', '1', '1', '1', '1', '1', 'EQ', 'input', '', 11, 'admin', '2023-04-25 22:41:53', '', NULL);
INSERT INTO `gen_table_column` VALUES (46, '5', 'username', '用户昵称', 'varchar(256)', 'String', 'username', '0', '0', NULL, '1', '1', '1', '1', 'LIKE', 'input', '', 1, 'admin', '2023-04-25 22:41:53', '', '2023-04-25 22:44:27');
INSERT INTO `gen_table_column` VALUES (47, '5', 'id', 'id', 'bigint', 'Long', 'id', '1', '1', NULL, '1', NULL, NULL, NULL, 'EQ', 'input', '', 2, 'admin', '2023-04-25 22:41:53', '', '2023-04-25 22:44:27');
INSERT INTO `gen_table_column` VALUES (48, '5', 'email', '邮箱', 'varchar(512)', 'String', 'email', '0', '0', NULL, '1', '1', '1', '1', 'EQ', 'textarea', '', 3, 'admin', '2023-04-25 22:41:53', '', '2023-04-25 22:44:27');
INSERT INTO `gen_table_column` VALUES (49, '5', 'avatarUrl', '用户头像', 'varchar(1024)', 'String', 'avatarUrl', '0', '0', NULL, '1', '1', '1', '1', 'EQ', 'textarea', '', 4, 'admin', '2023-04-25 22:41:53', '', '2023-04-25 22:44:27');
INSERT INTO `gen_table_column` VALUES (50, '5', 'gender', '性别 0-男  1-女', 'tinyint', 'Long', 'gender', '0', '0', NULL, '1', '1', '1', '1', 'EQ', 'input', '', 5, 'admin', '2023-04-25 22:41:53', '', '2023-04-25 22:44:27');
INSERT INTO `gen_table_column` VALUES (51, '5', 'birthday', '生日', 'datetime', 'Date', 'birthday', '0', '0', NULL, '1', '1', '1', '1', 'EQ', 'datetime', '', 6, 'admin', '2023-04-25 22:41:53', '', '2023-04-25 22:44:27');
INSERT INTO `gen_table_column` VALUES (52, '5', 'userPassword', '密码', 'varchar(512)', 'String', 'userPassword', '0', '0', NULL, '1', '1', '1', '1', 'EQ', 'textarea', '', 7, 'admin', '2023-04-25 22:41:53', '', '2023-04-25 22:44:27');
INSERT INTO `gen_table_column` VALUES (53, '5', 'phone', '电话', 'varchar(128)', 'String', 'phone', '0', '0', NULL, '1', '1', '1', '1', 'EQ', 'input', '', 8, 'admin', '2023-04-25 22:41:53', '', '2023-04-25 22:44:27');
INSERT INTO `gen_table_column` VALUES (54, '5', 'userStatus', '状态 0 - 正常  1-封号', 'int', 'Long', 'userStatus', '0', '0', '1', '1', '1', '1', '1', 'EQ', 'radio', '', 9, 'admin', '2023-04-25 22:41:53', '', '2023-04-25 22:44:27');
INSERT INTO `gen_table_column` VALUES (55, '5', 'createTime', '创建时间', 'datetime', 'Date', 'createTime', '0', '0', NULL, '0', '0', '0', '0', 'EQ', 'datetime', '', 10, 'admin', '2023-04-25 22:41:53', '', '2023-04-25 22:44:27');
INSERT INTO `gen_table_column` VALUES (56, '5', 'updateTime', NULL, 'datetime', 'Date', 'updateTime', '0', '0', NULL, '0', '0', '0', '0', 'EQ', 'datetime', '', 11, 'admin', '2023-04-25 22:41:53', '', '2023-04-25 22:44:27');
INSERT INTO `gen_table_column` VALUES (57, '5', 'isDelete', '是否删除', 'tinyint', 'Long', 'isDelete', '0', '0', '1', '0', '0', '0', '0', 'EQ', 'input', '', 12, 'admin', '2023-04-25 22:41:53', '', '2023-04-25 22:44:27');
INSERT INTO `gen_table_column` VALUES (58, '5', 'userRole', '用户角色 0 - 普通用户 1 - 管理员', 'int', 'Long', 'userRole', '0', '0', '1', '0', '0', '0', '0', 'EQ', 'input', '', 13, 'admin', '2023-04-25 22:41:53', '', '2023-04-25 22:44:27');
INSERT INTO `gen_table_column` VALUES (59, '5', 'profile', '个人简介', 'varchar(512)', 'String', 'profile', '0', '0', NULL, '0', '0', '0', '0', 'EQ', 'textarea', '', 14, 'admin', '2023-04-25 22:41:53', '', '2023-04-25 22:44:27');
INSERT INTO `gen_table_column` VALUES (60, '5', 'questionNum', '做题数', 'int', 'Long', 'questionNum', '0', '0', '1', '0', '0', '0', '0', 'EQ', 'input', '', 15, 'admin', '2023-04-25 22:41:53', '', '2023-04-25 22:44:27');
INSERT INTO `gen_table_column` VALUES (61, '5', 'correctNum', '正确数', 'int', 'Long', 'correctNum', '0', '0', '1', '0', '0', '0', '0', 'EQ', 'input', '', 16, 'admin', '2023-04-25 22:41:53', '', '2023-04-25 22:44:27');

-- ----------------------------
-- Table structure for information
-- ----------------------------
DROP TABLE IF EXISTS `information`;
CREATE TABLE `information`  (
  `id` int(11) NOT NULL AUTO_INCREMENT COMMENT 'id',
  `title` varchar(255) CHARACTER SET utf8mb4 COLLATE utf8mb4_general_ci NULL DEFAULT NULL COMMENT '标题',
  `putTime` date NULL DEFAULT NULL COMMENT '发表时间',
  `source` varchar(255) CHARACTER SET utf8mb4 COLLATE utf8mb4_general_ci NULL DEFAULT NULL COMMENT '来源',
  `content` text CHARACTER SET utf8mb4 COLLATE utf8mb4_general_ci NULL COMMENT '内容',
  `link` varchar(255) CHARACTER SET utf8mb4 COLLATE utf8mb4_general_ci NULL DEFAULT NULL COMMENT '链接',
  `photo` varchar(255) CHARACTER SET utf8mb4 COLLATE utf8mb4_general_ci NULL DEFAULT NULL COMMENT '图片链接',
  `type` tinyint(4) NOT NULL DEFAULT 0 COMMENT '是否删除',
  PRIMARY KEY (`id`) USING BTREE
) ENGINE = InnoDB AUTO_INCREMENT = 111 CHARACTER SET = utf8mb4 COLLATE = utf8mb4_general_ci ROW_FORMAT = Dynamic;

-- ----------------------------
-- Records of information
-- ----------------------------
INSERT INTO `information` VALUES (1, '利用虚拟产品专割粉丝“韭菜”一夜暴富终是黄粱一梦', '2021-09-29', '法制日报', '□本报记者邓君\n□本报通讯员欧汉华\n近年来，区块链概念受到各种追捧，但也被一些不法分子利用，他们打着区块链旗号发行所谓的虚拟产品行诈骗之实。\n2020年6月23日，广东揭阳警方派出一百多名警力奔赴全国各地开展收网行动，成功破获一宗区块链电信网络诈骗案，共抓获涉案人员38名，查处两个涉案App，扣押手机、电脑、银行卡等涉案物品一批，涉案金额逾1000万元。今年4月16日，该案被移送广州市天河区检察院审查起诉。\n2020年4月，广东省公安厅网警总队在工作中发现一个利用区块链技术实施电信诈骗线索，遂下发揭阳市公安局侦办，后来该案指定由空港分局主侦主办。空港分局立即成立专案组展开侦查。\n警方调查发现，该犯罪团伙打着区块链旗号，四处宣扬“我爸是区块链”，研发设计“乐某鼠”App，发行所谓类似比特币的虚拟产品，发布“半年不开张，开张吃半年”的虚假言论，利用粉丝们渴望“一夜暴富”的心态敛财，背地里“割韭菜”，行诈骗之实。仅玩家曾某湖、吴某柱、邱某亮等人就报警称被骗人民币共计130多万元。\n鉴于该案是一种新型犯罪形式，为保障能够顺利深挖扩线，专案组派专门力量与省、市网警等部门联合行动。为快速推进案件侦办，专案组民警通过对“乐某鼠”App海量数据分析，初步确定该案系多人实施的团伙诈骗案件，且掌握了部分犯罪证据。\n随着调查的深入，专案组逐渐摸清该团伙架构运作模式。该团伙主要根据客户需求开发设计App，形成产品出售给下游人员实施诈骗活动。下游实施诈骗的主要成员共10人，其中8人有涉嫌传销或非法集资犯罪等前科。诈骗活动涉及人员多、地域广，遍布黑龙江、河南、山东、安徽等地。\n由于案件情况复杂，涉及区域广、涉案人数多，专案组整合信息资源、打破技术壁垒，对相关信息进行深度追踪，集中力量开展打链条、摧源头、端窝点工作。\n警方发现，主营App软件开发的广州某科技公司，是2019年2月由张某铭、林某委、陈某楷、袁某栋融资注册成立的。负责技术的张某铭拉起团队，由“业务骨干”赵某帆及“下线”崔某伟、王某川对公司开发的多个App规避平台审核进行上架、使用操作。\n2019年3月，于某、黄某等人上门订货。当时，犯罪嫌疑人于某联系了张某铭，以26800元的价格定制App，该App由张某铭通过网络下载的App进行修改并在后台添加验证程序和修改各种不同型号老鼠图片，最终将软件命名为“乐某鼠”App，软件未经相关部门授权审批运营。随后，于某、黄某、吴某以投资高回报为诱饵，吸引网友投资网络虚拟“老鼠”，并从中获利。\n“乐某鼠”App主要是通过消耗一定的“大米”，投资网络虚拟宠物“老鼠”后出售获利。玩家用手机号码注册为“乐某鼠”的会员后，在每天规定的时间可以抢“老鼠”，抢到“老鼠”通过扫码付款给卖家就可以买到“老鼠”，买到的“老鼠”根据不同的饲养天数饲养后，出售给其他玩家就可以获得一定收益。\n于某通过出售“乐某鼠”App原始生成的“老鼠”“大米”和推广App提成获利共约5万元。据于某介绍，他可以通过登录后台指定“老鼠”由特定的人购买，并将后台的登录账号和密码发给黄某，让其登录后台掌握每天的玩家和“老鼠”数据，让主要成员了解供求关系，方便“调节”。\n主要负责“乐某鼠”App推广的黄某通过在互联网发送获利信息和发红包的方式，诱惑玩家注册投资“乐某鼠”App，通过推广提成和售卖“老鼠”获利约20万元。同伙吴某则声称该App是其朋友在运营，能够掌握玩家和“老鼠”的相关数据，让玩家放心投资。吴某通过推广和买卖“老鼠”获利约30万元。\n与广州某科技公司有业务往来的，还有彭某等人。他们通过该公司开发销售“趣某赞”区块链产品App，供不法分子“零撸”诈骗。“零撸”不需要投资但是要邀请朋友进来，邀请越多，挣到的钱提现的手续费就会越少。然而，当你开始邀请朋友进来时，你就已经上当了。\n彭某等人按照以“零撸”拉人头注册后给予推广人员分佣的方式，欺骗引导注册人员使用“趣某赞”App，以注册登录为任务免费得“趣豆”，也可购买等“升值”。只不过，升值贬值全操纵在彭某团伙人员手中。他们可随意调节“趣豆”价格，修改系统后台数据，从而达到非法占有骗取注册人员投入资金购买“趣豆”的目的。区块链的概念，着实吸引了不少人参与。至被查获时，彭某与黄某、沈某儒等人共骗得人民币8万余元。\n随着专案组的调查深入，犯罪团伙成员逐个浮出水面，该团伙作案手法、成员分工、资金流向逐步被摸清，成员位置、多个犯罪窝点也被成功锁定。\n2020年6月23日，收网时机成熟，揭阳市公安局抽调特警、网警配合空港分局展开抓捕行动，全市共出动147余名精干警力实施抓捕。\n当天14时左右，随着前线指挥部一声令下，各抓捕组快速出动，成功在全国各地抓获嫌疑人38人，查处涉案App两个，共扣押涉案手机71台、电脑37台、银行卡84张、POS机一台，合同138份，涉案金额1000多万元，实现“零漏网”全链条打击。\n', 'http://cyberpolice.mps.gov.cn/wfjb/html/bgl/20210929/4739.shtml', NULL, 1);
INSERT INTO `information` VALUES (2, '5人网上开设赌场被判刑', '2021-09-29', '法制网', '近日，由黑龙江省大箐山县人民检察院提起公诉的鄢某等5人开设赌场案一审宣判，被告人鄢某因开设赌场罪被判处有期徒刑5年，其他4名被告人分别被判处有期徒刑1年6个月至2年。\n2020年8月份，鄢某在互联网上玩赌博游戏时，被招募为赌博游戏平台的代理。为牟取非法利益，鄢某出资购买电脑和手机等作案工具并成立工作室，先后雇佣王某、胡某、陈某某、李某等人，通过微信转账方式与参赌玩家进行交易，为参赌人员进行上分充值及下分结算兑现，赌资数额累计达180余万元。（李艳萍）\n', 'http://cyberpolice.mps.gov.cn/wfjb/html/bgl/20210929/4740.shtml', NULL, 0);
INSERT INTO `information` VALUES (3, '网络赌博输钱竟报警求助自投罗网者被公安机关行拘', '2019-06-06', '汕头市公安局', '在澄海区莲下镇一模具厂打工的21岁河南人梅某平企图“暴富”参与了网络赌博，最终却赌输了十多万元，不知赌博违法的他还认为自己遭遇了“网络诈骗”而向公安机关报警求助，希望能讨还赌款。结果，涉嫌赌博违法行为的梅某平被公安机关依法处以行政拘留。\n近日，澄海莲下边防派出所接到梅某平报警称，其在网上一平台参与赌博，被骗人民币15万元。经调查，梅某平自2018年11月起，在网上下载了“华*彩票”App手机软件，并在该平台参与起了网络赌博，梅某平以赌大小的方式，每次下注1000至5000元，平时总是输多赢少，赢了一点点又全部输光，参与赌资约21万元，最终输了15万元。于是，赌输了钱的梅某平认为该赌博软件诈骗，遂向公安机关报警想讨还赌款。\n最终，梅某平因为在互联网上参与赌博，已违反了《中华人民共和国治安管理处罚法》第七十条规定，构成赌博违法，被公安机关依法给予行政拘留。目前，案件正在进一步调查处理。\n据了解，《中华人民共和国治安管理处罚法》第七十条规定，以营利为目的，为赌博提供条件的，或者参与赌博赌资较大的，处五日以下拘留或者五百元以下罚款；情节严重的，处十日以上十五日以下拘留，并处五百元以上三千元以下罚款。\n', 'http://cyberpolice.mps.gov.cn/wfjb/html/bgl/20190606/4610.shtml', NULL, 0);
INSERT INTO `information` VALUES (4, '腾讯安全发现一黑客团伙操控多个木马病毒家族', '2019-05-23', '新华网', '新华网天津4月30日电（记者周润健）29日，腾讯安全御见威胁情报中心发布消息称，近日通过对幽虫、独狼、双枪、紫狐、贪狼等多个病毒木马家族的技术特点、病毒代码的同源性、托管等线索进行多维度综合分析发现，这5个在国内持续活跃、影响恶劣的病毒家族，背后实际上由同一个黑客组织操控。这意味着一个以锁定浏览器、刷量、挖矿、静默安装软件为主要牟利手段、病毒木马“势力”盘根错节的黑客团伙即将走到尽头。\n从2018年初至今，国内多家安全厂商曾先后发现幽虫、独狼、双枪、紫狐、贪狼等多个病毒木马家族，这些病毒主要利用盗版Ghost系统、激活破解工具、热门游戏外挂等渠道传播，在用户电脑上安装Rootkit后门，然后通过云端控制下载木马、强制安装互联网软件、篡改锁定用户浏览器、刷量、挖矿等多种主流黑产变现手段牟利，对广大网友的财产及信息安全造成严重威胁。\n据腾讯安全技术专家介绍，自诞生之日起，这个超大的病毒团伙就与国内众多杀毒厂商斗智斗勇，一个团伙在安全软件联合打击下消退，很快就有一个新的团伙取而代之。数据显示，该类病毒在去年7至8月最为活跃，日均感染用户高达3000至4000万，至今仍有超过200万台电脑被其控制。同时，受害者分布全国各地。\n记者了解到，此次该病毒团伙能够现形，腾讯安全大脑在其中发挥了积极价值。腾讯安全大脑依托腾讯近20年安全经验积累，融合AI、大数据、移动互联网、云计算等新兴技术，整合腾讯安全联合实验室和众多安全专家的顶尖技术能力，对海量安全数据进行收集、分析、处理，从而提供安全态势感知、溯源分析、风险趋势预测、智能化辅助决策、安全协同处置等智慧安全能力，是腾讯安全着力打造智慧安全的核心引擎。\n', 'http://cyberpolice.mps.gov.cn/wfjb/html/bgl/20190523/4603.shtml', NULL, 0);
INSERT INTO `information` VALUES (5, '京津冀三地公安机关建立移动互联网治理联动机制', '2019-05-10', '国家计算机病毒应急处理中心', '为全面加强京津冀地区移动互联网应用安全治理工作，依法有力打击网络黑产和网络犯罪，为广大网民营造健康、安全的网络环境，“移动互联网应用安全治理暨京津冀警务协同处置会议”29日召开。\n此次会议标志着京津冀移动互联网整治工作已进入区域化协同治理阶段，三地公安机关将以此为契机，加强资源整合和信息共享，形成工作合力，进一步深入开展移动互联网治理，促进京津冀一体化协同发展。\n当前，我国移动互联网仍处于快速发展阶段，各种新业务、新业态不断涌现，移动App在个人信息收集和使用等方面仍存在很多乱象。强制授权、过度索权、超范围收集个人信息的现象大量存在，违法违规使用个人信息的问题突出，因个人信息泄露、垃圾信息、诈骗信息等导致的经济损失巨大。应用服务提供商仍存在安全检测和风险评估、信息安全管理义务、个人信息保护义务不到位等问题。\n近年来，公安机关按照依法管网、以人管网、技术管网、综合管网的要求，大力加强互联网安全管理，压实互联网企业安全主体责任，依法查处违规违法企业3.4万余家次，下架违法违规或安全风险突出的App3.6万余款、不落实实名制度的App180万款。\n为全面加强京津冀地区移动互联网应用安全治理警务协同处置，北京、天津、河北省三地公安机关网安部门将以京津冀协同发展为总体思路，建立移动互联网安全治理联动机制，在本地移动互联网资源基础上，发挥区域治理优势，协作共进、联勤联动、形成合力，共同整治京津冀移动互联网乱象，为三地共同治理移动互联网提供有力保障。\n会上，国家移动互联网应用安全管理中心、北京网络行业协会联合App分发平台和安全厂商共同发起互联网行业自律，并举行行业自律签字仪式。\n受公安部网安局委托，国家计算机应急处理中心负责承担全国移动App的安全监测与下架处置工作，不断加强和完善App隐私治理与监管，目前已建成国家级违法违规App监测预警处置平台，实现了从公安部、省级网安部门到应用商店的扁平化快速处置机制。国家移动互联网应用安全管理中心提供对App的安全检测服务，包括实名核验服务、App安全检测服务、个人信息安全审核等，大大降低了问题App的上架几率，对App的管理提供了有力的技术支撑。\n下一步，公安机关将以净化整治移动互联网环境为重点，从严加强网络自媒体、网络社交和即时通信服务的安全整治，深入推进网络黑产打击整治，开展侵犯个人信息专项治理，全面推进网络社会综合治理体系和治理能力建设。\n此次会议由公安部网络安全保卫局指导，北京市公安局、天津市公安局、河北省公安厅主办，国家计算机病毒应急处理中心、国家移动互联网应用安全管理中心、北京网络行业协会共同承办。\n', 'http://cyberpolice.mps.gov.cn/wfjb/html/bgl/20190510/4598.shtml', NULL, 0);
INSERT INTO `information` VALUES (6, '「净网2019」严查！这些网站、APP涉黄，竟还传播儿童色情视频', '2019-04-26', '平凉网警巡查执法', '今年1至3月，全国共立案查处“扫黄打非”案件1079起，其中刑事案件130余起，涉网络案件541起。\n全国“扫黄打非”办公室负责同志介绍，淫秽色情信息是当前打击重点，一季度，“扫黄打非”部门从严整治利用网络直播、短视频、网络文学、社交群组、“两微一端”等平台传播淫秽色情信息行为，坚决查办了一大批网络制黄、贩黄、传黄案件。\n全国“扫黄打非”办公室通报6起典型案件\n4月18日，全国“扫黄打非”办公室选择“净网”“护苗”行动中6起查办取得重要进展、已办结或侦查终结的典型案件进行通报，曝光相关案情，震慑不法分子，警醒行业经营者和从业者。\n典型案件一：浙江丽水李某某、陈某某等人制作传播淫秽物品牟利案\n2019年4月，丽水市专案组查清全部案情，陆续抓获犯罪嫌疑人8名，包括自导自演制售淫秽视频的主犯李某某和陈某某；缴获淫秽视频10余万部，查明涉案金额700余万元。案件由丽水市公安局经济开发区分局于2018年11月根据群众报案立案侦办。\n经查，2016年至2017年期间，李某某伙同陈某某以“仓本C仔、内裤哥、91校长”等名义，拍摄淫秽视频进行销售。自2017年10月起，李某某伙同陈某某、陈某、林某某等人租用境外服务器，开设91B1淫秽网站，以出售会员、充值VIP等形式获利。赵某某、朱某某等人拍摄淫秽视频进行加密后，上传至网盘，再通过91B1网站出售。该案共传播淫秽视频10万余部，购买人员达10万余人，分布在各地及境外地区。2018年年底，专案组先后在广东、河北等地抓获李某某、陈某某等4名主犯。近期，专案组在山东、湖南、广西等地抓获赵某某、朱某某等4人。\n典型案件二：广东深圳“快妖精”短视频APP传播淫秽物品牟利案\n2019年3月，深圳龙岗公安机关侦破该案，铲除一个规模庞大的涉黄短视频平台，查获11万部淫秽短视频，刑事拘留26人。\n经查，“快妖精”APP自称“成人版抖音”，自2018年10月上线以来，页面及浏览方式均模仿“抖音”，但只传播淫秽色情短视频。运营者还推出奖励措施，奖励向平台上传淫秽视频的用户。截至案发，注册用户近300万，有1000多名用户存在上传淫秽视频行为。运营团伙通过收取赌博网站广告费、参与分红、自建赌博网站操纵赌局、收割赌资等方式，获利超千万元。3月23日，深圳龙岗警方在全国15个地市展开收网，抓获犯罪嫌疑人26名，包括技术开发、软件运营及部分传播淫秽视频的活跃用户等。目前，该APP被依法查封，案件在进一步深挖中。\n典型案件三：广西贵港“6·29”传播淫秽物品牟利案\n2019年2月，该案移送检察机关审查起诉。2018年6月，贵港市公安机关巡查发现辖区内某网民涉嫌传播淫秽视频线索，遂立案侦查。\n经查，上述网民系“Pymai”淫秽视频网站的总代理兼客服，该网站管理团队分工明确，组织严密，团伙主要成员十多人，下线代理100多人，涉及全国20个省份及马来西亚、新加坡等国家。团伙通过网站和微信群组结合的作案方式，已发展会员5万余人，涉案金额1300余万元。2018年底，专案组开展统一抓捕行动，陆续抓获犯罪嫌疑人16人，贾某等14人被依法逮捕，扣押服务器存储的淫秽色情视频5万余部，捣毁用于传播淫秽色情信息的工作室3个。\n典型案件四：上海长宁“樱桃直播”APP传播淫秽物品案\n2019年1月，上海市公安局长宁分局网络巡查发现苹果手机应用商店内有部分涉黄APP，其中“樱桃直播”APP最为热门。\n经查，该APP内有数百名女主播从事淫秽表演和传播淫秽视频等活动，观看人数数万人，涉案资金上百万元。长宁公安分局专案组经前期侦察、证据固定等大量工作后，前往重庆、湖南、广东等多地实施抓捕，目前，成功抓捕涉案人员43名，均已刑事拘留，案件在进一步侦办中。\n典型案件五：安徽六安叶集“8·19”传播涉未成年人淫秽视频案\n2019年3月，该案已由检察机关提起公诉。2018年8月，六安市公安机关在工作中发现，名为“正太社区”的网站传播淫秽视频及图片。\n经查，该网站建立者为齐某某，服务器在国外，有注册会员3000余人，网站上有淫秽视频2000余部、图片8000余张，部分视频和图片涉及未成年人。公安机关共抓获齐某某等犯罪嫌疑人3名。\n典型案件六：山东聊城“萌妹子”论坛传播儿童色情视频牟利案\n2018年8月，根据全国“扫黄打非”办公室转办线索，聊城市和阳谷县公安机关迅速开展侦查，破获该案，抓获主要犯罪嫌疑人刘某。\n经查，2017年7月以来，刘某通过江苏连云港某网络科技公司租用一台境外服务器，建立“萌妹子”论坛贩卖、传播儿童色情视频，共发展会员13万余人，其中付费会员400余人，牟利7万余元。目前，该案已移交检察机关审查起诉。\n随着手机、互联网的普及，人们通过新媒体学习交流、放松娱乐成为越来越普遍的现象。但面对复杂的网络环境，政府管理、社会监督、企业履责、网民自律，缺一不可，营造清朗的网络空间人人有责。我们也更需要为孩子们的健康成长护航！\n', 'http://cyberpolice.mps.gov.cn/wfjb/html/bgl/20190426/4586.shtml', NULL, 0);
INSERT INTO `information` VALUES (7, '网络平台有求必应警惕是骗子盯上你', '2019-04-12', '新疆网警巡查执法', '网络高速发展的时代，只要将信息发在网上，就有人替你“解决”，但是也要谨防诈骗陷阱。因蹲守信息平台，编造多重身份行骗，近日，宁夏回族自治区灵武市检察院以涉嫌诈骗罪批准逮捕犯罪嫌疑人马某。\n“求帮过科目三。”2018年7月，马某在某分类信息发布的微信公众号上看到了这样的信息。嗅到“商机”的他，迅速联系了发布信息的贾某和尤某，称自己可以“安排”免考驾照科目三考试。考证心切的贾某和尤某先后将4500元通过微信转账给马某。贾某还将这一“好处”介绍给柳某，马某又收取了柳某1000元。随后马某便消失了。\n2018年12月26日，季某在某同城招聘微信公众号上发布了一条求职信息，第二天便接到马某电话，对方称自己是宁东煤制油项目维修科的班长，可以介绍季某来上班，但要收取2600元劳务费。经过两人商议，最终季某通过微信向马某转账5000元。2019年1月24日，苦等无果的季某察觉自己受骗，向公安机关报案，2月20日，马某被公安机关抓获。\n经查，马某2013年6月就因犯诈骗罪被灵武市法院判处有期徒刑三年零六个月。刑满释放后，他重操旧业，2016年7月至2019年1月期间，他以找工作为由骗取9人共3.44万元，以帮过驾照考试为由骗取7人共8200元。\n检察官提示，网络行骗手段多样，行骗者善于伪装，身份多变，大家要提高警惕，注意甄别信息，核实身份，切勿轻信陌生人。同时在求职、租房、咨询考试信息等时，要严防办事心切的心理被人利用，以“走捷径”为由，骗取财物。\n', 'http://cyberpolice.mps.gov.cn/wfjb/html/bgl/20190412/4580.shtml', NULL, 0);
INSERT INTO `information` VALUES (8, '腾讯110发布反欺诈白皮书：受骗男性是女性的两倍以上', '2019-03-29', '腾讯', '3月18日消息（记者费倩文）3月18日，腾讯110平台发布《2018年腾讯110反欺诈白皮书》（以下简称“白皮书”）。通过对2018年全年受理的1247万次用户举报大数据深入剖析、侦查，白皮书总结出十大诈骗类型共192个诈骗案例并作出全面研究，通过对诈骗套路、受骗人群、帐号、地域等特征进行深入剖析发现，诈骗团伙借短视频骗子引流、租号行骗、跨境化作案这三大趋势日益明显。这是腾讯首次通过白皮书的形式对网络诈骗进行史上最齐全、最完备的盘点，全面系统地总结了腾讯110自成立以来对违法违规的打击经验与实践。\n据2018年举报大数据显示，电信网络案件同比上升37%，其中网络诈骗占比高达72%。而诈骗团伙往往会根据不同的目标群体选择实施差异化的诈骗手法。《白皮书》显示，受骗人数中男性是女性的两倍以上，更容易受到情感类、金融类的诈骗。而女性则更容易被“低投入高回报”的手段蒙骗，因兼职、免费送等手段遭到个人财产和隐私信息的损失。\n另一方面，青年学生、宝妈和单身男性群体由于防范意识相对薄弱，更容易落入盗号、兼职诈骗和交友诈骗的陷阱。由于此类诈骗手法简单，套路容易被识破，受骗金额一般在千元范围内。与之相反，阅历较丰富的中老年群体防范意识更强，受骗人数较少，但一经受骗往往金额巨大。\n从地区上看，沿海地区的经济发展程度越高，诈骗团伙挖掘的诈骗名目越多，越具有迷惑性。广东、江苏、山东等省份的举报人数位列前三。随着网络犯罪打击力度的加大，这些地区用户的反欺诈意识不断提升，更积极地向腾讯110平台举报并寻求帮助。\n通过对诈骗手法的深入研究，腾讯110归纳出十种诈骗类型，对192个诈骗案例进行详细剖析。其中，交易诈骗、交友诈骗与兼职诈骗位列前三，交易诈骗占比52%位居榜首。\n借共享经济概念火热的契机，部分诈骗团伙以低投入高回报的“共享经济”投资旗号，诱骗受害者出钱投资。当用户发现投资后并没有获得允诺的收益回报时，才发现自己深陷骗局。\n白皮书指出，诈骗分子还会通过“低价利诱”的方式骗取用户的帐号和语音内容，制作“是我是我”等证明身份的语音信息发给其亲友，使诈骗信息更“可信”，更容易骗取钱财。\n值得注意的是，“渣男返利”手法登上了新型诈骗手法的前三位。骗子借报复渣男为缘由，面向好友发起“痛骂渣男，转我一元，十倍返还”的游戏，利用用户贪图小利的心理，持续诱骗钱财。\n白皮书指出，2018年以来，黑灰产诈骗团伙的运作机制在持续创新、与时俱进。一方面，短视频平台成为了诈骗分子的引流工具。由于短视频内容传播速度快、触达面广，深受骗子们的青睐。从短视频平台引流到社交平台，再配合多种手法诈骗，形成了“诈骗导流”链条。另一方面，诈骗分子更倾向于“租号行骗”，大大减少了买号或养号的时间和金钱成本。一旦完成诈骗即可直接废弃帐号，使用痕迹少、犯罪隐蔽性高。\n', 'http://cyberpolice.mps.gov.cn/wfjb/html/bgl/20190329/4569.shtml', NULL, 0);
INSERT INTO `information` VALUES (9, '公安部通报全国公安机关开展“净网2018”专项行动相关情况', '2019-03-15', '中国警察网', '公安部3月7日在北京召开新闻发布会，通报全国公安机关开展“净网2018”专项行动相关情况。公安部新闻发言人郭林主持发布会，公安部网络安全保卫局党委书记王瑛玮、副局长张宏业和山东省济宁市公安局网安支队支队长刘建、四川省达州市公安局网安支队副支队长沈黎明出席发布会，并回答了记者提问。\n“净网2018”专项行动成效显著\n公安部新闻发言人郭林介绍说，随着信息技术的快速发展，各类借助网络实施的违法犯罪活动不断出现，造成了严重的现实危害，人民群众对此反映强烈。近年来，公安机关始终坚持依法严打方针不动摇，持续组织开展一系列专项打击整治行动，并开展网上巡查执法，有效地维护了网络空间的秩序和人民群众的合法权益。\n去年2月，经报党中央、国务院批准，公安部部署全国公安机关开展为期10个月的“净网2018”专项行动。各地公安机关按照公安部的总体部署，深入推进打防管控一体化，始终坚持基础工作与专项打击整治相结合，标本兼治、多方施策，综合治理、系统治理，一方面严格落实企业安全主体责任，一方面坚决打击涉网违法犯罪活动，组织侦破各类网络犯罪案件5.7万余起，抓获犯罪嫌疑人8.3万余名，行政处罚互联网企业及联网单位3.4万余家次，清理违法信息429万余条，专项打击整治工作取得了显著成效。\n郭林表示，网络空间不是法外之地，维护网络秩序是社会各界和每一位网民应尽的责任和义务。希望新闻媒体的朋友们充分发挥媒体优势，引导广大网民自觉遵守国家法律法规和网络文明公约，推动形成依法管网、依法办网、依法上网的良好社会氛围。\n“净网2018”呈现三方面特色\n公安部网络安全保卫局党委书记王瑛玮介绍，相比以往，“净网2018”专项行动具有三方面特色。\n一是加大对新型网络违法犯罪的打击整治力度。前期，公安部陆续组织开展了打击伪基站、手机“黑卡”、侵犯公民个人信息和黑客攻击破坏等针对特定网络违法犯罪的专项行动。在此基础上，根据新情况、新发展，“净网2018”专项行动重点聚焦网络社会综合治理和人民群众关切，特别是突出了对新型网络违法犯罪的打击力度，比如对网络相约刑事犯罪、“网络水军”敲诈勒索、“呼死你”骚扰软件等新型网络违法犯罪的打击整治力度。\n二是加强了刑事打击和行政监管的有效衔接。为进一步发挥公安机关网络安全监管职能，2018年公安部出台《公安机关互联网安全监督检查规定》，规范监督检查行为；联合中央网信办制定发布《具有舆论属性或社会动员能力的互联网信息服务安全评估规定》，指导信息服务企业落实安全主体责任。\n三是加大了对藏匿境外网络违法犯罪人员的抓捕力度。针对网络犯罪团伙和窝点向境外转移的倾向，网安部门主动出击，赴境外抓获犯罪嫌疑人49名，特别是抓获了连续7年大肆实施网络攻击的“阿布小组”黑客团伙主要犯罪嫌疑人，捣毁了拥有280余万名会员的“MAX”网络色情直播平台窝点，遣返了一批组织网络赌博的违法犯罪人员。\n“四管齐下”加强网络监管\n在加强网络监管方面，公安部网络安全保卫局副局长张宏业介绍，公安机关主要开展了四方面工作。\n一是深入调研整治网络黑产，紧紧围绕网络诈骗、侵犯公民个人信息违法犯罪行为，分析研究网络数据买卖、账号买卖等涉网黑产形态特点和打击、整治、规范的具体措施。对涉及黑产活动的网络平台和信息服务，及时开展调查，集中打击整治。\n二是切实加强安全监督检查。坚持“以人管网”理念，对规模不等的互联网企业和联网单位采取分级管理和监督检查。建立互联网信息服务月通报月检查制度，加强任务督办和情况通报，形成督导工作机制，组织开展安全评估和现场安全检查，及时查处整改安全问题隐患。\n三是全面提升行政执法能力。深入推进“一案双查”制度，依法严厉查处不履行网络安全义务、为网络违法犯罪提供支持帮助等违法违规行为。\n四是强化群防群治及宣传引导。加强和改进违法网址信息联防联控机制，将域名服务、浏览器、搜索引擎服务商扩展纳入机制范围。组织开展全国网络安全知识技能竞赛，提升网站安全员能力水平。面向社会公开征集互联网安全治理论文，集结社会力量提升网络安全治理能力。加强宣传引导、剖析典型案例、宣传法律法规，教育引导广大人民群众、企事业单位遵守法纪，积极检举揭发违法犯罪线索，共同维护网络安全秩序。\n侵犯公民个人信息犯罪手法不断翻新\n近年来，侵犯公民个人信息犯罪手法不断翻新。山东省济宁市公安局网安支队支队长刘建介绍，去年济宁市公安局侦办了一起网上网下相结合的侵犯公民个人信息的刑事案件。\n刘建介绍说，这起案件中，不法分子在一些宾馆客房非法安装摄像头，偷拍宾馆房客，并在网上出售观看账号，已经形成黑色产业链。涉案嫌疑人在网络购买智能摄像头后，改装成隐蔽摄像头，安装在一些宾馆吊灯、空调等隐蔽处，通过手机App接收摄像头画面，并截屏发给下线代理。下线代理通过微信、QQ群等吸引网民购买摄像头观看账号。在公安部统一指挥下，济宁公安机关在全国抓获犯罪嫌疑人29名，查获摄像头300余个、偷拍的酒店客房视频10万余部。\n刘建表示，在该案中，犯罪分子的作案场所是个别缺乏安全防范措施的酒店宾馆，作案目标是入住客人。作为提供公共服务的酒店宾馆，应该加强安全管理，充分保护顾客个人隐私。公民一旦发现侵犯公民个人信息的违法犯罪行为，在保存相关证据的同时，要及时向公安机关报告，公安机关将依法予以严厉打击。\n', 'http://cyberpolice.mps.gov.cn/wfjb/html/bgl/20190315/4563.shtml', NULL, 0);
INSERT INTO `information` VALUES (10, '山西启动“净网2019”行动严打侵犯公民信息、网络犯罪', '2019-03-01', '中国新闻网', '中新网太原2月19日电(记者屈丽霞)山西省公安厅19日发布消息，按照公安部部署，近日，山西省公安厅全面部署启动“净网2019”专项行动。\n据介绍，专项行动中，山西全省公安机关将按照“系统治理、依法治理、综合治理和源头治理”的总思路，将坚持打击与整治相结合，专项行动与基础工作相结合，舆论宣传与发动群众相结合，推动建立健全全省网络社会综合治理体系，全力维护安全稳定的网络秩序，全力维护国家安全和社会稳定。\n山西省公安厅通报称，2018年，山西公安机关强有力组织开展“净网2018”专项行动，按照“打源头、摧平台、断链条”原则，紧紧围绕人民群众反映强烈的黑客攻击破坏、侵犯公民个人信息、网络赌博、网络淫秽色情、网上不法交易、网上传播有害信息等突出违法犯罪，重拳出击，持续严查，坚决严打，打击、摧毁了网络违法犯罪的一大批链条和源头。\n2018年，山西全省公安机关共侦破网络违法犯罪案件3038起。其中，公安部挂牌督办案件8起，刑事案件2779起，违法案件259起。侦破网络诈骗案件1824起，侦破利用网络赌博案件296起，侵犯公民个人信息案件109起；抓获涉案犯罪嫌疑人1704人。\n山西省公安厅要求全省各级公安机关，清醒认识当前网络违法犯罪的严重性、危害性，通过开展“净网2019”行动，通过与网信、通信管理等部门共同努力，不断构建平安、有序的网络环境。\n据山西省公安厅介绍，“净网2019”专项行动打击的重点是：继续严厉打击侵犯公民个人信息、黑客攻击破坏、网络赌博、网络淫秽色情、网上不法交易、网上传播有害信息等突出网络违法犯罪活动，最大程度挤压网络违法犯罪空间。通过切实加强互联网安全监管力度，持续整治“网络黑产”，全面提升互联网企业落实安全管理责任的自觉性。通过加大对网上违法有害信息的清理整治，全面建立健全网络综合治理体系。通过侦办一批网络犯罪大案要案，打掉网络犯罪产业链，全面提升人民群众网上安全意识，确保全省人民群众网上安全感和幸福感。\n行动中，山西全省各地警方，将继续以“打团伙、追源头、断链条”为重点，加强对各类网络违法犯罪线索摸排的力度，力争快侦快破一批涉网违法犯罪案件。期间，各地警方还将组织对网上违法犯罪线索的“回头看”，彻查深挖违法犯罪线索，力争突破一批网络大案积案。在强化网上乱象清理整治方面，各地警方将重点检查、督促网络企业落实防范、发现和处置违法信息的主体责任，充分发挥其信息安全第一道防线作用。在强化网络安全秩序整治方面，各地警方将深入推进重点领域安全监管和公民个人信息保护，依法查处网上违法违规和不履行网络安全义务的行为，坚决消除网络安全风险，坚决铲除“网络黑产”土壤。(完)\n', 'http://cyberpolice.mps.gov.cn/wfjb/html/bgl/20190301/4558.shtml', NULL, 0);
INSERT INTO `information` VALUES (11, '微信封禁3000多账号：因用外挂抢红包或进行网络赌博', '2019-02-15', '快科技', '过年抢红包已经成为新的传统，但也有一些人户让抢红包变了味：有人利用外挂软件抢红包，或者利用红包组织网络赌博从中牟利。\n外挂虽然有可能让你抢红包快人一步，但不仅破坏了抢红包的公平性，还存在隐私信息泄露、帐号密码被盗等安全风险。\n微信安全团队今天宣布，依据国家相关法律法规及《腾讯微信软件许可及服务协议》、《微信个人帐号使用规范》，对使用外挂抢红包、网络赌博行为进行整顿和打击。\n-对于网络赌博用户，将根据参赌情节严重程度，进行包括且不限于警告、限制功能或限制帐号登录处理；\n-对于使用包括且不限于抢红包等外挂软件的用户，将对违规帐号进行限制帐号登录处理；\n-对于任何制作、售卖外挂软件的行为，将对其帐号进行永久封停，并向公安机关提交团伙线索。\n从1月初至今，通过用户举报提交证据并经核实取证，微信安全团队已共计对3000多个赌博或外挂使用帐号进行永久封禁处理。\n', 'http://cyberpolice.mps.gov.cn/wfjb/html/bgl/20190215/4551.shtml', NULL, 0);
INSERT INTO `information` VALUES (12, '中央网信办、工业和信息化部、公安部、市场监管总局关于开展App违法违规收集使用个人信...', '2019-02-01', '公安部', '近年来，移动互联网应用程序（App）得到广泛应用，在促进经济社会发展、服务民生等方面发挥了不可替代的作用。同时，App强制授权、过度索权、超范围收集个人信息的现象大量存在，违法违规使用个人信息的问题十分突出，广大网民对此反应强烈。落实《网络安全法》《消费者权益保护法》的要求，为保障个人信息安全，维护广大网民合法权益，中央网信办、工业和信息化部、公安部、市场监管总局决定，自2019年1月至12月，在全国范围组织开展App违法违规收集使用个人信息专项治理。现将有关事项公告如下：\n一、App运营者收集使用个人信息时要严格履行《网络安全法》规定的责任义务，对获取的个人信息安全负责，采取有效措施加强个人信息保护。遵循合法、正当、必要的原则，不收集与所提供服务无关的个人信息；收集个人信息时要以通俗易懂、简单明了的方式展示个人信息收集使用规则，并经个人信息主体自主选择同意；不以默认、捆绑、停止安装使用等手段变相强迫用户授权，不得违反法律法规和与用户的约定收集使用个人信息。倡导App运营者在定向推送新闻、时政、广告时，为用户提供拒绝接收定向推送的选项。\n二、全国信息安全标准化技术委员会、中国消费者协会、中国互联网协会、中国网络空间安全协会，依据法律法规和国家相关标准，编制大众化应用基本业务功能及必要信息规范、App违法违规收集使用个人信息治理评估要点，组织相关专业机构，对用户数量大、与民众生活密切相关的App隐私政策和个人信息收集使用情况进行评估。\n三、有关主管部门加强对违法违规收集使用个人信息行为的监管和处罚，对强制、过度收集个人信息，未经消费者同意、违反法律法规规定和双方约定收集、使用个人信息，发生或可能发生信息泄露、丢失而未采取补救措施，非法出售、非法向他人提供个人信息等行为，按照《网络安全法》《消费者权益保护法》等依法予以处罚，包括责令App运营者限期整改；逾期不改的，公开曝光；情节严重的，依法暂停相关业务、停业整顿、吊销相关业务许可证或者吊销营业执照。\n四、公安机关开展打击整治网络侵犯公民个人信息违法犯罪专项工作，依法严厉打击针对和利用个人信息的违法犯罪行为。\n五、开展App个人信息安全认证，鼓励App运营者自愿通过App个人信息安全认证，鼓励搜索引擎、应用商店等明确标识并优先推荐通过认证的App。\n特此公告。\n中央网络安全和信息化委员会办公室工业和信息化部\n公安部市场监管总局\n2019年1月23日\n', 'http://cyberpolice.mps.gov.cn/wfjb/html/bgl/20190201/4544.shtml', NULL, 0);
INSERT INTO `information` VALUES (13, '国家计算机病毒应急处理中心监测发现十款违法移动应用', '2019-01-18', '新华网', '新华社天津1月17日电（记者张建新）国家计算机病毒应急处理中心近日监测发现，十款违法有害移动应用存在于移动应用发布平台中，其主要危害涉及恶意扣费、隐私窃取、恶意传播、诱骗欺诈和流氓行为五类。\n这些违法有害移动应用具体如下：\n1、《正中靶心》（版本1.0）这一款移动应用存在扣费恶意代码，通过隐蔽等手段，导致用户经济损失。\n2、《高效办公软件》（版本2.0.0）这一款移动应用存在危险行为代码，警惕该软件私发短信定制扣费业务，泄露用户隐私。\n3、《宝石大消除》（版本2.4.2）、《聚看影视》（版本18.11.11.123）这两款移动应用在用户不知情的情况下，私自拨打电话、发送短信等，造成用户流量消耗和资费损失。\n4、《青青草视频在线》（版本5.4.9）这一款移动应用存在诱骗欺诈行为，可能会弹出积分墙广告，强制要求用户完成推广应用下载任务才可以正常使用，给用户带来严重干扰。\n5、《星星苹果消消乐》（版本5.12.20）、《互动第一课堂》（版本2.4.4）、《开火车》（版本1.4）、《地域边境》（版本6.3.24）、《开心消消乐2016》（版本V1.0）这五款移动应用存在危险行为代码，严重干扰移动设备正常使用。\n针对上述情况，国家计算机病毒应急处理中心提醒广大手机用户不要下载这些违法有害移动应用，避免手机操作系统受到不必要的安全威胁。同时建议打开手机中防病毒移动应用的“实时监控”功能，对手机操作进行主动防御，这样可以第一时间监控未知病毒的入侵活动。\n', 'http://cyberpolice.mps.gov.cn/wfjb/html/bgl/20190118/4536.shtml', NULL, 0);
INSERT INTO `information` VALUES (14, '公安机关提醒：报警应通过正规途径谨防“二次诈骗”', '2019-01-04', '中国警察网', '近日，上海杨浦公安机关在工作中发现，在网络搜索引擎中存在所谓的“网络报警平台”页面，诱使已经被骗的市民在该平台报警继而实施“二次诈骗”。\n所谓“二次诈骗”，是指该类诈骗针对的是一些本就因电信网络诈骗而蒙受经济损失的受害人。经对相关警情梳理，公安机关发现这些受害人都是先遭受了网络购物、冒充客服类诈骗。随后，受害人便通过网络搜索工具搜索求助，搜索到名为“网上报警中心”的网页，并在该网页中再次被骗。\n经过调查，杨浦公安机关认为这是精心设计、针对诈骗受害人的新型电信网络诈骗。诈骗分子在网上设立假冒的“110网上报警平台”网页，并在搜索引擎上散布所谓官方“网上报警中心”的QQ号码。一旦有人添加该QQ号码后，骗子便假冒工作人员，利用已经受骗上当的被害人急于追回钱款心理，以帮助“拦截、冻结”被骗账户资金为需“押金”、“保证金”为由，诱骗被害人加入名为“退款部门”QQ群、微信群，进而“指导”被害人进行网上转账操作，骗取钱款。\n目前，相关涉案网页、QQ群已被依法取缔，相关案件正在进一步调查中。\n公安机关将进一步加大网络巡查力度，及时对涉及假冒“110网上报警平台”、“网络警察”等违法网站、网络即时通讯工具群组进行依法取缔。同时提醒广大居民，除了众所周知的110报警电话，上海市公安局还推出了“12110”短信报警，作为电话报公安机关式的有益补充。遇到各类案事件和突发紧急情况，市民可以通过上述途径报警。\n', 'http://cyberpolice.mps.gov.cn/wfjb/html/bgl/20190104/4531.shtml', NULL, 0);
INSERT INTO `information` VALUES (15, '内蒙古18名微信群主参与赌博被抓案值超500万元', '2018-12-21', '中国新闻网', '中新网通辽12月17日电(张林虎)17日，记者从内蒙古自治区霍林郭勒市公安局获悉，该局在“净网2018专项行动”中成功侦破一起特大网络开设赌场案，涉案资金500余万元，抓获犯罪嫌疑人20名。\n2018年8月，霍林郭勒市警方在工作中获悉，有人利用手机APP组织参与网络赌博。经过近3个月的侦查，专案组民警先后奔赴深圳、杭州、长春等地进行调查取证，同时对主要涉案人员及该群体组织结构进行核实。11月底，当地警方组织80余名精干警力，分组对各主要犯罪嫌疑人进行集中收网抓捕。\n专案组先后在呼伦贝尔市、兴安盟、霍林郭勒市和锡林郭勒盟抓获涉案人员20名，其中19人被刑事拘留，1人被取保候审。至此，一起特大网络开设赌场案涉案人员全部落网。\n经查，犯罪嫌疑人吴某某通过网络结识王某，并让王某开发一款棋牌游戏软件(即手机APP)。王某在明知吴某某利用该游戏进行赌博活动的情况下，依然收取开发费用，并提供该游戏的技术支撑和运营，并向吴某某兜售房卡获利。吴某某在获得代理后，在霍林郭勒市投放广告，向微信群主兜售该游戏房卡获利，并组织微信网友建立微信群进行赌博。\n截止到2018年11月底，吴某某通过微信发展了18名群主，该18名群主分别利用微信组建微信群并拉拢参与赌博的群成员进行赌博。\n目前，该案还在进一步侦办中。\n', 'http://cyberpolice.mps.gov.cn/wfjb/html/bgl/20181221/4520.shtml', NULL, 0);
INSERT INTO `information` VALUES (57, '全国公安队伍教育整顿领导小组办公室第五次主任（扩大）会议召开扎实抓好教育整顿“回头看”工作确保教育整顿取得实实在在的成效', '2021-12-06', '公安部官网', '全国公安队伍教育整顿领导小组办公室第五次主任（扩大）会议11月24日在京召开，公安部党委书记、常务副部长、全国公安队伍教育整顿领导小组第一副组长兼办公室主任王小洪主持会议并讲话。会议强调，要深入学习贯彻党的十九届六中全会精神，深入贯彻落实习近平总书记重要指示精神和党中央决策部署，按照全国政法队伍教育整顿领导小组、中央政法机关督导一组要求，扎实抓好教育整顿“回头看”工作，确保队伍教育整顿取得实实在在的成效。\n会议要求，要强化组织领导，狠抓思想认识。教育引导全体干部民警深刻领会、牢牢把握“两个确立”的决定性意义，不断增强做到“两个维护”的思想自觉、政治自觉、行动自觉，把教育整顿“回头看”作为落实党中央决策部署的严肃政治任务，强化组织领导、思想引领、督导问效，采取更加有力的措施，推动教育整顿未完成事项和“回头看”发现的重点难点问题如期解决，坚决把问题整改到位、把工作落实到位。要强化肃清流毒，狠抓重点关键。把肃清孙力军等人流毒影响置于更加突出位置来抓，紧盯有问题的人和事，加大线索核查力度，深化问题隐患排查整治，确保思想发动到位、深挖彻查到位、排查整改到位。要强化查纠力度，狠抓问题查处。坚持严的主基调，用好自查自纠和组织查处这两大“利器”，做到自查自纠不能停、线索核查不能断、执纪处理不能松，一抓到底，务求实效，切实维护队伍肌体健康。要强化顽疾整治，狠抓建章立制。坚持“当下治”与“长久立”相结合，一手抓顽疾整治，一手抓建章立制，确保顽疾整治清仓见底、建章立制按时完成。聚焦群众所需、基层所盼，深入开展“我为群众办实事”实践活动和“我为基层解难题”活动，研究推出更多便民利民改革举措以及服务基层、服务实战的政策措施，进一步完善基层基础工作标准规范，更好地为基层减负，增强基层活力和战斗力。强化制度执行的监督检查和执纪问责，确保自觉尊崇制度、严格执行制度、坚决维护制度。要强化常治长效，狠抓履职担当。全面贯彻新时代党的组织路线，选好配强各级领导班子和领导干部，进一步拓宽干部交流方式和渠道，扎实推进领导干部交流轮岗，有效激发队伍活力。健全正风肃纪长效机制，持之以恒纠治“四风”，锲而不舍地抓好中央八项规定及其实施细则精神的落实，健全完善常态化监督管理机制，营造风清气正的良好警营生态。科学统筹工作任务，把“回头看”与抓好北京冬奥会等重大安保工作、与认真总结今年工作、研究谋划明年思路举措紧密结合起来，忠诚履职尽责、主动担当作为，扎实抓好防风险、保安全、护稳定、促发展各项措施的落实，为党的二十大胜利召开创造安全稳定的政治社会环境。\n公安部党委委员、全国公安队伍教育整顿领导小组副组长兼办公室副主任孙新阳、冯延出席会议并讲话。部属部分局级单位主要负责同志作了汇报发言。\n', 'http://cyberpolice.mps.gov.cn/wfjb/html/gzdt/20211203/4744.shtml', NULL, 0);
INSERT INTO `information` VALUES (58, '公安部高度重视网民留言办理扎实解决群众急难愁盼问题', '2021-11-25', '公安部官网', '全国公安队伍教育整顿开展以来，公安部党委始终坚持以人民为中心的发展思想，坚持开门搞整顿，紧密结合深入推进“我为群众办实事”实践活动，进一步加强网民留言办理工作，认真梳理研究群众意见建议和关切需求，改进完善工作机制，持续推出便民利民举措，扎实解决群众急难愁盼问题。\n聚焦网民留言反映的急难愁盼问题，公安部持续深化各项公安改革，围绕群众高频办理事项，大力推行“互联网+政务服务”，研究推出一大批便民利民新举措。如针对网民反映因疫情滞留海外人员身份证到期无法回国换领问题，公安部多次组织专题研究，广泛听取各方意见，在确保群众用证安全的前提下，推出了因疫情无法回国人员委托国内近亲属代为办理居民身份证换领手续的政策措施，于7月20日部署各地公安机关落实推进，并认真梳理网民在业务办理过程中遇到的具体问题，及时研究反馈、解疑释惑，不断完善流程规范，切实把政策落实到“最后一公里”。截至10月底，各地累计为4万余名因疫情无法回国人员换领居民身份证。针对网民期待户口迁移等户籍管理服务事项“跨省通办”问题，公安部采取“立足实际、分类实施、先行试点、逐步推开”策略，部署在“辽吉黑”等四个片区率先启动工作调动户口迁移等5项户籍迁移业务“跨省通办”试点，在“京津冀”等四个片区率先启动开具户籍类证明“跨省通办”试点，并逐步扩大试点范围。据统计，6月至10月底，各地办理户口迁移“跨省通办”业务14万余笔，办理开具户籍类证明“跨省通办”业务7万余笔，累计为群众节约往返费用约2亿元，取得显著成效。针对网民期待尽快普及电子驾照、二手车异地交易等问题，公安部分两批在北京、上海等176个城市推广应用驾驶证电子化便利措施，截至11月17日，已有4400多万名驾驶人成功申领电子驾驶证；在全国245个城市推广应用网上核发货车电子通行码，有效解决货车进城难、办证难问题；会同有关部门在石家庄等218个城市推行二手车异地交易登记，累计为群众企业减少办事费用6亿余元。\n聚焦网民留言反映的打击犯罪问题，公安部持续组织开展打击整治各类突出违法犯罪行动，不断提升人民群众安全感。如针对网民期待公安机关加大打击整治电信网络诈骗犯罪力度问题，公安部部署全国公安机关重拳出击、多管齐下，先后发起58次全国集群战役，今年1月至10月全国共破获电信网络诈骗案件31万余起、抓获犯罪嫌疑人45万余名，取得阶段性显著战果。针对网民期待公安机关加大打击非法集资犯罪力度问题，公安部推行网上网下、多措并举受理报案模式，通过相关平台登记重大非法集资案件130余起，聚焦P2P网贷等重点领域开展针对性集中打击，依法查处P2P网贷平台1000余个，有力推动相关风险出清。同时，公安部部署各地公安机关在受理立案、逮捕起诉等关键环节，及时主动发布信息，积极回应群众关切。\n聚焦网民留言反映的规范执法问题，公安部坚持问题导向，突出建章立制，不断推进执法规范化建设。如针对网民反映开具无犯罪记录证明问题，公安部正在大力推进信息化建设，建立完善有关制度规定，规范地方公安机关开具无犯罪记录证明工作流程，以有效解决群众诉求。针对网民希望交通执法标准细化问题，公安部研究制定“严重违法严查严处、一般违法首次警告、轻微违法不予处罚、常见违法先行提醒、严厉打击买分卖分、完善执法考评机制”等改进执法六项措施，切实解决过度执法、逐利执法等问题。目前，各地对违法停车等交通违法适用“首次警告”处理数量同比增长7.4倍，轻微交通违法处罚数量同比下降72.6%。\n公安部有关负责人表示，公安机关将始终把群众满意作为第一追求，紧密结合队伍教育整顿和“我为群众办实事”实践活动，扎实做好网上群众工作，听民声、汇民智、解民忧，持续推出更多改革举措和办实事项目，不断增强人民群众获得感、幸福感、安全感。\n', 'http://cyberpolice.mps.gov.cn/wfjb/html/gzdt/20211125/4744.shtml', NULL, 0);
INSERT INTO `information` VALUES (59, '《公安机关人民警察誓词》公布', '2021-11-25', '公安部官网', '日前，《公安机关人民警察誓词》公布，誓词全文为：“我是中国人民警察，我宣誓：坚决拥护中国共产党的绝对领导，矢志献身崇高的人民公安事业，对党忠诚、服务人民、执法公正、纪律严明，为捍卫政治安全、维护社会安定、保障人民安宁而英勇奋斗！”\n为深入学习贯彻习近平总书记“七一”重要讲话和在全国公安工作会议上的重要讲话、在中国人民警察警旗授旗仪式上的重要训词精神，进一步加强党对公安工作的绝对领导，教育引导全警增强“四个意识”、坚定“四个自信”、做到“两个维护”，不断提高政治判断力、政治领悟力、政治执行力，确保在思想上政治上行动上同以习近平同志为核心的党中央保持高度一致，公安部组织对《人民警察入警誓词》进行了修订，形成了《公安机关人民警察誓词》。\n《公安机关人民警察誓词》是加强公安队伍政治建设和锻造忠诚警魂的重要载体。近日，公安部党委专门印发通知，要求各级公安机关紧密结合党史学习教育和公安队伍教育整顿，将誓词作为各级政治轮训和实战训练的重要内容，确保誓词精神入脑入心、融入血脉。要组织开展系列主题学习宣传，在全警迅速掀起学习宣传誓词的热潮。要忠实践行誓词精神，进一步健全宣誓制度，认真开展宣誓活动，教育引导全警强化政治忠诚、政治担当，坚决履行捍卫政治安全、维护社会安定、保障人民安宁的新时代使命任务，充分展现党领导的社会主义国家人民警察克己奉公、无私奉献的良好形象，为全面建设社会主义现代化国家、实现中华民族伟大复兴创造安全稳定的政治社会环境。\n', 'http://cyberpolice.mps.gov.cn/wfjb/html/gzdt/20211125/4743.shtml', NULL, 0);
INSERT INTO `information` VALUES (60, '公安部党委发出通知要求认真学习贯彻党的十九届六中全会精神', '2021-11-25', '公安部官网', '公安部党委11月19日印发《关于认真学习贯彻党的十九届六中全会精神的通知》，强调认真学习贯彻党的十九届六中全会精神，是当前和今后一个时期全国公安机关的重大政治任务。各级公安机关要认真组织学习，精心安排部署，周密组织实施，教育引导全警把思想和行动统一到习近平总书记重要讲话和全会精神上来，把智慧和力量凝聚到党中央重大决策部署上来，团结带领全警进一步坚定信心、振奋精神，以更加昂扬的姿态迈进新征程、建功新时代，以优异成绩迎接党的二十大胜利召开。\n通知指出，党的十九届六中全会，是在我们党成立一百年之际，党领导人民实现第一个百年奋斗目标、向着实现第二个百年奋斗目标迈进的重大历史关头召开的一次具有重大历史意义的会议。习近平总书记在全会上的重要讲话视野宏阔、内涵丰富，凝心聚力、催人奋进，具有很强的政治性、理论性、战略性、指导性，为做好当前和今后一个时期党和国家工作提供了根本遵循。全会通过的《中共中央关于党的百年奋斗重大成就和历史经验的决议》，回顾党走过的百年奋斗历程，总结党的百年奋斗重大成就和历史经验，着重阐释党的十八大以来党和国家事业取得的历史性成就、发生的历史性变革，对实现第二个百年奋斗目标提出明确要求，是一篇马克思主义的纲领性文献，必将对推动全党统一思想、统一意志、统一行动，团结带领全国各族人民在新时代更好坚持和发展中国特色社会主义、实现中华民族伟大复兴产生重大而深远的影响。党的十八大以来，我们党取得的最大政治成果、最重要的历史经验，就是确立习近平同志党中央的核心、全党的核心地位，确立习近平新时代中国特色社会主义思想的指导地位。习近平总书记以深厚人民情怀、卓越政治智慧、强烈使命担当，带领全党全国人民开创中国特色社会主义新时代，是众望所归、当之无愧的党的核心、人民领袖、军队统帅。坚决拥护和维护习近平总书记的核心地位，全党就有定盘星，全国人民就有主心骨，中华“复兴”号巨轮就有掌舵者。各级公安机关要从政治和全局的高度，深刻理解和准确把握党的十九届六中全会的重大意义，切实增强做到“两个维护”的思想自觉、政治自觉和行动自觉。要深入领会总结党的百年奋斗重大成就和历史经验的重要意义，深入领会习近平总书记在全会上的重要讲话精神，深入领会党的百年奋斗的初心使命和重大成就，深入领会中国特色社会主义进入新时代的历史性成就和历史性变革，深入领会党的百年奋斗的历史意义和历史经验，深入领会以史为鉴、开创未来的重要要求，切实把思想和行动统一到党中央重大决策部署上来。\n通知要求，要坚持以党的十九届六中全会精神为引领，忠实履行好党和人民赋予的新时代使命任务。要着力加强政治建设，毫不动摇地做到“两个维护”。毫不动摇坚持党对公安工作的绝对领导，着力从政治上建设和掌握公安机关，把做到“两个维护”作为最高政治原则和根本政治规矩，切实增强忠诚核心、拥护核心、跟随核心、捍卫核心的高度自觉，确保任何时候任何情况下都坚决听从习总书记命令、服从党中央指挥，做到党中央提倡的坚决响应、党中央决定的坚决执行、党中央禁止的坚决不做。要着力强化理论武装，确保全警意志和行动高度统一。把学习贯彻习近平新时代中国特色社会主义思想作为首要政治任务，大力推进理论学习常态化制度化规范化，夯实打牢高举旗帜、听党指挥、忠诚使命的思想根基，切实把理论学习成果转化为谋划公安工作的思路、更好履行职责的举措和改进工作方法的本领。要着力发扬斗争精神，坚决维护国家政治安全和社会大局稳定。保持战略定力、强化底线思维，发扬斗争精神、坚定斗争意志，增强斗争本领、掌握斗争主动，有效防范化解各类重大风险，坚决捍卫国家政治安全，全面推进更高水平的平安中国建设。要着力推进法治公安，不断提高公安执法水平和执法公信力。深入贯彻习近平法治思想，坚持不懈推进执法规范化建设，大力加强社会主义法治理念教育，健全完善执法制度体系，深化执法权力监督制约机制和执法责任体系改革，不断提高运用法治思维和法治方式打击犯罪、维护稳定、治理社会的能力水平。要着力深化公安改革，推动新时代公安工作高质量发展。深入实施改革强警、科技兴警“两大战略”，加快构建适应新发展阶段要求的现代警务体系，全面推动公安工作质量变革、效率变革、动力变革。要着力推进自我革命，努力锻造“四个铁一般”公安铁军。毫不动摇地坚持政治建警、全面从严治警，压紧压实全面从严管党治警责任，严肃党内政治生活，加强党内政治监督，严肃查处各类违纪违法问题和腐败现象，持续深化肃清孙力军等人流毒影响各项工作，持之以恒正风肃纪，以自我革命精神推进公安队伍革命化正规化专业化职业化建设，着力锻造一支党和人民信得过、靠得住、能放心的过硬公安铁军。\n通知要求，要全面加强对学习贯彻党的十九届六中全会精神的组织领导，迅速掀起学习贯彻全会精神热潮。要把学习贯彻全会精神与深入贯彻习近平总书记“七一”重要讲话和在全国公安工作会议上的重要讲话、重要训词精神紧密结合起来，与深入推进党史学习教育、中长期巡视整改、教育整顿“回头看”紧密结合起来，加强组织领导、周密安排部署。主要负责同志要切实担负起政治责任，坚决做到思想上高度重视、行动上坚定有力、工作上身先士卒、措施上扎实高效，深入组织全警扎实高效抓好学习贯彻工作。要坚决把牢正确方向，把握好学习宣传贯彻的主题、原则、基调，做到全面准确、求真务实、严谨细致。要扎实抓好理论学习，通过召开理论中心组学习会、党支部专题学习会、“三会一课”等形式，组织全警原原本本学、深入思考学、结合实际学，不断加深对全会精神的认识理解，把学习的收获转化为指导实践、推动工作的能力，更加自觉地践行初心使命，使全会精神落实到行动上、贯彻到工作中。要切实营造良好氛围，通过举办培训班、学习班，邀请相关专家学者作宣讲辅导报告，组织开展全会精神宣讲活动等，多渠道、多层次、全方位宣传全会精神，迅速形成学习贯彻全会精神的浓厚氛围。\n通知要求，要坚持把学习贯彻党的十九届六中全会精神与当前公安工作紧密结合起来，以维护安全稳定的实际行动检验学习贯彻成效。要坚决捍卫国家政治安全，始终把防范政治安全风险置于首位，深入开展反渗透反颠覆反分裂和反恐怖斗争，严密防范和打击敌对势力渗透颠覆捣乱破坏活动。要坚决防范化解各类涉稳风险，坚持和发展新时代“枫桥经验”，深入开展常态化矛盾纠纷排查化解，最大限度地把矛盾和问题解决在基层、解决在当地、解决在萌芽状态。要全面强化社会面整体防控，深入开展打击整治行动，常态化推进扫黑除恶斗争，健全完善公共安全隐患常态化排查整治机制，精心部署道路交通管理和民航、铁路、港航、监所安全管理，不断增强人民群众的安全感、幸福感、获得感。要统筹抓好元旦春节等重要节日和北京冬奥会等重大活动安保工作。要切实抓好责任落实和队伍管理，严格执行值班备勤、领导带班和重大事项请示报告制度，加强值班执勤服务保障，认真抓好爱警暖警措施的落实落地，确保队伍始终保持旺盛的精力和持久的战斗力。要紧紧围绕学习贯彻全会精神，认真研究谋划明年工作思路和工作举措，下好先手棋，打好主动仗，努力为北京冬奥会和党的二十大创造安全稳定的政治社会环境。\n', 'http://cyberpolice.mps.gov.cn/wfjb/html/gzdt/20211125/4742.shtml', NULL, 0);
INSERT INTO `information` VALUES (61, '中宣部追授潘东升“时代楷模”称号', '2021-11-25', '人民公安报', '为深入学习贯彻习近平新时代中国特色社会主义思想和习近平法治思想，在全国政法队伍教育整顿深入开展之际，中央宣传部以云发布的方式，向全社会宣传发布潘东升同志的先进事迹，追授他“时代楷模”称号。\n潘东升，男，汉族，1964年9月生，福建平潭人，中共党员，生前系福建省公安厅党委委员，福州市人民政府副市长、市公安局局长。他从警37年，始终饱含对人民群众的深沉热爱、对党的事业的无限忠诚，始终保持对警察荣誉的无比珍视、对司法公正的执着追求，他破获重大案件、处置突发事件，严厉打击犯罪、铁腕扫黑除恶，用严格执法、忠诚担当维护公平正义、守护一方平安。他推进公安“放管服”改革、探索科技兴警举措，解决群众“急难愁盼”问题、提升社会治理水平，用人民立场、群众观点贯彻人民公安宗旨、践行人民至上理念。他从严管理队伍、强化纪律约束，维护民警权益、推行“暖警工程”，用从严治警、从优待警的实际行动锤炼干部过硬作风，凝聚民警信心力量。他严守党纪国法、一生清正廉洁，生活艰苦朴素、注重家教家风，用兢兢业业的奉献、无私忘我的牺牲，践行着新时代共产党员的初心使命、人民警察的坚定信念，展现了人民警察克己奉公、无私奉献的良好形象。因积劳成疾，2021年9月，牺牲在疫情防控、重大安保工作岗位上，年仅57岁，被追授“全国公安系统一级英雄模范”“福建省优秀共产党员”“八闽楷模”等称号。\n潘东升同志的先进事迹经媒体深入报道后，受到社会各界高度关注。广大党员干部特别是政法干警普遍认为，潘东升同志是深入学习贯彻习近平法治思想和习近平总书记关于加强新时代公安工作的重要论述、重要训词精神的优秀代表，是忠实践行“对党忠诚、服务人民、执法公正、纪律严明”总要求的榜样典范，是用生命诠释忠诚的优秀公安局长。大家纷纷表示，要以“时代楷模”为榜样，认真学习贯彻党的十九届六中全会精神，更加紧密地团结在以习近平同志为核心的党中央周围，增强“四个意识”、坚定“四个自信”、做到“两个维护”，心怀“国之大者”，推动党史学习教育和全国政法队伍教育整顿走深走实，着力锻造“三个绝对”“四个铁一般”忠诚干净担当的高素质过硬公安铁军，建设党和人民信得过、靠得住、能放心的政法队伍，更好地担负起党和人民赋予的新时代使命任务，为捍卫政治安全、维护社会安定、保障人民安宁作出新的更大贡献。\n“时代楷模”发布仪式现场宣读了《中共中央宣传部关于追授潘东升同志“时代楷模”称号的决定》，播放了反映他先进事迹的短片。中央宣传部负责同志为潘东升同志亲属颁发了“时代楷模”奖章和证书，中央政法委、公安部、福建省委负责同志出席发布仪式，政法系统党员干部、公安干警和高校师生代表以视频连线方式参加了发布活动。\n', 'http://cyberpolice.mps.gov.cn/wfjb/html/gzdt/20211125/4741.shtml', NULL, 0);
INSERT INTO `information` VALUES (62, '公安部召开党委（扩大）会议强调认真学习宣传贯彻党的十九届六中全会精神以更加昂扬的姿态护航新征程建功新时代', '2021-11-25', '公安部官网', '公安部党委书记、常务副部长王小洪11月21日主持召开公安部党委（扩大）会议，研究部署公安机关学习宣传贯彻党的十九届六中全会精神工作。会议强调，认真学习宣传贯彻党的十九届六中全会精神，是当前和今后一个时期全国公安机关的重大政治任务。要深入学习贯彻习近平总书记在全会上的重要讲话和全会精神，增强“四个意识”、坚定“四个自信”、做到“两个维护”，精心安排部署，周密组织实施，不断推动学习贯彻往深里走、往实里走，切实把学习成果转化为做好新时代公安工作的强大动力，以更加昂扬的姿态护航新征程、建功新时代，以优异成绩迎接党的二十大胜利召开。\n会议强调，要牢牢把握“两个确立”的决定性意义，切实增强做到“两个维护”的高度自觉。党的十八大以来，我们党取得的最大政治成果、最重要的历史经验，就是确立习近平同志党中央的核心、全党的核心地位，确立习近平新时代中国特色社会主义思想的指导地位。“两个确立”反映了全党全军全国各族人民的共同心愿，对新时代党和国家事业发展、对推进中华民族伟大复兴历史进程具有决定性意义。我们要深刻认识“两个确立”的重大意义，深刻认识“两个维护”的历史必然性和极端重要性，把“两个维护”作为最高政治原则和根本政治规矩，坚持习近平总书记领航掌舵，坚决做到“两个维护”，确保在任何时候、任何情况下，都坚决听从习近平总书记命令、服从党中央指挥。\n会议要求，要牢牢把握学习宣传的重点内容，切实从党的百年奋斗历程中汲取智慧和力量。要深入领会党的百年奋斗重大成就和历史经验的重大意义，深入领会习近平总书记在全会上的重要讲话精神，深入领会党的百年奋斗的初心使命和重大成就，深入领会中国特色社会主义进入新时代的历史性成就和历史性变革，深入领会党的百年奋斗的历史意义和历史经验，深入领会以史为鉴、开创未来的重要要求，着力激发全警铸忠诚、守初心、担使命的奋进动力，激励全警以更加昂扬的姿态护航新征程、建功新时代，为实现第二个百年奋斗目标、实现中华民族伟大复兴的中国梦创造安全稳定的政治社会环境。\n会议强调，要牢牢把握学习贯彻的切入点着力点，切实把学习成果转化为强大工作动力。要紧密结合公安机关职责任务，勇于担当作为、忠实履职尽责，从严从实抓好防风险、保安全、护稳定各项措施的落实，以确保社会大局持续安全稳定的优异成绩迎接党的二十大。要着力发扬斗争精神，保持战略定力、强化底线思维，坚定斗争意志、掌握斗争主动，有效防范化解各类重大风险，坚决捍卫政治安全、维护社会安定、保障人民安宁。要着力增强担当本领，坚定不移走改革强警、科技兴警之路，坚持不懈推进执法规范化建设，下大力气固根基、补短板、强弱项，不断提升维护国家政治安全和社会稳定的能力水平。要着力锻造过硬队伍，毫不动摇地坚持政治建警、全面从严治警，着力锤炼铁一般的理想信念、铁一般的责任担当、铁一般的过硬本领、铁一般的纪律作风，为履行好党和人民赋予的新时代使命任务提供强有力保证。\n会议要求，要牢牢把握学习宣传的工作要求，切实把六中全会精神落到实处。要把学习六中全会精神作为理论学习中心组学习的重点内容，带头学习领会，邀请中央宣讲团作专题辅导报告。党委同志要结合分管领域和赴基层调研工作带头进行宣讲。要加大组织推动力度，举办局处级领导干部专题轮训班，分期分批轮训处级以上领导干部。通过组织各类公安英模和先进典型开展宣讲等形式，推动学习宣传贯彻工作全覆盖。部机关各单位要着力抓好学习宣传规定动作和自选动作的落地实施，切实把学习成果转化为做好工作的思路举措，不断提高学习宣传贯彻的针对性和实效性，确保全会精神落到实处、取得实效。\n会议还传达学习了中央政法机关督导一组在听取公安部队伍教育整顿第五次工作汇报时的反馈意见，研究贯彻落实意见。会议强调，要认真学习贯彻习近平总书记重要指示精神，按照全国政法队伍教育整顿领导小组和中央政法机关督导一组要求，提高政治站位，强化责任担当，坚持思想不松、工作不断、标准不降，持续加大工作力度，深入推进教育整顿“回头看”，不断巩固和深化教育整顿成果。要持续深化学习教育，深入学习贯彻党的十九届六中全会精神，深入开展忠诚教育、英模教育和警示教育，切实筑牢忠诚警魂，坚决做到“两个维护”。要持续肃清流毒影响，以孙力军等人严重违纪违法问题为鉴戒，把肃清孙力军等人流毒影响置于更加突出位置来抓，坚决清除政治隐患。要持续推进标本兼治，聚焦重点问题，确保完成建章立制任务，进一步健全正风肃纪长效机制，构建全面从严管党治警制度体系，建立健全制度执行监督机制，着力形成常治长效。\n会议强调，要认真学习贯彻19日郭声琨同志、赵克志同志和中组部有关负责同志在公安部领导干部会议上的讲话要求，全面履行党委领导责任，切实发挥好党委把方向、管大局、保落实的领导作用，保持工作的连续性、稳定性、开拓性，奋力开创新时代公安工作新局面。要进一步提升政治站位，切实把思想和行动统一到党中央决策部署上来，毫不动摇坚持党对公安工作的绝对领导、全面领导，坚决做到“两个维护”。要进一步加强自身建设，带头强化创新理论武装，带头坚持民主集中制，带头严肃党内政治生活，带头做到清正廉洁，带头顾大局讲团结，切实把部党委班子建设成为团结奋进、坚强有力的领导集体。要进一步强化责任担当，扎实抓好当前维护安全稳定工作，扎实抓好明年公安工作研究谋划，扎实抓好公安工作改革创新，切实履行好党和人民赋予的新时代使命任务。要进一步落实主体责任，始终保持全面从严管党治警的高度政治自觉，坚决彻底清除政治问题与经济问题交织的腐败分子，扎实抓好建章立制和爱警暖警等工作，切实把公安队伍锻造成为党和人民信得过、靠得住、能放心的“四个铁一般”公安铁军。\n', 'http://cyberpolice.mps.gov.cn/wfjb/html/gzdt/20211125/4740.shtml', NULL, 0);
INSERT INTO `information` VALUES (63, '公安部召开领导干部会议宣布党中央关于公安部党委书记调整的决定', '2021-11-25', '公安部官网', '11月19日，公安部召开领导干部会议，中央组织部有关负责同志宣布中央决定：赵克志同志不再兼任公安部党委书记职务，王小洪同志任公安部党委书记。中共中央政治局委员、中央书记处书记、中央政法委书记郭声琨出席会议并讲话。国务委员、公安部部长赵克志主持会议并讲话。王小洪出席会议并讲话。', 'http://cyberpolice.mps.gov.cn/wfjb/html/gzdt/20211125/4739.shtml', NULL, 0);
INSERT INTO `information` VALUES (64, '公安部直属机关传达贯彻党的十九届六中全会精神干部大会召开深入学习贯彻党的十九届六中全会精神忠实履行好党和人民赋予的新时代使命任务', '2021-11-17', '公安部官网', '11月15日，公安部直属机关传达贯彻党的十九届六中全会精神干部大会召开，国务委员、公安部党委书记、部长赵克志出席并讲话。\n公安部直属机关传达贯彻党的十九届六中全会精神干部大会11月15日召开，国务委员、公安部党委书记、部长赵克志出席并讲话。会议强调，要认真学习贯彻习近平总书记在党的十九届六中全会上的重要讲话和全会精神，增强“四个意识”、坚定“四个自信”、做到“两个维护”，迅速掀起学习宣传贯彻全会精神热潮，切实把全会精神转化为做好新时代公安工作的强大动力，忠实履行好党和人民赋予的新时代使命任务，努力为开启全面建设社会主义现代化国家新征程、实现第二个百年奋斗目标作出新的更大贡献。\n会议指出，党的十九届六中全会，是在我们党成立一百周年之际，党领导人民实现第一个百年奋斗目标、向着实现第二个百年奋斗目标迈进的重大历史关头召开的一次具有重大历史意义的会议。习近平总书记在全会上的重要讲话视野宏阔、内涵丰富，凝心聚力、催人奋进，具有很强的政治性、理论性、战略性、指导性，为做好当前和今后一个时期党和国家工作提供了根本遵循。全会通过的《中共中央关于党的百年奋斗重大成就和历史经验的决议》，必将对推动全党统一思想、统一意志、统一行动，团结带领全国各族人民在新时代更好坚持和发展中国特色社会主义、实现中华民族伟大复兴产生重大而深远的影响。党的十八大以来，我们党取得的最大政治成果、最重要的历史经验，就是确立习近平同志党中央的核心、全党的核心地位，确立习近平新时代中国特色社会主义思想的指导地位。习近平总书记以深厚人民情怀、卓越政治智慧、强烈使命担当，带领全党全国人民开创中国特色社会主义新时代，是众望所归、当之无愧的党的核心、人民领袖、军队统帅。坚定拥护和维护习近平总书记的核心地位，全党就有定盘星，全国人民就有主心骨，中华“复兴”号巨轮就有掌舵者。我们要从政治和全局的高度，深刻理解和准确把握党的十九届六中全会的重大意义，切实把思想和认识统一到习近平总书记重要讲话和全会精神上来，把智慧和力量凝聚到党中央重大决策部署上来。\n会议强调，要深刻认识总结党的百年奋斗重大成就和历史经验的重要意义，深刻认识“两个确立”对新时代党和国家事业发展、对推进中华民族伟大复兴历史进程具有的决定性意义，进一步弄清楚中国共产党为什么能、马克思主义为什么行、中国特色社会主义为什么好的历史逻辑、理论逻辑、实践逻辑，进一步增强毫不动摇维护习近平同志党中央的核心、全党的核心地位，毫不动摇坚持习近平新时代中国特色社会主义思想指导地位的思想自觉、政治自觉、行动自觉，坚定历史自信，坚守理想信念，在新时代更好坚持和发展中国特色社会主义。要深刻认识党的百年奋斗的初心使命，在新的起点上，保持战略定力、锚定战略目标，牢记“国之大者”，忠实践行人民公安为人民的初心使命，认真履行党和人民赋予的新时代使命任务，努力在实现中华民族伟大复兴的历史进程中贡献更大力量。要深刻认识中国特色社会主义进入新时代的历史性成就和历史性变革，坚定信心决心、激发斗志力量，不断提高政治判断力、政治领悟力、政治执行力，不断增强中国特色社会主义道路自信、理论自信、制度自信、文化自信，矢志不渝做中国特色社会主义事业的建设者和捍卫者。要深刻认识党的百年奋斗历史经验，把党的历史经验作为正确判断形势、科学预见未来、把握历史主动的重要思想武器，作为想问题、作决策、办事情的重要遵循，作为判断重大政治是非的重要依据，作为加强党性修养的重要指引，毫不动摇坚持，与时俱进发展。要深刻认识以史为鉴、开创未来的重要要求，自觉响应党中央号召，充分发挥公安机关职能作用，增强锚定既定奋斗目标、意气风发走向未来的勇气和力量，在实现第二个百年奋斗目标的伟大征程中努力创造更加辉煌的业绩，为党和人民争取更大光荣。\n会议强调，要坚持以党的十九届六中全会精神为引领，忠实履行好党和人民赋予的新时代使命任务。一要着力加强政治建设，毫不动摇地做到“两个维护”。要毫不动摇坚持党对公安工作的绝对领导，着力从政治上建设和掌握公安机关，把做到“两个维护”作为最高政治原则和根本政治规矩，切实增强忠诚核心、拥护核心、跟随核心、捍卫核心的高度自觉，确保任何时候任何情况下都坚决听从习总书记命令、服从党中央指挥，做到党中央提倡的坚决响应、党中央决定的坚决执行、党中央禁止的坚决不做。二要着力强化理论武装，确保全警意志和行动高度统一。要把学习贯彻习近平新时代中国特色社会主义思想作为首要政治任务，大力推进理论学习常态化制度化规范化，重点学习习近平法治思想和习近平总书记关于新时代公安工作的重要论述，夯实打牢高举旗帜、听党指挥、忠诚使命的思想根基，切实把理论学习成果转化为谋划公安工作的思路、更好履行职责的举措和改进工作方法的本领。三要着力发扬斗争精神，坚决维护国家政治安全和社会大局稳定。要保持战略定力、强化底线思维，发扬斗争精神、坚定斗争意志，增强斗争本领、掌握斗争主动，始终把防范政治安全风险置于首位，深入开展反渗透反颠覆反分裂反恐怖斗争，有效防范化解各类重大风险，坚决捍卫国家政治安全。要坚持和发展新时代“枫桥经验”，深入开展常态化矛盾纠纷排查化解工作，常态化推进扫黑除恶斗争，依法严厉打击整治突出违法犯罪活动，加快推进立体化信息化社会治安防控体系建设，健全完善公共安全隐患常态化排查整治机制，不断增强人民群众的获得感、幸福感、安全感。四要着力推进法治公安，不断提高公安执法水平和执法公信力。要深入贯彻习近平法治思想，坚持不懈推进执法规范化建设，大力加强社会主义法治理念教育，健全完善执法制度体系，深化执法权力监督制约机制和执法责任体系改革，不断提高运用法治思维和法治方式打击犯罪、维护稳定、治理社会的能力水平。五要着力深化公安改革，推动新时代公安工作高质量发展。要深入实施改革强警、科技兴警“两大战略”，稳妥推进市县公安机关大部门、大警种制改革，深入推进“情指勤舆”一体化实战化运行机制改革，加快构建适应新发展阶段要求的现代警务体系，全面推动公安工作质量变革、效率变革、动力变革。六要着力推进自我革命，努力锻造“四个铁一般”公安铁军。要毫不动摇地坚持政治建警、全面从严治警，压紧压实全面从严管党治警责任，严肃党内政治生活，加强党内政治监督，严肃查处各类违纪违法问题和腐败现象，持续深化肃清孙力军等人流毒影响各项工作，持之以恒正风肃纪，以自我革命精神推进公安队伍革命化正规化专业化职业化建设，着力锻造一支党和人民信得过、靠得住、能放心的过硬公安铁军。\n会议要求，要加强对学习贯彻党的十九届六中全会精神的组织领导，确保取得实实在在的成效。公安部要在学习贯彻上走在前、作表率，迅速在直属机关和垂管单位组织开展形式多样的学习宣传贯彻活动，不断把学习宣传贯彻工作推向深入。要以学习全会精神为重点巩固党史学习教育成果，扎实开展教育整顿“回头看”，常态化推进全面从严管党治警。要牢牢绷紧安全稳定这根弦，加强工作部署、严密工作措施、强化指挥调度，从严从实抓好防风险、保安全、护稳定各项工作，扎实抓好元旦、春节、冬奥会安保维稳工作，毫不松懈地做好疫情防控工作，确保社会大局持续安全稳定。要紧紧围绕贯彻全会精神，认真谋划明年公安工作思路和举措，研究制定明年维护国家政治安全和社会稳定的工作方案，下好先手棋，打好主动仗，努力为党的二十大胜利召开创造安全稳定的政治社会环境。\n公安部党委副书记、常务副部长王小洪主持会议，部党委委员、副部长许甘露传达了党的十九届六中全会精神，在京部党委委员出席会议。部直属机关干部在主会场或通过机关网络电视系统参加会议。（图：满博）\n', 'http://cyberpolice.mps.gov.cn/wfjb/html/gzdt/20211117/4739.shtml', NULL, 0);
INSERT INTO `information` VALUES (65, '公安部召开党委（扩大）会议认真学习贯彻党的十九届六中全会精神激励全警以史为鉴开创未来忠实履行新时代使命任务', '2021-11-17', '公安部官网', '11月12日，国务委员、公安部党委书记、部长赵克志主持召开公安部党委（扩大）会议，认真传达学习领会党的十九届六中全会精神，研究贯彻落实意见。\n国务委员、公安部党委书记、部长赵克志11月12日主持召开公安部党委（扩大）会议，认真传达学习领会党的十九届六中全会精神，研究贯彻落实意见。会议强调，要认真学习贯彻习近平总书记在党的十九届六中全会上的重要讲话和全会精神，增强“四个意识”、坚定“四个自信”、做到“两个维护”，激励全警以史为鉴、开创未来，埋头苦干、勇毅前行，忠实履行好党和人民赋予的新时代使命任务，为实现第二个百年奋斗目标、实现中华民族伟大复兴的中国梦作出新的更大贡献。\n会议指出，党的十九届六中全会是在党成立一百周年的重要历史时刻，在党和人民胜利实现第一个百年奋斗目标、全面建成小康社会，正在向着全面建成社会主义现代化强国的第二个百年奋斗目标迈进的重大历史关头，召开的一次具有重大历史意义的会议。习近平总书记在全会上的重要讲话，视野宏阔、内涵丰富，凝心聚力、催人奋进，具有很强的政治性、思想性、战略性和指导性。全会审议通过的《中共中央关于党的百年奋斗重大成就和历史经验的决议》，是一篇光辉的马克思主义纲领性文献，是新时代中国共产党人牢记初心使命、坚持和发展中国特色社会主义的政治宣言，是以史为鉴、开创未来、实现中华民族伟大复兴的行动指南，必将激励全党在新时代新征程上赢得更加伟大的胜利和荣光。确立习近平同志党中央的核心、全党的核心地位，确立习近平新时代中国特色社会主义思想的指导地位，反映了全党全军全国各族人民共同心愿，对新时代党和国家事业发展、对推进中华民族伟大复兴历史进程具有决定性意义。我们要更加紧密地团结在以习近平同志为核心的党中央周围，坚定拥护和维护习近平总书记的核心地位，全面贯彻习近平新时代中国特色社会主义思想，大力弘扬伟大建党精神，以史为鉴、开创未来，埋头苦干、勇毅前行，以优异成绩迎接党的二十大召开，为实现第二个百年奋斗目标、实现中华民族伟大复兴的中国梦不懈奋斗。\n会议强调，要深刻学习领会党的十九届六中全会精神，切实把思想和行动统一到全会精神要求上来。要深刻认识总结党的百年奋斗重大成就和历史经验的重要意义，从党的百年奋斗中看清楚过去我们为什么能够成功、弄明白未来我们怎样才能继续成功，弄清楚中国共产党为什么能、马克思主义为什么行、中国特色社会主义为什么好的历史逻辑、理论逻辑、实践逻辑。要深刻认识党的百年奋斗的初心使命，在新的历史起点上，保持战略定力、锚定战略目标，牢记“国之大者”，忠实践行人民公安为人民的初心使命，在实现中华民族伟大复兴的历史进程中贡献公安力量。要深刻认识中国特色社会主义进入新时代的历史性成就和历史性变革，进一步提高政治判断力、政治领悟力、政治执行力，更加坚定不移在新时代坚持和发展中国特色社会主义。要深刻认识党的百年奋斗历史经验，倍加珍惜、长期坚持“十个坚持”的历史经验，把“十个坚持”同习近平总书记“七一”重要讲话提出的“九个必须”结合起来，一体学习理解、一体贯彻落实。要深刻认识以史为鉴、开创未来的重要要求，以咬定青山不放松的执着奋力实现既定目标，以行百里者半九十的清醒不懈推进中华民族伟大复兴。\n会议强调，学习好、宣传好、贯彻好党的十九届六中全会精神，是当前和今后一个时期公安机关的重大政治任务。公安部机关要以领导班子和领导干部为重点，扎实抓好全会精神的学习宣传贯彻，努力在学习贯彻中走在前、作表率。要组织部机关广大党员干部原原本本学、深入思考学、结合实际学，全面系统学习领会全会精神的丰富内涵与核心要义，不断把学习宣传工作引向深入，切实从党的奋斗历程中汲取智慧和力量。\n会议要求，要坚定历史自信，自觉坚守理想信念。要坚持以习近平新时代中国特色社会主义思想为指导，坚持把理想信念教育作为育警铸魂、固本培元的战略工程常抓不懈，始终牢记党的性质宗旨和初心使命，大力弘扬伟大建党精神，着力把牢世界观、人生观、价值观这个“总开关”，切实筑牢信仰之基、补足精神之钙、把稳思想之舵，不断坚定对马克思主义的信仰、对中国特色社会主义的信念、对实现中华民族伟大复兴中国梦的信心，矢志不渝做中国特色社会主义事业的建设者捍卫者。\n会议要求，要加强政治建设，坚决做到“两个维护”。确立习近平同志党中央的核心、全党的核心地位，确立习近平新时代中国特色社会主义思想的指导地位，体现全党意志，反映人民心声，是时代呼唤、历史选择、民心所向。要深刻认识“两个维护”的历史必然性和极端重要性，始终把旗帜鲜明讲政治作为第一要求、把讲忠诚作为第一标准，不断强化忠诚核心、拥护核心、跟随核心、捍卫核心的高度思想自觉、政治自觉、行动自觉，毫不动摇地坚持习近平总书记领航掌舵，确保在任何时候、任何情况下都坚决听从习总书记命令、服从党中央指挥。\n会议要求，要坚定担当责任，坚决担负起新时代使命任务。要贯彻总体国家安全观，统筹发展和安全，坚持国家利益至上、人民至上，以政治安全为根本，以人民安全为宗旨，始终把防范政治安全风险置于首位，严密防范和严厉打击敌对势力渗透颠覆捣乱破坏活动，深入开展矛盾纠纷排查化解工作，常态化开展扫黑除恶斗争，坚决打击整治电信网络诈骗等突出违法犯罪活动，健全完善安全隐患常态化排查整治机制，切实维护人民群众的生命财产安全，不断增强人民群众的获得感、幸福感、安全感。\n会议要求，要坚持斗争精神，不断增强维护国家政治安全和社会稳定的意志本领。要发扬斗争精神，坚定斗争意志，下好先手棋、打好主动仗，在原则问题上寸步不让、寸土不让，坚决维护国家主权、安全、发展利益。要聚焦增强斗争本领，下大力气固根基、补短板、强弱项，坚决打好重大涉稳风险防范化解主动仗、社会治安防控体系建设整体仗、重点领域打击整治攻坚仗，不断提升维护国家政治安全和社会稳定的能力水平，为新征程上续写“社会长期稳定”奇迹新篇章作出新贡献。\n会议要求，要坚决肃清孙力军等人流毒影响，着力锻造“四个铁一般”公安铁军。要切实增强全面从严治党永远在路上的政治自觉，毫不动摇坚持全面从严管党治警，坚决从思想上、政治上、组织上、作风上肃清孙力军等人流毒影响，大力推进公安队伍革命化正规化专业化职业化建设，着力锤炼“四个铁一般”的过硬公安队伍，为履行好新时代使命任务提供强有力保证。\n会议要求，要深化公安改革，坚定不移走改革强警、科技兴警之路。要做精机关、做优警种、做强基层、做实基础，进一步推进市县公安机关大部门、大警种制改革，不断加强和改进以派出所为重点的基层基础工作。要加快推进重点领域制度机制建设，深化执法权力运行机制改革，强化执法权力监督制约，切实把严格规范公正文明执法落到实处，不断提升公安工作法治化水平和执法公信力。要深入推进大数据智能化建设应用，全面助推公安工作质量变革、效率变革、动力变革。\n', 'http://cyberpolice.mps.gov.cn/wfjb/html/gzdt/20211117/4740.shtml', NULL, 0);
INSERT INTO `information` VALUES (66, '全国公安队伍教育整顿领导小组办公室第四次主任（扩大）会议召开以更大力度更实举措推动教育整顿走深走实', '2021-11-17', '公安部官网', '全国公安队伍教育整顿领导小组办公室第四次主任（扩大）会议11月5日在京召开，公安部党委副书记、常务副部长、全国公安队伍教育整顿领导小组第一副组长兼办公室主任王小洪出席并讲话。会议强调，要深入学习贯彻习近平总书记重要指示精神和党中央决策部署，按照全国政法队伍教育整顿领导小组、中央政法机关督导一组和部党委部署要求，充分认识孙力军等人严重违纪违法问题的严重危害性，以更大力度、更实举措，深入开展自查自纠、肃清流毒、线索查办、顽疾整治等工作，推动公安部队伍教育整顿走深走实。\n会议要求，宽严政策要把握好、运用足。各单位主要负责同志要严格落实“第一责任人”责任，开展好新一轮谈心谈话和自查填报，讲清讲透“自查从宽、被查从严”政策，教育引导干部民警把握住最后政策“窗口期”。对主动说明、如实讲清问题的，依规依纪依法从轻处理；对躲闪遮掩欺瞒组织的，依规依纪依法从严查处。肃清流毒要更全面、更彻底。对涉及孙力军等人严重违纪违法问题的人和事，要逐一开展工作，全面回溯、深挖彻查，决不允许含含糊糊。线索查办要见案子、见结果。要认真梳理线索，把线索转换成案件，把案件转换成成果，加大力度、加快进度，整合力量、形成拳头，依规依纪依法严肃查处，切实形成有力震慑。顽疾整治要具体抓、深入抓。要聚焦机关和条线突出顽瘴痼疾，持续深入查找梳理本部门、本警种多发性、顽固性、反复性问题，全链条发力、全系统整治；要高效推进建章立制，推动整改成果制度化、规范化、长效化。要在总结提升环节严格做好评估验收，抓好工作总结和“回头看”工作。要加强统筹、科学安排，以防风险、保安全、护稳定的实绩检验教育整顿的成效。\n', 'http://cyberpolice.mps.gov.cn/wfjb/html/gzdt/20211117/4741.shtml', NULL, 0);
INSERT INTO `information` VALUES (67, '公安部党委（扩大）会暨全国公安队伍教育整顿领导小组第六次会议召开确保教育整顿取得实效激发履职尽责强大动力努力为党的十九届六中全会创造安全稳定环境', '2021-11-08', '公安部官网', '国务委员、公安部党委书记、部长、全国公安队伍教育整顿领导小组组长赵克志11月4日主持召开公安部党委（扩大）会暨全国公安队伍教育整顿领导小组第六次会议，通报部党委教育整顿专题民主生活会、中央第十一指导组座谈指导公安部党史学习教育、国务院第八次大督查有关情况，听取部属7个局级单位推进查纠整改、肃清流毒影响工作情况汇报，对做好党的十九届六中全会安保维稳工作进行再强调再部署。会议强调，要深入学习贯彻习近平总书记“七一”重要讲话精神，增强“四个意识”、坚定“四个自信”、做到“两个维护”，坚持思想不松、标准不降、工作不断、力度不减，坚决彻底肃清孙力军等人流毒影响，深入推进查纠整改，加快推进建章立制，确保教育整顿取得实效，激发履职尽责强大动力，有效维护国家政治安全和社会稳定，努力为党的十九届六中全会胜利召开创造安全稳定环境。\n会议指出，公安部党委11月1日召开教育整顿专题民主生活会，党委同志紧紧围绕会议主题，紧密联系个人思想和工作实际，聚焦深刻汲取孙力军等人严重违纪违法问题的教训，认真查摆剖析自身存在的问题和原因，开展了严肃认真的自我批评和相互批评，达到了统一思想、明确方向、增进团结、凝聚力量的目的。中央政法机关督导一组到会指导，对专题民主生活会给予了充分肯定，并就充分用好这次专题民主生活会成果提出了明确要求。部党委同志要以这次教育整顿专题民主生活会为新起点，不断严肃党内政治生活、严格党内政治监督，增强党内政治生活的政治性、时代性、原则性、战斗性，持续深入肃清孙力军等人流毒影响，统筹抓好教育整顿和党史学习教育、中央巡视中长期整改、维护当前安全稳定工作等各项措施落实。部直属机关各单位党组织要精心准备，抓紧召开教育整顿专题民主生活会，深入查摆问题，深挖问题根源，明确整改措施，确保专题民主生活会开出实效。\n会议指出，党史学习教育中央第十一指导组3日到公安部座谈指导，充分肯定了公安部党史学习教育工作和成效，并就贯彻落实中央精神、进一步抓好党史学习教育提出了明确要求。各单位要认真贯彻落实党中央决策部署，按照党史学习教育领导小组和中央第十一指导组要求，深入学习贯彻习近平新时代中国特色社会主义思想，深入学习贯彻习近平总书记“七一”重要讲话和关于加强新时代公安工作的重要论述、重要训词精神，严格工作标准、细化工作措施、加大工作力度，持续深化党史学习教育，做到党史学习教育与队伍教育整顿、维护安全稳定统筹推进、同频共振，进一步激发铸忠诚、守初心、担使命的奋进动力，切实把学习教育成效转化为做好公安工作的实际成效。\n会议要求，要认真落实国务院常务会议听取国务院第八次大督查情况汇报时的要求，高度重视大督查中发现的涉及公安工作的问题，指导地方公安机关汲取教训、加强整改。有关部门警种要督促指导地方公安机关切实抓好相关政策落实和督查发现问题整改，及时回应社会关切。要紧密结合教育整顿查纠整改，着力整治顽瘴痼疾，力戒形式主义、官僚主义，坚决整治不作为乱作为、“庸政”“懒政”等不良现象。\n会议听取了督察审计局等部属7个局级单位推进查纠整改、肃清流毒影响工作情况汇报。会议指出，开展第二批公安队伍教育整顿以来，部党委已连续召开6次党委会暨部教育整顿领导小组会、3次部教育整顿办主任扩大会，听取工作汇报，进行研究部署，到今天为止已全部听取了部机关各单位的汇报。总体上看，各单位查纠整改特别是肃清流毒影响工作进展顺利、成效明显，值得充分肯定。各单位要进一步增强政治责任感、工作紧迫感，抓住11月15日前这个“自查从宽”政策窗口期，紧紧盯住涉及孙力军等人严重违纪违法问题的人、事、线索、单位和顽瘴痼疾整治突出难题，坚持思想不松、标准不降、工作不断、力度不减，进一步加大谈心谈话和自查自纠力度，进一步强化线索核查、执纪审查和案件查办力度，切实做到见人见事见责任、见线索见案子见结果，确保教育整顿不走过场，取得实实在在的成效。\n会议强调，教育整顿既要下大力气抓好“当下治”，更要通过建章立制实现“长久立”。要紧紧围绕孙力军等人严重违纪违法暴露出来的问题短板和深层次原因，紧紧围绕公安队伍两批教育整顿中暴露出来的系统性、普遍性、深层次问题，着力强弱项、补短板、固根基，加快推进建章立制，确保如期完成任务。在总结提升环节要认真组织开展评估验收工作，细化制定评估方案，切实抓好组织实施，确保评估质量和效果评估，结果不合格的单位要进行“补课”“返工”，并纳入教育整顿“回头看”重点单位进行督导。要认真落实全国政法队伍教育整顿领导小组要求和中央政法机关督导一组反馈意见，精心组织好公安部机关教育整顿“回头看”。\n会议强调，党的十九届六中全会即将召开，做好党的十九届六中全会安保维稳工作是当前公安机关的头等大事。当前，维护安全稳定工作任务艰巨繁重，部机关各单位要坚持统筹兼顾，统筹抓好教育整顿、党史学习教育、中央巡视中长期整改和当前维护安全稳定各项工作措施的推进落实，努力为党的十九届六中全会胜利召开创造安全稳定的政治社会环境，以实际行动检验教育整顿成效。要始终把防范政治风险、维护政治安全放在首位，坚持下先手棋、打主动仗，严密防范和打击境内外敌对势力渗透颠覆捣乱破坏活动，严密落实反恐怖斗争各项措施，依法打击治理网上谣言和有害信息，坚决维护国家政治安全。要强化社会面打防管控措施，严密防范、严厉打击严重刑事犯罪和个人极端暴力犯罪，严密落实各项安全监管措施，严防发生危害公共安全的重大案事件、道路交通事故及其他治安灾害事故。要统筹安保维稳和疫情防控，全面落实最高等级的防控勤务和公安武警联勤联动、京津冀联防联控，充分发挥环京护城河作用，为首都安全稳定和疫情防控提供有力保障。要充分发挥“情报、指挥、勤务、舆情”一体化实战化机制作用，加强应急值守、调度指挥，领导干部要在岗在位、坚守岗位，确保各项安保维稳措施落到实处、取得实效。\n', 'http://cyberpolice.mps.gov.cn/wfjb/html/gzdt/20211108/4739.shtml', NULL, 0);
INSERT INTO `information` VALUES (68, '公安部召开党风政风警风监督员调研成果交流会孙新阳出席并讲话冯延主持', '2021-11-08', '人民公安报', '为深入学习贯彻习近平总书记关于政法队伍教育整顿的重要指示精神和党中央有关决策部署，7月至10月，公安部组织107名党风政风警风监督员开展了公安队伍教育整顿专题调研。10月29日，公安部召开调研成果交流会，当面听取监督员意见建议，巩固拓展第一批公安队伍教育整顿成果，助力推动第二批公安队伍教育整顿走深走实。部党委委员、中央纪委国家监委驻公安部纪检监察组组长孙新阳出席并讲话，部党委委员、政治部主任冯延主持。\n孙新阳指出，各位监督员认真履职尽责，踊跃参加调研，察实情、访民意，立足公安中心工作积极建言献策，督促整改，同时，充分利用自身优势和各种渠道，用心用力用情为公安工作鼓与呼，为公安队伍教育整顿提供了有力外部支撑。\n孙新阳要求，要认真贯彻落实党中央决策部署，坚持开门教育整顿的原则要求，忠实践行党的群众路线，自觉接受人民群众监督，以人民群众评价为标准，以人民群众满意为目标，积极回应人民群众关切，推动公安队伍教育整顿深入开展。要“打开门”问计于民、问需于民、问效于民，把人民群众所思所想所盼作为改进工作的动力，深入开展“我为群众办实事”实践活动，让人民群众切实感受到“好处”和“实惠”。要“开大门”畅通外部监督渠道，全方位、深层次、多角度听取人民群众诉求，查找不足，推动整改。要“常开门”请群众常态监督，时刻参与，实现教育整顿“过程受群众监督、效果让群众评判”。要“请进门”主动听取意见建议，邀请监督员参加公安工作会议活动、重大决策意见征询，为监督员履职搭建平台，提供优质服务保障。\n孙新阳强调，教育整顿离不开内外部监督，希望各位监督员继续当好“查纠员”，帮助构建内外结合的大监督格局，防范民警违规违纪违法问题发生。当好“调研员”，广泛搜集社情民意，帮助公安机关改进不足、提升质效。当好“参谋员”，积极建言献策，使公安机关的政策措施更加符合人民群众根本利益。当好“宣传员”，讲好警察故事，融洽警民关系，创造良好执法环境。\n冯延通报了公安队伍教育整顿进展成效情况，她强调，要高度重视监督员提出的意见建议，逐条分析、认真研究、抓好整改，推动公安队伍教育整顿走深走实，全面深化从严管党治警，努力锻造让党中央放心、人民群众满意的高素质过硬公安铁军。\n会上，金一南、徐滔、冯帆、吴金笔、曾香桂、周世虹等6名监督员和有关地方公安机关负责人作了发言。部分监督员、部属有关局级单位负责同志参加会议。\n', 'http://cyberpolice.mps.gov.cn/wfjb/html/gzdt/20211108/4740.shtml', NULL, 0);
INSERT INTO `information` VALUES (69, '公安部印发通知部署全国公安机关在党史学习教育和队伍教育整顿中深入践行伟大建党精神响应伟大号召', '2021-11-08', '人民公安报', '日前，公安部印发通知，要求各级公安机关在党史学习教育和队伍教育整顿中深入践行伟大建党精神响应伟大号召，按照党中央决策部署和公安部党委工作要求，提高政治站位，周密组织实施，全力锻造“三个绝对”“四个铁一般”过硬公安铁军，更好地担负起捍卫政治安全、维护社会安定、保障人民安宁的新时代使命任务，努力为人民公安争取更大光荣。\n通知指出，习近平总书记在庆祝中国共产党成立100周年大会上发表重要讲话，首次提出伟大建党精神，向全体党员发出了为党和人民争取更大光荣的伟大号召。中共中央办公厅、中央党史学习教育领导小组先后发出通知，对认真学习贯彻习近平总书记“七一”重要讲话精神作出部署要求。各级公安机关要深刻把握伟大建党精神、伟大号召的精神实质和时代意义，把深入学习领会伟大建党精神、响应伟大号召作为开展党史学习教育和队伍教育整顿的重要内容，教育引导广大民警深刻理解伟大建党精神是中国共产党的精神之源，深刻领会中国共产党在长期奋斗中构建起的中国共产党人的精神谱系、锤炼出的鲜明政治品格；教育引导广大民警深刻理解习近平总书记“七一”重要讲话对全体共产党员发出伟大号召的政治意义和时代内涵，切实做到牢记初心使命，坚定理想信念，践行党的宗旨，永远保持同人民群众的血肉联系，努力为实现人民对美好生活的向往不懈努力。\n通知强调，要在持续深化党史学习教育中践行伟大建党精神、响应伟大号召，紧紧围绕明理增信、崇德力行，教育引导广大党员干部始终以国家政治安全为大、以人民为重、以坚持和发展中国特色社会主义为本，做到绝对忠诚、绝对纯洁、绝对可靠。要进一步加强理论武装，认真研读习近平总书记关于党的历史的重要论述、党史学习教育指定学习资料和辅导材料，深入学习贯彻习近平法治思想、习近平总书记在全国公安工作会议上的重要讲话和在中国人民警察警旗授旗仪式上的重要训词精神，进一步增强“四个意识”、坚定“四个自信”、做到“两个维护”。要进一步弘扬英模精神，积极选树宣传一批践行伟大建党精神、响应伟大号召的先进集体和优秀个人，大力营造宣传先进、崇尚先进、学习先进、争当先进的良好风尚和热烈氛围。要进一步开展传统教育，用好警察博物馆、革命纪念馆、党史馆、烈士陵园等党和国家红色基因库，引导广大党员干部接受革命传统熏陶和革命精神洗礼。\n通知强调，要在扎实推进队伍教育整顿中践行伟大建党精神、响应伟大号召，坚持以党的政治建设为统领，毫不动摇坚持全面从严管党治警，以践行伟大建党精神、响应伟大号召指引新征程，着力锻造党和人民信得过、靠得住、能放心的过硬公安队伍。要坚决彻底肃清孙力军等人流毒影响，采取有力措施，推动深挖彻查，切实做到坚定纯洁、让党放心。要坚持有案必查、有腐必惩、有贪必肃，始终保持对违纪违法问题“零容忍”，坚决清除害群之马，维护队伍肌体健康。要大力整治顽瘴痼疾，广泛听取群众意见建议，认真梳理分析系统性、普遍性问题，深挖成因根源，找准问题症结，紧紧围绕“四风”和政令不畅、执行不力、影响执法、服务基层不够等问题，持续推进整改整治，切实补齐漏洞短板。\n通知要求，要在解决群众“急难愁盼”问题上践行伟大建党精神、响应伟大号召，始终把人民利益放在心中最高位置，持续推进“我为群众办实事”实践活动，持续深化公安“放管服”改革，推出更多便民利民新举措，进一步提升管理服务工作质量，使群众更满意、企业多获益。要深入开展“我为基层解难题”活动，聚焦制约严格公正执法司法、影响队伍形象的难点问题，推出一批服务基层、服务实战的政策举措，为基层公安机关松绑减负，为基层民警依法履职提供支持保障。要不断深化法治公安建设，扎实推进“阳光警务”机制改革，落实执法公开制度，实行办案质量终身负责制和错案责任倒查问责制，着力推进严格规范公正文明执法，进一步提高公安机关执法公信力。\n通知要求，要在履行公安职责使命中践行伟大建党精神、响应伟大号召，清醒认识当前维护安全稳定工作面临的新形势新任务，进一步增强使命感责任感紧迫感，深入开展反颠覆反恐怖反分裂斗争，加强和创新基层社会治理，深化矛盾纠纷排查化解和公安信访突出问题攻坚化解，始终保持对治安突出问题的严打严防严管严控态势，大力加强公共安全治理体系建设，全力打造“平安中国”升级版。要按照“做精机关、做优警种、做强基层、做实基础”的思路，聚焦战斗力标准，立足实战化要求，深化推进“情指勤舆”一体化实战化运行机制改革，进一步提升警务运行质效和实战能力。要在党委政府领导下，进一步发挥职能作用，严防境外疫情输入风险，依法严厉打击各类涉疫违法犯罪活动，牢固树立“万无一失、一失万无”工作理念，积极践行“细致、精致、极致”工作要求，为党的十九届六中全会和北京冬奥会创造安全稳定的政治社会环境。\n', 'http://cyberpolice.mps.gov.cn/wfjb/html/gzdt/20211108/4741.shtml', NULL, 0);
INSERT INTO `information` VALUES (70, '公安部召开直属机关警示教育大会汲取深刻教训切实引为鉴戒全面从严治警锻造党中央信得过靠得住能放心的机关干部队伍', '2021-11-08', '公安部官网', '10月26日，国务委员、公安部党委书记、部长赵克志主持召开公安部党委（扩大）会议，深入学习领会习近平总书记在中央党校（国家行政学院）中青年干部培训班开班式上、在中央政治局第三十四次集体学习时的重要讲话精神，研究贯彻落实意见。\n国务委员、公安部党委书记、部长赵克志10月26日主持召开公安部党委（扩大）会议，深入学习领会习近平总书记在中央党校（国家行政学院）中青年干部培训班开班式上、在中央政治局第三十四次集体学习时的重要讲话精神，研究贯彻落实意见。会议强调，要深入学习贯彻习近平总书记重要讲话精神，增强“四个意识”、坚定“四个自信”、做到“两个维护”，紧密结合党史学习教育和队伍教育整顿，不断提高政治判断力、政治领悟力、政治执行力，着力锻造忠诚干净担当的过硬干部队伍和“四个铁一般”的过硬公安铁军。\n会议指出，习近平总书记在中央党校（国家行政学院）中青年干部培训班开班式上发表重要讲话，对年轻干部提出“信念坚定、对党忠诚，注重实际、实事求是，勇于担当、善于作为，坚持原则、敢于斗争，严守规矩、不逾底线，勤学苦练、增强本领”的明确要求，勉励年轻干部努力成为可堪大用、能担重任的栋梁之才，不辜负党和人民期望和重托。习近平总书记的重要讲话立意深远、内涵丰富，饱含深情、语重心长，既是对广大年轻干部的关心厚爱和殷切期望，也是对全体党员干部特别是领导干部的殷殷嘱托和谆谆教诲，为我们上了一堂深刻的政治教育课、党性修养课。我们要认真学习领会、坚决贯彻落实，切实把思想和行动统一到习近平总书记重要讲话精神上来，强化理论武装，坚定理想信念，砥砺政治品格，锤炼过硬本领，以忠诚干净担当的实际行动，切实履行好党和人民赋予的新时代使命任务。\n会议强调，要对标对表习近平总书记明确要求，扎实推进公安队伍教育整顿。习近平总书记的重要讲话既是对广大党员干部的殷殷嘱托，又为我们深化教育整顿指明了努力方向。要深刻认识理想信念坚定才能对党忠诚，对党忠诚是对理想信念坚定的最好诠释，通过教育整顿不断加强党对公安工作的绝对领导，筑牢政治忠诚，强化理论武装，切实做到信念坚定、对党忠诚。要深刻认识坚持从实际出发、实事求是，不只是思想方法问题，也是党性强不强问题，在教育整顿查纠整改工作中真正把自己摆进去，说老实话、办老实事、做老实人，教育引导广大党员干部既讲清涉及孙力军等人严重违纪违法问题的人和事，又讲清自身存在的其他违规违纪违法问题，不断纯洁公安队伍、净化政治生态，切实做到注重实际、实事求是。要深刻认识干事担事，是干部的职责所在，也是价值所在，在教育整顿中进一步压紧压实全面从严管党治警的政治责任，勇于自我革命，敢于动真碰硬，坚决彻底肃清孙力军等人流毒影响，坚决清除害群之马，有效整治顽瘴痼疾，切实做到勇于担当、善于作为。要深刻认识坚持原则是共产党人的重要品格，是衡量一个干部是否称职的重要标准，通过教育整顿不断增强党内政治生活的政治性、时代性、原则性、战斗性，讲原则不讲面子、讲党性不徇私情，切实做到坚持原则、敢于斗争。要深刻认识讲规矩、守底线，首先要有敬畏心，通过教育整顿进一步拧紧世界观、人生观、价值观的总开关，牢固树立正确的权力观，敬畏党、敬畏人民、敬畏法纪，严以修身、严以用权、严以律己，切实做到严守规矩、不逾底线。要把教育整顿激发出来的热情转化为做好维护安全稳定工作的强大动力，不断提高履职尽责能力水平，着力锻造“四个铁一般”的过硬公安队伍，切实做到勤学苦练、增强本领。\n会议要求，要加强年轻干部的选拔培养，锻造忠诚干净担当的过硬干部队伍。要把坚定理想信念作为党员干部的终身课题，坚持不懈用习近平新时代中国特色社会主义思想武装头脑，不断坚定马克思主义信仰、共产主义远大理想、中国特色社会主义共同理想，坚决做到“两个维护”，始终在思想上政治上行动上同以习近平同志为核心的党中央保持高度一致。要全面贯彻新时代党的组织路线，坚持党管干部原则，按照新时期好干部标准，严把选人用人政治关、品行关、作风关、廉洁关，切实选好配强领导班子和领导干部，不断强化对领导干部的教育管理和监督制约。要大力加强年轻干部思想政治建设，强化年轻干部选拔培养锻炼，提升年轻干部履职能力水平，激励引导年轻干部担当作为，着力建设绝对忠诚、数量充足、梯次合理、适应新时代公安工作需要的高素质过硬年轻干部队伍，为履行好新时代使命任务提供坚强组织保证和人才储备支撑。\n会议指出，习近平总书记在中央政治局第三十四次集体学习时的重要讲话，深入洞察数字经济发展大势，深刻指出数字经济在国家发展大局中的重大意义和深远影响，对不断做强做优做大数字经济作出了重要部署，为我国数字经济健康发展指明了前进方向。我们要认真学习领会、坚决贯彻落实，始终坚持总体国家安全观，统筹发展和安全两件大事，充分发挥公安机关职能作用，努力为完善数字经济治理体系作出更大贡献。要坚持促进发展和监管规范两手抓、两手都要硬，不断深化公安改革，推进相关领域事前事中事后全链条全领域监管。要依法严厉打击电信网络诈骗等各类涉网犯罪，切实保护人民群众合法权益，全力维护网络数字空间安全，推动提升网络数字空间治理能力水平。要深入推进公安大数据信息化建设应用，有效支撑精准打击、精准防范、精准管控，进一步提升公安工作的整体效能和核心战斗力。（图：满博）\n', 'http://cyberpolice.mps.gov.cn/wfjb/html/gzdt/20211108/4742.shtml', NULL, 0);
INSERT INTO `information` VALUES (71, '郭声琨在全国政法队伍教育整顿政治建设专题会议上强调采取有力措施坚决肃清流毒影响努力打造忠诚干净担当的政法铁军', '2021-10-27', '法制日报', '10月17日，中共中央政治局委员、中央政法委书记、全国政法队伍教育整顿领导小组组长郭声琨出席全国政法队伍教育整顿政治建设专题会议并讲话。\n中共中央政治局委员、中央政法委书记、全国政法队伍教育整顿领导小组组长郭声琨10月17日在全国政法队伍教育整顿政治建设专题会议上强调，要以孙力军等人严重违纪违法问题为鉴戒，进一步增强“四个意识”、坚定“四个自信”、做到“两个维护”，不断提高政治判断力、政治领悟力、政治执行力，始终在政治立场、政治方向、政治原则、政治道路上同以习近平同志为核心的党中央保持高度一致。\n郭声琨强调，要从政治上认清孙力军等人严重违纪违法问题的严重危害性，认真查找问题，深入剖析原因，营造反思警示警醒的氛围，使广大干警从中受到教育、引以为戒，树牢理想信念，严肃党内政治生活，坚决把党中央关于全面从严治党的各项部署要求落到实处。\n郭声琨要求，要紧紧抓住孙力军等人严重违纪违法的重点领域，进行系统全面深入的排查整改，真正堵塞漏洞、扎紧篱笆，防止权力滥用。要采取更加坚决有力的措施，动真碰硬、深挖彻査，确保见人见事见案见结果，确保不留隐患。要强化责任落实，确保查纠整改不走过场。\n会议听取了有关单位和地区情况汇报。\n全国政法队伍教育整顿领导小组副组长赵克志、傅兴国、陈一新，中央纪委常委、国家监委委员崔鹏出席会议。（图：郝帆）\n', 'http://cyberpolice.mps.gov.cn/wfjb/html/gzdt/20211027/4739.shtml', NULL, 0);
INSERT INTO `information` VALUES (72, '全国公安队伍教育整顿领导小组办公室第三次主任（扩大）会议召开毫不松懈地推动肃清流毒影响和查纠整改工作向纵深发展', '2021-10-27', '公安部官网', '全国公安队伍教育整顿领导小组办公室第三次主任（扩大）会议10月26日在京召开。会议强调，要切实把思想和行动统一到习近平总书记关于政法公安队伍建设的重要指示精神和党中央决策部署上来，以更大决心、更强力度，毫不松懈地推动肃清流毒影响和查纠整改工作向纵深发展，确保取得更大成效。\n会议要求，要毫不松懈地推进学习教育，坚持不懈用习近平新时代中国特色社会主义思想武装头脑，持续强化理论武装，持续开展党史学习教育，持续开展英模教育和警示教育，切实把学习教育贯穿教育整顿全过程。要毫不松懈地推进肃清流毒，继续深入开展谈心谈话，严肃认真开好专题民主生活会和组织生活会，深挖彻查涉及孙力军等人的问题线索，对重点部门、重点领域开展全面系统的排查整改，做到自查自纠更深入、组织查处更严格、专项整治更到位，坚决彻底肃清孙力军等人流毒影响。要毫不松懈地推进顽疾整治，狠抓责任落实，加强组织推动，持续深入整治自身突出问题和条线顽瘴痼疾，全面排查解决影响基层当前工作、制约基层长远发展的突出难点问题。要毫不松懈地推进建章立制，科学评估制度缺项，建立健全制度机制，切实加快建章立制项目推进，全面强化制度执行，推动实现常治长效。要毫不松懈地推进稳定工作，全力做好各项重大安保工作，主动服务高质量发展，扎实开展“我为群众办实事”实践活动，切实把教育整顿焕发出来的精气神转化为履职尽责的实际行动。\n', 'http://cyberpolice.mps.gov.cn/wfjb/html/gzdt/20211027/4740.shtml', NULL, 0);
INSERT INTO `information` VALUES (73, '王小洪在《学习时报》发表署名文章：坚持高标准严要求实举措扎实推进公安队伍教育整顿', '2021-10-27', '学习时报', '坚持高标准严要求实举措\n扎实推进公安队伍教育整顿\n公安部党委副书记、分管日常工作的副部长\n开展政法队伍教育整顿，是以习近平同志为核心的党中央作出的一项重大决策部署。抓好公安队伍教育整顿，是从政治上建设公安机关、确保忠诚纯洁可靠的必然要求，是坚持全面从严管党治警、推进公安队伍自我革命的必然要求，是更好回应人民群众新期盼、树立公安队伍新形象的必然要求，是推动公安队伍紧跟时代步伐、在新时代履行好职责使命的必然要求。第一批教育整顿开展以来，市县两级公安机关扎实推进各项任务，解决了一大批顽瘴痼疾，清除了一批害群之马，忠诚警魂不断铸牢，政治生态持续净化，取得了显著成效。当前，第二批教育整顿正在部省两级公安机关深入展开。我们必须深入贯彻落实习近平总书记重要指示精神和党中央决策部署，坚持高标准、严要求、实举措，在认真总结第一批教育整顿工作经验的基础上，突出政治建设、突出表率作用、突出建章立制，着力抓好“四项任务”，扎实推进“三个环节”，使政治生态进一步优化、纪律作风进一步好转、素质能力进一步增强、执法司法公信力进一步提升，锻造一支忠诚干净担当的公安铁军。\n对党忠诚是建警之魂。要牢牢把握“公安姓党”的根本政治属性，以开展党史学习教育为牵引，推动政治教育、警示教育、英模教育不断深化，持续擦亮忠诚底色、磨练忠诚品质，增强“四个意识”、坚定“四个自信”、做到“两个维护”，确保绝对忠诚、绝对纯洁、绝对可靠。突出学习教育重点。深刻认识政治上的坚定源于理论上的清醒，坚持把深入学习贯彻习近平总书记“七一”重要讲话精神作为核心内容，从党的百年奋斗史中感悟真理力量，深入理解把握马克思主义中国化成果特别是习近平新时代中国特色社会主义思想的科学性真理性，筑牢做到“两个维护”的思想基础；深入学习贯彻习近平法治思想和习近平总书记关于加强新时代公安工作的重要论述、重要训词精神，努力学深悟透、融会贯通，增强高举旗帜、听党指挥、忠诚使命的思想自觉、政治自觉、行动自觉。丰富学习教育形式。坚持“组织+个人”“线上+线下”，依托党委会、党委理论学习中心组学习、专题党课等载体形式，深入开展以“两个维护”为主要内容的忠诚教育，分级分批开展政治轮训，确保全员覆盖、入脑入心。坚持正面引导和反面警示相结合，深入开展向崔道植等“七一勋章”获得者、全国“两优一先”和公安英雄模范学习活动，用英雄模范的先进事迹感召激励，营造学习英模、崇尚英模、争当英模的风尚；结合近年来查处的公安机关领导干部严重违纪违法案例，尤其是第一批教育整顿期间查办的重大典型案例，采取多种形式以案明纪、以案释法、以案促改，营造反思、警示、警醒的氛围。提升学习教育实效。持续在学出信仰、学出忠诚、学出担当上下功夫，增强对习近平新时代中国特色社会主义思想的政治认同、思想认同、理论认同和情感认同，坚定对马克思主义的信仰、对中国特色社会主义的信念、对实现中华民族伟大复兴中国梦的信心，立足“两个大局”，心怀“国之大者”，不断提高政治判断力、政治领悟力、政治执行力，做到在大是大非面前旗帜鲜明、在大风大浪面前无所畏惧、在各种诱惑考验面前立场坚定，更好地担当新使命、护航新征程。\n问题查纠深不深，体现态度真不真。对各类违纪违法问题，要坚持无禁区、全覆盖、零容忍，以刀刃向内的决心、刮骨疗毒的勇气，动真碰硬、深挖彻查，并准确区分问题性质情节，充分运用“自查从宽、被查从严”政策，精准运用“四种形态”，既坚决清除害群之马，又全力做到治病救人，坚决维护公安队伍肌体健康。肃清流毒更彻底。把全面彻底肃清孙力军等人流毒影响置于突出位置来抓，在思想上深刻认识这些人给党和人民事业造成的严重危害、对公安机关政治生态和队伍形象造成的极大破坏，逐人反思查摆，自觉讲清问题、划清界限、肃清影响；在组织上深入查找落实全面从严管党治警存在的短板不足，严肃党内政治生活，严格党内政治监督，严守政治纪律和政治规矩，切实增强党内政治生活的政治性、时代性、原则性、战斗性；在工作上着力完善权力运行监督制约机制，严格制度规范执行，严密审核审批等流程，加强常态化监督管理，严防发生公器私用、滥权妄为等问题；在执纪上综合采取自我查、组织查、督导查等多种方式，见人见事见思想见案子，彻底清查搞团团伙伙、结党营私的“两面派”“两面人”，彻底清除政治隐患。自查自纠更主动。深入细致做好政策宣讲和思想发动，层层开展谈心谈话，教育引导干部民警相信组织、相信政策，打消思想顾虑、破除侥幸心理，自觉对照党纪国法，主动向组织讲清存在的问题，做到打开心结、放下包袱，修正错误、轻装上阵。对主动交代问题经查属实的，依规依纪依法落实从宽政策，切实增强政策感召力。组织查处更坚决。全面深入排查各类违纪违法线索举报平台和中央督导组转交的问题线索，注重从第一批教育整顿查处的违纪违法案件中深挖扩线，重点严查党的十八大以来不收敛不收手的腐败行为，深查利用政策标准制定权为少数企业“量身定制”“留后门”，通过披着合法合规外衣搞重复建设、利益输送等问题，发现一起、查处一起、问责一起，持续保持高压态势。\n教育整顿既要坚决清除害群之马，也要强力整治群众深恶痛绝、损害社会公平正义、影响执法司法公信力的各类顽瘴痼疾。要聚焦机关和条线突出顽瘴痼疾，坚持全链条发力、全系统整治，边查边治边建，分类施策、对症下药，有效破除制度性、体制性、机制性障碍，务求药到病除、实效长效。结合实际抓整治。坚持规定动作和自选动作相结合，总结完善“6＋N”模式，在抓好“六大顽瘴痼疾”整治的基础上，结合各自特点，深入查找梳理本部门、本警种、本地区多发性、顽固性、反复性问题，深挖成因根源，找准问题症结，推动个性问题和共性问题、显性问题和深层次问题一起解决。靶向治疗抓整治。重点针对政令不畅、执行不力，干预司法、插手案件处理、充当司法掮客、违规插手经济纠纷、违规插手干预重大工程建设、干部家属利用干部职权或者职务上的影响从事经营活动，以及形式主义、官僚主义等顽瘴痼疾，逐一把脉会诊、找准“病根”、开出药方，定内容、定措施、定目标，明确责任单位、责任人和整改时限，确保措施精准、整改到位。建章立制抓整治。坚持“当下治”与“长久立”相结合，深挖系统性、普遍性问题背后制度层面的原因，针对性进行完善，彻底堵塞漏洞，推动整改成果制度化、规范化、长效化。特别是聚焦严格规范公正文明执法这一公安工作的生命线，持续开展执法突出问题专项整治，加快推动重点领域立法及制度建设，深化执法监督管理机制改革，努力构建全链条、闭环式、可查询、可追溯的执法办案机制，不断提升公安工作法治化水平和执法公信力。\n作风体现的是党风，展现的是警风。部省两级公安机关是政治机关、领导机关，要大力弘扬党的光荣传统和优良作风，突出民意导向、基层导向、实干导向，以反复抓、抓反复的韧劲促进纪律作风进一步好转、机关形象进一步提升，努力当标杆、作表率。在便民利民上体现好作风。始终把群众满意作为第一追求，坚持开门搞整顿，聚焦群众意见建议和关切需求，扎实开展“我为群众办实事”实践活动，重点围绕方便群众生产生活、激发市场主体活力，在移民出入境管理、治安户政管理、道路交通管理等领域持续发力，继续深化公安“放管服”改革，抓好公共服务领域“关键小事”30项工作措施的落地落实，让人民群众切身感受到实实在在的成果和便利。在服务基层上体现好作风。牢固树立大抓基层、大抓基础的鲜明导向，充分发挥条线指导、政策供给作用，深入开展“我为基层解难题”活动，全面排查起底影响基层当前工作、制约基层长远发展的突出难点问题，积极探索构建新型警务机制，既做好“加法”，在科技、资源、保障等方面为基层科学赋能，不断提升基层战斗力；又做好“减法”，下大力气解决文山会海、检查考核过多等问题，真正让基层有更多精力投入工作。在干部状态上体现好作风。在严格落实全面从严管党治警各项措施的基础上，突出实干实绩导向，完善干部常态化轮岗交流机制，注重在重大工作、重大斗争第一线培养锤炼干部，做到能者上、优者奖、庸者下、劣者汰，切实营造担当作为、干事创业的浓厚氛围。\n教育整顿成效如何，关键看主责主业抓得怎么样。要坚持统筹兼顾、整体谋划，把教育整顿焕发出来的精气神转化为履行好新时代职责使命的实际行动，紧紧围绕即将到来的北京冬奥会等重大活动，从严从实从细抓好安保维稳各项工作，切实以工作的实绩体现教育整顿的成效。坚决捍卫政治安全。始终把维护国家政治安全置于首位，敢于斗争、善于斗争，健全工作体系、提升斗争能力，深入开展反渗透反颠覆反分裂反恐怖斗争，严密防范、严厉打击各种捣乱破坏活动，坚决捍卫中国共产党的长期执政地位、捍卫人民民主专政的国家政权、捍卫中国特色社会主义制度、捍卫我国宪法的权威和尊严。稳妥化解矛盾风险。坚持和发展新时代“枫桥经验”，坚持抓早抓小抓苗头，推进“枫桥式公安派出所”创建和公安信访突出问题攻坚化解，密切关注、动态排查、及时预警相关突出风险，积极推动做好疏导化解、源头管控等工作，努力做到察之于未萌、处之于未发。牢牢掌控治安局势。完善立体化、信息化社会治安防控体系，推进常态化扫黑除恶斗争，深入开展专项打击整治行动，严厉打击电信网络诈骗、跨境赌博、涉枪涉爆等突出违法犯罪活动，深化重点部位、重点区域治安问题整治，持续营造良好社会治安环境。全力维护公共安全。紧盯公共交通、大型活动和新技术、新业态等领域，完善监管机制措施，创新监管方法手段，滚动开展隐患排查整治，严防发生重特大公共安全事故；紧盯重大突发公共卫生事件和各类自然灾害，立足公安机关职责，加强风险研判、资源储备、实战演练等工作，不断提升应急处置能力水平。尤其是当前，紧盯国际国内疫情形势变化，同有关部门密切协作，严格落实“外防输入、内防反弹”各项措施，全力保护人民生命安全和身体健康。\n', 'http://cyberpolice.mps.gov.cn/wfjb/html/gzdt/20211027/4741.shtml', NULL, 0);
INSERT INTO `information` VALUES (74, '公安部召开直属机关警示教育大会汲取深刻教训切实引为鉴戒全面从严治警锻造党中央信得过靠得住能放心的机关干部队伍', '2021-10-27', '公安部官网', '10月21日，公安部召开直属机关警示教育大会。\n公安部10月21日召开直属机关警示教育大会，国务委员、公安部党委书记、部长赵克志出席并讲话。会议强调，要深入贯彻落实以习近平同志为核心的党中央关于政法队伍教育整顿和深化反腐败斗争的决策部署，增强“四个意识”、坚定“四个自信”、做到“两个维护”，不断提高政治判断力、政治领悟力、政治执行力，以孙力军等人严重违纪违法问题为鉴戒，开展警示教育，汲取深刻教训，坚决彻底肃清孙力军等人流毒影响，推动教育整顿查纠整改走深走实，着力锻造一支党中央信得过、靠得住、能放心的部机关干部队伍。\n会议指出，孙力军等人严重违纪违法问题，严重破坏党的团结统一，严重危害党和国家政治安全，严重损害党的形象和执政根基，严重破坏公安机关政治生态，严重损害公安队伍形象。要深刻认识孙力军等人严重违纪违法问题给党和人民事业、给公安工作和公安队伍建设造成的严重危害，切实把思想和行动统一到党中央决策部署上来，始终在思想上政治上行动上同以习近平同志为核心的党中央保持高度一致，坚定不移地抓好党中央关于全面从严管党治警各项部署要求的落实。\n会议指出，孙力军等人严重违纪违法问题警示我们，党纪国法是一道任何人都不可触碰的“底线”“红线”“高压线”，党内决不允许腐败分子有任何藏身之地。要深刻汲取孙力军等人严重违纪违法问题的教训，聚焦忠诚干净担当，勇于自我革命，进一步强化政治建警、全面从严治警。\n会议强调，必须对党忠诚老实，坚决做到“两个维护”。要把讲政治作为第一要求、把讲忠诚作为第一标准，把坚决做到“两个维护”作为最根本的政治纪律和政治规矩，切实增强忠诚核心、拥护核心、跟随核心、捍卫核心的思想自觉政治自觉行动自觉，始终在政治立场、政治方向、政治原则、政治道路上同以习近平同志为核心的党中央保持高度一致，确保绝对忠诚、绝对纯洁、绝对可靠。要始终对党赤胆忠心、襟怀坦白，说老实话、办老实事、做老实人，决不允许做“两面人”、搞“伪忠诚”，决不允许同党离心离德、对党中央阳奉阴违。要严守政治纪律和政治规矩，牢记“五个必须”，严防“七个有之”，坚决同一切违背和损害“两个维护”的言行作斗争，坚决维护党的团结统一，切实做到党中央提倡的坚决响应、党中央决定的坚决执行、党中央禁止的坚决不做。\n会议要求，必须树牢理想信念，始终保持务实为民的优良作风。要把坚定理想信念作为安身立命的根本，始终牢记党的性质宗旨和初心使命，大力弘扬伟大建党精神，自觉改造世界观、人生观、价值观，切实筑牢信仰之基、补足精神之钙、把稳思想之舵。要把深入学习贯彻习近平新时代中国特色社会主义思想特别是习近平法治思想、深入学习贯彻习近平总书记关于新时代公安工作的重要论述作为首要政治任务，坚持不懈地用以武装头脑、指导实践、推动工作。要深入开展党史学习教育，传承红色基因，赓续红色血脉，弘扬英模精神，发扬优良作风，打牢高举旗帜、听党指挥、忠诚使命的思想根基。要自觉践行党的群众路线，把全心全意为人民服务作为终身追求，始终保持同人民群众的血肉联系，忠实践行人民公安为人民的初心使命。\n会议强调，必须全面贯彻新时代党的组织路线，着力净化党内政治生态。要坚持党管干部原则，按照新时期好干部标准，严把选人用人政治关、品行关、作风关、廉洁关，切实选好配好领导班子和领导干部。要坚持公道正派选人用人，严格按规则、按制度办事，坚决整治选人用人不正之风，严禁买官卖官、跑官要官、拉票贿选，严禁说情打招呼、个人说了算，严禁搞亲亲疏疏、封官许愿、收买人心那一套。要规范和纯洁党内同志交往，倡导清清爽爽的同志关系、规规矩矩的上下级关系，坚决抵制庸俗腐朽的不良风气，任何人都不能把党的干部当作私有财产，不能搞人身依附。要健全完善常态化干部轮岗交流机制，深入推进部属各单位干部交流任职。\n会议要求，必须严肃党内政治生活，着力增强党内政治生活的政治性、时代性、原则性、战斗性。要严格执行《关于新形势下党内政治生活的若干准则》，严肃党内政治生活、严格党内政治监督，不断推动党内政治生活制度化、规范化、经常化。要严格执行民主集中制这一根本组织制度，严格落实“三重一大”等重大事项决策机制，做到按程序决策、按规矩办事、按制度落实。要切实拿起批评和自我批评这个有力武器，坚持原则、敢于斗争，做到讲原则不讲面子、讲党性不讲私情，坚决抵制庸俗作风。要严格落实“三会一课”、民主生活会、组织生活会、谈心谈话、民主评议党员等组织生活制度，提高党内政治生活质量，切实把党内教育、管理、监督等各项措施落到实处。\n会议强调，必须坚定不移推进反腐败斗争，永葆清正廉洁的政治本色。要始终保持清醒头脑，保持高压态势，坚持有案必查、有腐必惩，着力增强发现和查处腐败问题的能力，以顽强意志品质打好党风廉政建设和反腐败斗争攻坚战、持久战。要深化权力集中、腐败易发多发领域反腐败工作，重点查处政治问题和经济问题相互交织的腐败，清除党内政治隐患。要持之以恒纠“四风”、树新风。要加强对“一把手”和领导班子监督，强化对重要领导岗位干部的教育管理和监督约束，确保权力始终在正确轨道上运行。要一体推进不敢腐、不能腐、不想腐，坚决斩断利益输送链条，铲除腐败滋生土壤。要牢固树立正确权力观，始终为民秉公用权、规范廉洁用权。要坚持以身作则、严格自律，从严管好家属子女和身边工作人员，切实做到自身清、自身净、自身正、自身硬，永远保持共产党人的浩然正气和廉洁操守。\n会议强调，党中央严肃查处孙力军等人严重违纪违法问题，是开展政法队伍教育整顿和深化反腐败斗争的重大成果。要进一步提高政治敏锐性和政治鉴别力，增强政治责任感和工作紧迫感，以更加严肃的态度、更加严格的要求和更加过硬的措施，坚决彻底肃清孙力军等人流毒影响，不断推进查纠整改走深走实。\n会议要求，要进一步深化思想认识、坚定信心决心。深刻认识肃清流毒影响的长期性、复杂性、艰巨性，以坚定自觉的态度和自我革命的精神深入对照查摆问题、深入开展自我剖析，努力在思想上得到一次深刻洗礼、在政治上得到一次真正淬炼、在党性上得到一次全面升华。要进一步聚焦重点领域、深入排查问题。坚持领导带头、以上率下，深入排查涉及孙力军等人严重违纪违法问题的“人”“事”“案”，同时全面查摆有没有违反党纪党规和警纪警规的其他问题，切实做到问题不查清不放过、责任不落实不放过、整改不到位不放过。要进一步加强深挖彻查、务必见到结果。采取更加坚决有力的措施，加强思想发动，坚持动真碰硬，确保见人见事、见案件见结果，确保不留隐患。对自查自纠阶段主动说明、如实讲清问题的，依规依纪依法从轻处理；对拒不交代、被组织查处的，依规依纪依法从严惩处；对对抗组织调查的，依规依纪依法从重惩处。要进一步强化问题导向、加强建章立制。深刻剖析问题根源，加强顶层设计，统筹研究谋划，建立健全相关制度规范，努力推动问题取得实质性、根本性解决。要严格落实制度、强化制度执行力，健全制度执行监督机制，教育引导广大党员干部严格按照制度和程序履职尽责、行使权力、开展工作。要进一步压紧压实责任、确保不走过场。强化政治担当，拧紧责任链条，确保查纠整改各项工作要求如期高质量推进。要坚持统筹兼顾，一手抓教育整顿查纠整改推进，一手抓维护安全稳定措施落实，确保查纠整改不走过场、安全稳定不出问题，努力为党的十九届六中全会胜利召开创造安全稳定的政治社会环境。\n这次会议既是一次警示教育，也是一次教育整顿专题党课。中央政法机关督导一组组长、重庆市人大常委会主任张轩和督导一组全体同志到会指导。公安部党委副书记、常务副部长王小洪主持会议，在京部党委委员出席会议。部属各局级单位主要负责同志和驻部纪检监察组、国家移民管理局负责同志，各局级单位党员干部代表在主会场参加会议，其他党员干部在分会场或通过机关网络电视系统参加会议。（图：满博）\n', 'http://cyberpolice.mps.gov.cn/wfjb/html/gzdt/20211027/4742.shtml', NULL, 0);
INSERT INTO `information` VALUES (75, '公安部印发关于常态化开展扫黑除恶斗争的意见', '2021-10-27', '公安部官网', '为深入贯彻落实党中央决策部署，根据中共中央办公厅、国务院办公厅《关于常态化开展扫黑除恶斗争巩固专项斗争成果的意见》，公安部近日制定并印发《公安部关于常态化开展扫黑除恶斗争的意见》（以下简称《意见》），对公安机关常态化开展扫黑除恶斗争作出安排部署。\n《意见》指出，党的十九大以来，在以习近平同志为核心的党中央坚强领导下，扫黑除恶专项斗争取得显著成效。各级公安机关要进一步提高政治站位，切实增强“四个意识”、坚定“四个自信”、做到“两个维护”，紧紧围绕对党忠诚、服务人民、执法公正、纪律严明总要求，坚持党的领导，坚持依靠群众，坚持打早打小，坚持除恶务尽，坚持依法办案，坚持标本兼治，充分发挥主力军作用，全面提升公安机关扫黑除恶法治化、规范化、专业化水平，为巩固党的执政基础，确保人民安居乐业、社会安定有序、国家长治久安奠定坚实基础。\n《意见》强调，要始终保持对黑恶势力犯罪的严打高压态势。强化主动进攻，把打击锋芒始终对准群众反映最强烈、最深恶痛绝的各类黑恶势力违法犯罪；明确侦办黑恶势力犯罪案件实行属地主责、实行专案专办；加强案件督办，公安部每年挂牌督办一批涉黑涉恶大要案，对特别重大、复杂的，提请全国扫黑办挂牌督办；坚决“打伞破网”，把扫黑除恶斗争与反腐败相结合；坚持侦查办案与“打财断血”同步开展，全面追缴、彻底铲除黑恶势力经济基础。\n《意见》要求，要切实加强和规范线索摸排核查工作。广泛收集线索，畅通举报渠道，进一步激发群众检举揭发黑恶势力违法犯罪及其“保护伞”的热情；规范核查工作，及时分类筛查涉黑涉恶线索；落实核查责任，成立核查专班，逐项明确核查任务、要求和责任；组织抽查复核，上级公安机关要加强对下级公安机关线索核查工作的监督。\n《意见》要求，要坚决铲除黑恶势力滋生土壤。整治治安乱点，全力遏制黑恶势力犯罪交织蔓延，促进社会治安持续向好；严防新型犯罪，依法严厉打击利用信息网络实施黑恶势力犯罪，建立网上网下一体化打防管控模式；巩固基层政权，把扫黑除恶斗争与加强基层组织建设紧密结合，严防黑恶势力向基层组织渗透；推动源头治理，发挥职能作用，加强与行业领域监管部门信息共享、工作联动，协同推进行业领域专项整治。\n《意见》要求，要始终坚持严格依法规范办案。准确适用法律，严格把握法律政策界限，全面落实宽严相济刑事政策；规范收集证据，积极适应以审判为中心的刑事诉讼制度，依法全面收集证据；依法保护民营企业合法权益，依法保障辩护律师执业权利；实行专案记录，侦办黑恶势力案件实行全程记录制度；加强办案指导，定期组织开展重点涉黑涉恶案件执法办案检查，切实提高执法办案水平。\n《意见》要求，要建强专门队伍，明确职责任务，从严监督管理，加强民警保护，持续提升扫黑除恶专业能力水平。要强化扫黑除恶斗争组织保障，加强组织领导，坚持党建引领，强化督导考评，严格责任追究，加强宣传表彰，将扫黑除恶斗争作为公安工作和平安建设的重点任务进行谋划推进，确保各项工作方向正确、落到实处。\n', 'http://cyberpolice.mps.gov.cn/wfjb/html/gzdt/20211027/4743.shtml', NULL, 0);
INSERT INTO `information` VALUES (76, '郭声琨在全国第二批政法队伍教育整顿工作推进会上强调坚决拥护党中央决定深入贯彻党中央部署加大力度如期推进政法队伍教育整顿', '2021-10-18', '公安部官网', '10月8日，中共中央政治局委员、中央政法委书记、全国政法队伍教育整顿领导小组组长郭声琨出席全国第二批政法队伍教育整顿工作推进会并讲话。\n中共中央政治局委员、中央政法委书记、全国政法队伍教育整顿领导小组组长郭声琨10月8日在全国第二批政法队伍教育整顿工作推进会上强调，要深入学习贯彻以习近平同志为核心的党中央决策部署，增强“四个意识”、坚定“四个自信”、做到“两个维护”，进一步增强政治责任感和工作紧迫感，加大力度如期推进重点工作，把第二批教育整顿抓得更紧更实。\n郭声琨强调，坚决拥护党中央对孙力军严重违纪违法问题的处理决定和对傅政华涉嫌严重违纪违法问题进行纪律审查和监察调查的决定。要深刻汲取教训，对政法队伍存在的突出问题时刻保持警醒，扎实深入推进政法队伍教育整顿，锻造忠诚干净担当的政法铁军。\n郭声琨指出，全国第二批政法队伍教育整顿启动以来，中央政法机关和各地各有关部门认真贯彻以习近平同志为核心的党中央决策部署，突出政治建设、表率作用、建章立制，高标准高起点推动教育整顿。当前，第二批教育整顿查纠整改环节进入到攻坚克难的关键阶段。要保持清醒头脑，强化自我革命、动真碰硬的决心和意志，对相关工作任务再推进，对重点难点问题再发力，确保教育整顿按照既定目标不断深入，取得实实在在的成效。\n郭声琨要求，要坚持更加自觉的政治导向、更加强烈的问题导向、更加明确的责任导向、更加鲜明的民意导向，确保教育整顿方向不偏、工作不松。要深化学习教育，做到以学促查、以学促改。要采取更加坚决有力的措施，坚决彻底肃清流毒影响，坚持动真碰硬，坚决清理到位。要保持高压态势，着力推进干警违纪违法问题查处工作，加快线索流转，加大重点案件攻坚力度，提高查办质效。要紧盯群众反映强烈、损害社会公平正义、影响执法司法公信力的突出问题，重点突破、以点带面，推动顽疾整治取得更大突破。要把建章立制与查纠整改有机融合、一体推进，加强条线指导，从系统层面推进建章立制，狠抓执行工作，确保落实到位。要强化宣传引导，展现政法机关新气象。要更加精准有效开展督导，推动各项工作措施落地落实。要坚持统筹兼顾，持续推动教育整顿与各项重点工作有机结合、互促互进。\n郭声琨强调，要进一步压实责任，确保教育整顿不走过场。地方党委要切实承担本地区教育整顿主体责任，中央政法委领导班子、中央政法单位党组（党委）要切实承担本单位教育整顿主体责任，同时承担对下指导责任。政法机关“一把手”要自觉担负起第一责任人责任，作坚持原则、敢于斗争的表率，把各项工作抓紧抓实。\n', 'http://cyberpolice.mps.gov.cn/wfjb/html/gzdt/20211018/4739.shtml', NULL, 0);
INSERT INTO `information` VALUES (77, '赵克志在主持召开公安部党委（扩大）会议时强调持续深化肃清工作扎实推进查纠整改', '2021-10-18', '公安部官网', '国务委员、公安部党委书记、部长赵克志10月16日主持召开公安部党委（扩大）会议，传达学习中央政法机关督导一组听取公安部第三次工作汇报时的讲话精神，听取公安部特勤局和部属8个局级单位推进查纠整改、肃清流毒影响工作情况汇报。他强调，要深入学习贯彻习近平总书记重要指示精神和党中央决策部署，增强“四个意识”、坚定“四个自信”、做到“两个维护”，持续深化肃清孙力军政治团伙流毒影响工作，不断推进查纠整改环节工作走深走实，确保高质量完成党中央确定的各项目标任务。\n会议指出，中央政法机关督导一组在听取公安部第三次工作汇报时，充分肯定了我们查纠整改环节工作取得的成效，指出公安部推动队伍教育整顿站位高、定位准，思路清、力度大，措施实、方法活，亮点多、效果好，同时也指出了我们存在的一些薄弱环节，对下一步工作提出了明确要求。教育整顿进入查纠整改环节以来，部党委认真贯彻全国第二批政法队伍教育整顿工作推进会精神，在中央政法机关督导一组指导下，采取扎实有力措施，一手抓教育整顿，一手抓公安工作，有效推动教育整顿不断向纵深发展，有力维护国家政治安全和社会稳定，实现了教育整顿不走过场、安全稳定不出问题。这次特勤局、经侦局、交管局等部分单位的汇报，也充分体现了部机关各单位高度重视，以更大的力度、更实的举措、更科学的方法推进各项工作，肃清流毒影响更深入更具体，推动查纠整改取得新进展新提升，成效值得充分肯定。但与党中央确定的目标要求相比，与人民群众的期待相比，我们工作还有一定差距，必须坚持把学习教育贯穿始终，把查纠整改与建章立制有机融合，以更严要求、更实举措持续抓好肃清流毒影响各项工作，坚决打赢这场铁腕治警、正风肃纪攻坚战。\n会议强调，要坚持问题导向，正视差距不足，持续深化肃清流毒影响工作。要以孙力军政治团伙严重违纪违法问题为鉴戒，深入开展警示教育，教育引导广大党员干部知敬畏、存戒惧、守底线，筑牢拒腐防变的思想防线，进一步增强“四个意识”、坚定“四个自信”、做到“两个维护”，坚定理想信念，筑牢忠诚警魂，强化党性修养，严守党的纪律，保持优良作风，以高度自觉的政治责任感和使命感投身教育整顿查纠整改工作。要始终把肃清孙力军政治团伙流毒影响作为重中之重，坚持领导班子和领导干部带头，真正把自己摆进去，提高思想认识，敢于直面问题，既要做到见人见事见思想，也要做到见人见事见线索，切实讲清涉及孙力军政治团伙严重违纪违法问题的人和事，讲清自身存在的其他违纪违法问题，确保问题不查清不放过、剖析不深刻不放过、整改不到位不放过。要精准把握运用宽严政策，继续加大谈心谈话、政策宣讲力度，有效解决不想说不敢说的问题，教育干部打消顾虑、放下包袱，抓住最后窗口期，主动说清问题。对主动交代问题、真心悔过的，依规依纪依法从轻处理，兑现从宽政策；对不主动交代问题、仍然执迷不悟的，依规依纪依法从严惩处，释放鲜明信号。要坚持自查自纠和监督执纪同步推进、同向发力，广辟线索来源，加强监督执纪，依规依纪依法加快问题线索查办，对参与孙力军政治团伙严重违纪违法问题的线索深挖彻查、严查严办、决不姑息，不断强化宽严政策的效力、激发自查自纠的内力、增强组织查处的威力。要针对工作中发现的问题，强化对公安民警经商办企业行为整改措施的落实，进一步规范公安民警配偶、子女及其配偶经商办企业行为。\n会议要求，要整治顽瘴痼疾，强化建章立制，不断推进查纠整改走深走实。要聚焦政治忠诚，坚持把学习教育贯穿始终，深入学习贯彻习近平总书记重要讲话重要训词精神，切实筑牢信仰之基、补足精神之钙、把稳思想之舵，从思想上、政治上、组织上、作风上彻底肃清孙力军政治团伙流毒影响，着力筑牢忠诚警魂。要持续发挥宽严政策威力，进一步加大监督执纪力度，推动自查自纠深入进行。要持续深化顽瘴痼疾整治，综合用好第一批教育整顿成果，查细找准本单位本条线存在的各类顽瘴痼疾，着力整治插手经济纠纷、插手干预重大工程建设等问题和贯彻执行“三个规定”不到位、“有案不立、压案不查、降格处理”等顽瘴痼疾，研究提出实用管用好用的整改措施，推动问题取得实质性解决。要坚持把建章立制贯穿始终，加强顶层设计，统筹研究谋划，突出工作重点，加快建章立制工作计划的落实，同时针对教育整顿中发现的问题，及时补齐制度上的短板漏洞，切实织严织密制度笼子，确保权力在法治轨道上规范运行。要深入推进“我为群众办实事”实践活动和“我为基层解难题”活动，聚焦人民群众“急难愁盼”之事和“最恨最怨最烦”问题，持续推出更多便民利民、服务基层的新举措，不断增强人民群众的获得感、幸福感、安全感。要坚持两手抓两促进，切实把教育整顿激发出来的热情转化为防风险、保安全、护稳定、促发展的强大动力，以确保社会大局持续安全稳定的实绩检验教育整顿成效，努力为党的十九届六中全会胜利召开创造安全稳定环境。\n', 'http://cyberpolice.mps.gov.cn/wfjb/html/gzdt/20211018/4740.shtml', NULL, 0);
INSERT INTO `information` VALUES (78, '赵克志在公安部党委（扩大）会议上强调认真学习贯彻习近平总书记重要讲话精神坚定不移走中国特色社会主义政治发展道路', '2021-10-18', '公安部官网', '国务委员、公安部党委书记、部长赵克志10月16日主持召开公安部党委（扩大）会议，认真传达学习领会习近平总书记在中央人大工作会议上的重要讲话精神，研究贯彻落实意见。他强调，要认真学习贯彻习近平总书记重要讲话精神，深刻领悟、准确把握坚持和完善人民代表大会制度、不断发展全过程人民民主的重大意义、深刻内涵和实践要求，进一步坚定中国特色社会主义制度自信，坚定走中国特色社会主义政治发展道路的信心决心，忠实履行好党和人民赋予的新时代使命任务，努力为实现中华民族伟大复兴中国梦作出新的更大贡献。\n会议强调，要认真学习领会、坚决贯彻落实，切实把思想和行动统一到习近平总书记重要讲话精神上来。党中央召开中央人大工作会议，在我国社会主义民主政治建设进程中具有里程碑意义。习近平总书记在会议上发表重要讲话，从完善和发展中国特色社会主义制度、推进国家治理体系和治理能力现代化的战略高度，明确提出新时代加强和改进人大工作的指导思想、重大原则和主要工作，深刻回答新时代发展中国特色社会主义民主政治、坚持和完善人民代表大会制度的一系列重大理论和实践问题。习近平总书记的重要讲话，丰富和拓展了中国特色社会主义民主政治和人民代表大会制度的政治内涵、理论内涵、实践内涵，是一篇充满马克思主义真理力量的纲领性文献。我们要认真学习贯彻习近平总书记重要讲话精神，增强“四个意识”、坚定“四个自信”、做到“两个维护”，深刻领悟习近平总书记用“六个必须”集中概括的人民代表大会制度理论和实践创新的新理念新思想新要求，深刻领悟习近平总书记提出的全过程人民民主这一重大理念的重大理论和实践意义，紧密结合公安机关职责任务，全面认真贯彻落实，不断推进社会主义民主政治建设，巩固和发展生动活泼、安定团结的政治局面。\n会议强调，要增强自信自豪、坚定信心决心，坚定不移走中国特色社会主义政治发展道路。实践充分表明，在中国实行人民代表大会制度，有效保证了国家沿着社会主义道路前进，有效保证了国家治理跳出治乱兴衰的历史周期率，有效保证了国家政治生活既充满活力又安定有序。习近平总书记深刻指出，人民代表大会制度是符合我国国情和实际、体现社会主义国家性质、保证人民当家作主、保障实现中华民族伟大复兴的好制度，是我们党领导人民在人类政治制度史上的伟大创造，是在我国政治发展史乃至世界政治发展史上具有重大意义的全新政治制度。制度竞争是综合国力竞争的重要方面，制度优势是一个国家赢得战略主动的重要优势。制度稳则国家稳，制度强则国家强。新时代新征程中，我们要毫不动摇地坚持党的领导，毫不动摇地坚持以习近平新时代中国特色社会主义思想为指导，毫不动摇坚持、与时俱进完善人民代表大会制度，坚定不移走中国特色社会主义政治发展道路，牢牢把国家和民族前途命运掌握在人民手中，切实把智慧和力量凝聚到党和人民事业中来。\n会议要求，要坚守人民立场、坚持人民至上，不断发展全过程人民民主保障人民当家作主。党的十八大以来，以习近平同志为核心的党中央深化对民主政治发展规律的认识，提出全过程人民民主的重大理念，深刻揭示社会主义民主的深刻内涵、鲜明特色和显著优势，展现了强烈的中国特色社会主义民主自信和底气。民主不是装饰品，不是用来做摆设的，而是要用来解决人民需要解决的问题的。民主是各国人民的权利，而不是少数国家的专利。实践证明，我国全过程人民民主不仅有完整的制度程序，而且有完整的参与实践，实现了过程民主和成果民主、程序民主和实质民主、直接民主和间接民主、人民民主和国家意志相统一，是全链条、全方位、全覆盖的民主，是最广泛、最真实、最管用的社会主义民主。人民民主是社会主义的生命，是我们党始终高举的旗帜。新时代新征程中，我们必须高举人民民主旗帜，坚定不移发展全过程人民民主，通过各种途径和形式充分保障人民当家作主，切实把体现人民利益、反映人民愿望、维护人民权益、增进人民福祉落实到工作的各领域各环节全过程，不断增强人民群众获得感、幸福感、安全感。\n', 'http://cyberpolice.mps.gov.cn/wfjb/html/gzdt/20211018/4741.shtml', NULL, 0);
INSERT INTO `information` VALUES (79, '赵克志在主持召开公安部党委（扩大）会议时强调认真学习贯彻习近平总书记重要讲话精神有效服务保障新时代人才强国战略的实施', '2021-10-09', '公安部官网', '9月23日，国务委员、公安部党委书记、部长赵克志出席中国警察协会第二届理事会第一次全体会议并讲话。\n中国警察协会第二次会员代表大会及其第二届理事会第一次全体会议、第二届理事会第一次常务理事会议9月23日在京召开。国务委员、公安部党委书记、部长赵克志出席中国警察协会第二届理事会第一次全体会议并讲话，代表公安部党委向中国警察协会新一届领导班子、新一届理事会理事和监事表示热烈的祝贺，希望大家深入学习贯彻习近平新时代中国特色社会主义思想特别是习近平法治思想，增强“四个意识”、坚定“四个自信”、做到“两个维护”，胸怀两个大局、心系“国之大者”，坚定正确政治方向，服务公安中心工作，团结广大会员和社会各方面力量，着力形成做好新时代公安工作的整体合力，奋力开创中国警察协会工作新局面，为推动公安工作高质量发展作出新贡献。\n赵克志指出，当前，我们党团结带领各族人民已经迈上了向着全面建设社会主义现代化国家和实现中华民族伟大复兴中国梦奋勇前进的新征程，新征程给公安工作赋予了新使命、提出了新要求。中国警察协会作为联系社会各界的重要桥梁、组织警察学术研究的重要阵地、维护人民警察执法权威及合法权益的重要组织、促进人民警察职业保障和公益事业发展的重要载体，必须积极适应新形势新任务提出的新要求，立足自身定位，锐意开拓进取，积极担当作为，更好地发挥自身的作用。\n赵克志强调，要毫不动摇地坚持党的绝对领导，始终确保协会工作坚定正确的政治方向。要牢牢把握“公安姓党”这一根本政治属性，着力从政治上建设和掌握警察协会，切实把绝对忠诚、绝对纯洁、绝对可靠的要求落实到协会工作的方方面面。要强化党的创新理论武装，紧密结合开展党史学习教育，深入学习贯彻习近平新时代中国特色社会主义思想特别是习近平法治思想，深入学习贯彻习近平总书记“七一”重要讲话和在全国公安工作会议上的重要讲话、在中国人民警察警旗授旗仪式上的重要训词精神，坚持不懈地用以武装头脑、指导实践、推动工作，切实打牢高举旗帜、听党指挥、忠诚使命的思想根基。要加强协会党组织和政治能力建设，不断提高政治判断力、政治领悟力、政治执行力，严格遵守党的政治纪律和政治规矩，严格落实意识形态工作责任制，切实做到坚定纯洁、让党放心。\n赵克志要求，要充分发挥协会的职能作用，更好地服务公安中心工作。要牢记协会宗旨，强化服务意识，始终把工作重心放在为公安工作服务、为人民警察服务、为建设法治社会服务上来。要充分发挥警学研究的阵地作用，紧密结合公安工作实际和现实斗争需要，加强对公安工作创新发展重大理论和实践问题的研究，努力形成更多更好的研究成果，为推动公安工作科学发展提供强有力的理论支撑和智力支持。要充分发挥沟通联系的桥梁作用，聚焦人民警察职业精神培育，加强人文关怀，倾听基层呼声，反映民警诉求，维护民警执法权威和合法权益；加强警察公共关系建设，推动发展社会公益事业，加强法治宣传教育阐释，不断增进人民群众和社会各方面对公安工作的了解、理解和信任、支持。要充分发挥对外交往的平台作用，不断深化同港澳台地区警方及警察社团组织的交流交往，积极开展国际间警察社团组织的学术交流与警务合作，为推进执法安全合作发挥应有作用。\n赵克志强调，要严格依照协会《章程》开展工作，着力加强协会自身建设。要毫不动摇地坚持政治建警、全面从严治警，聚焦“两个维护”“三个绝对”“四个铁一般”要求，着力打造一支党和人民信得过、靠得住、能放心的高素质协会工作队伍。要深入开展队伍教育整顿，聚焦“四项任务”，紧扣“三个环节”，突出政治建设、表率作用、建章立制，以自我革命的精神坚决打好铁腕治警、正风肃纪攻坚战。要严格遵守国家法律法规、党章党规和社团管理规定，严格依照《章程》规定的原则和程序办事，严格履行《章程》规定的权利和义务，加强自我管理，自觉接受监督，不断提升协会工作制度化规范化法治化水平。要关心关爱协会工作人员，积极为他们开展工作创造有利条件。部机关各部门各警种要大力支持警察协会的工作，各地公安机关要加强对本地警察协会工作的领导，积极支持协会履职尽责，确保协会工作健康顺利有序开展。\n中国警察协会第二次会员代表大会审议通过了修订后的《中国警察协会章程》，选举产生了协会第二届理事会理事、监事。中国警察协会第二届理事会第一次全体会议选举产生了第二届理事会会长、副会长、秘书长和常务理事。公安部党委副书记、常务副部长王小洪当选中国警察协会第二届理事会会长，朱昌杰、孙永波、刘杰、王惠敏、曾伟雄、马耀权当选副会长。\n当日，王小洪主持召开中国警察协会第二届理事会第一次常务理事会议并讲话。他要求，要认真贯彻落实赵克志同志讲话精神，牢牢把握为公安工作服务、为人民警察服务、为建设法治社会服务的主题主线，积极作为、扎实工作，为推进新时代公安事业发展进步作出更大贡献。要在警察学术研究上深耕细作，广泛汇聚整合各方面的研究人才，拓展广度、提高精度、提升深度，持续抓好警察学术研究，更好推动公安工作开展。要在警察公共关系建设上深耕细作，发挥协会特点和优势，搭建公安机关和社会各界沟通交流的桥梁，加强警察公共关系体系和制度建设，塑造和展现警察队伍的优良形象。要在维护民警执法权威和合法权益上深耕细作，推动建立健全公安机关维权工作机制和联动反应机制，推动落实经费保障和爱警惠警措施，尽最大努力维护民警执法权威、保障民警合法权益。要在警务交流交往上深耕细作，用好各类研讨交流平台，积极开展与境外、国外同行的多层次、多领域沟通交流互访，促进打击违法犯罪等跨境务实合作。要在协会自身建设上深耕细作，发挥“关键少数”作用，规范协会日常管理，加强学术委员会等分支机构和办事机构建设，广泛联系社会各方面资源，努力形成强大工作合力。\n公安部党委委员、副部长刘钊出席中国警察协会第二届理事会第一次全体会议，部党委委员、政治部主任冯延出席中国警察协会第二次会员代表大会和第二届理事会第一次全体会议。\n', 'http://cyberpolice.mps.gov.cn/wfjb/html/gzdt/20211009/4739.shtml', NULL, 0);
INSERT INTO `information` VALUES (80, '公安部部署加强青年干部教育管理工作把进一步加强部机关青年干部教育管理与推进第二批教育整顿工作紧密结合起来', '2021-10-09', '公安部官网', '为深入学习贯彻习近平总书记在2021年秋季学期中央党校（国家行政学院）中青年干部培训班开班式和中央人才工作会议上的重要讲话精神，推动公安队伍教育整顿走实走深走稳，公安部日前向部属各局级单位党组织、驻部纪检监察组党总支、国家移民管理局党组下发通知，部署加强青年干部教育管理工作。\n青年是国家的未来，人才是国家的根本。一直以来，以习近平同志为核心的党中央高度重视青年和人才工作。习近平总书记在2021年秋季学期中央党校（国家行政学院）中青年干部培训班开班式上强调，年轻干部生逢伟大时代，是党和国家事业发展的生力军，必须练好内功、提升修养，做到信念坚定、对党忠诚，注重实际、实事求是，勇于担当、善于作为，坚持原则、敢于斗争，严守规矩、不逾底线，勤学苦练、增强本领，努力成为可堪大用、能担重任的栋梁之才，不辜负党和人民期望和重托。在中央人才工作会议上，习近平总书记强调，广大人才要继承和发扬老一辈科学家胸怀祖国、服务人民的优秀品质，心怀“国之大者”，为国分忧、为国解难、为国尽责。\n习近平总书记关于青年和人才工作的重要论述，立意高远，内涵丰富，思想深刻，系统阐明了新形势下青年工作和人才工作的重大理论和实践问题，为做好新时代青年工作和人才工作指明了前进方向、提供了根本遵循。公安部坚决贯彻落实习近平总书记重要指示批示精神，充分发挥职能作用，全面推动青年工作和人才工作落地落实，教育引导全体青年民警牢记习近平总书记的殷殷嘱托，紧密结合思想和工作实际，加强理论学习、提高党性修养、砥砺政治品格、锤炼过硬本领，以忠诚干净担当的实际行动，在全面建设社会主义现代化国家新征程中奋勇争先、建功立业。\n通知指出，进一步加强对青年干部的教育管理，要以习近平总书记关于青年工作的重要论述为指导，教育广大青年干部树立远大理想，厚植爱国情怀，增强做中国人的志气、骨气、底气；要坚持问题导向，保持政治定力，大力营造风清气正良好政治生态，不断激发青年干部的蓬勃朝气、昂扬锐气、浩然正气；要激励青年干部自觉把青春融入党和人民事业、融入新时代公安工作，努力做出不负时代、不负韶华、不负党和人民殷切期望的优异成绩。\n通知要求，要丰富学习教育形式载体，切实筑牢绝对忠诚、绝对纯洁、绝对可靠的思想根基，把政治建警要求贯穿青年工作全过程，不断加强对青年干部的思想淬炼、政治历练、实践锻炼和专业训练；要深入开展政治教育，全面提升政治判断力、政治领悟力、政治执行力；要不断强化警示教育，教育青年干部知敬畏、存戒惧、守底线；要积极推进英模教育，让青年干部学有目标、做有榜样；要全面落实形势任务教育，努力把学习教育成果体现为履职尽责的实际行动和维护社会大局持续安全稳定的工作业绩；要积极推进家庭家教家风建设，以青年干部家庭家教家风建设助力个人成长、事业进步。\n通知要求，要坚持严管与厚爱相结合，努力为青年干部成长成才提供坚实保障、创造良好条件，大力弘扬党的青年工作优良传统，努力为青年党员干部搭建更广阔的实践舞台、提供更丰富的创新机会、打造更有利的工作条件；要严格管理监督，不断健全完善管思想、管工作、管作风、管纪律的从严管理制度体系；要树立正确导向，始终把政治标准放在第一位，切实加强青年干部的培养，让青年干部能够稳得住、干得好、行得远；要加强关心关爱，聚焦青年干部工作生活压力和现实困难，积极为青年干部办实事、解难事，营造干事创业的浓厚氛围和拴心留人的良好环境。\n通知强调，要提高政治站位、强化责任担当，切实加强对青年干部教育管理工作的组织领导。部属各单位要把加强对青年干部教育管理工作列入重要议题，纳入党建工作重要内容，坚持“一把手”总负责，突出抓好青年干部理论武装和教育管理。要充分利用教育整顿的契机，听取青年干部教育管理工作汇报，着力解决青年干部关心的实际问题。要把进一步加强对青年干部的教育管理与推进全国公安队伍第二批教育整顿各环节工作紧密结合起来，与全面完成中央巡视反馈意见中长期整改任务紧密结合起来，确保工作质效。要充分发挥工、青、妇等群团组织优势，推动部属单位青年干部教育管理工作不断迈上新台阶。\n', 'http://cyberpolice.mps.gov.cn/wfjb/html/gzdt/20211009/4740.shtml', NULL, 0);
INSERT INTO `information` VALUES (81, '赵克志主持召开公安部党委（扩大）会议坚决拥护党中央对孙力军的处理决定', '2021-10-09', '公安部官网', '国务委员、公安部党委书记、部长赵克志10月1日主持召开公安部党委（扩大）会议，通报中央纪委国家监委给予孙力军开除党籍、开除公职处分的决定。公安部党委表示，坚决拥护、坚决支持党中央决定，坚决彻底肃清孙力军流毒影响，始终在思想上政治上行动上同以习近平同志为核心的党中央保持高度一致，坚决做到绝对忠诚、绝对纯洁、绝对可靠。\n会议认为，孙力军严重违纪违法问题触目惊心、令人发指，情节特别严重，性质特别恶劣，影响极坏，给党和人民事业造成严重危害，对公安机关政治生态和队伍形象造成极大破坏。在以习近平同志为核心的党中央坚强领导下，中央纪委国家监委严肃查处孙力军严重违纪违法问题，坚决清除这一党内“毒瘤”和政治隐患，十分英明、完全正确、非常及时，充分体现了以习近平同志为核心的党中央坚定不移推进全面从严治党的鲜明态度，充分彰显了我们党坚决反对腐败、以“零容忍”态度惩治腐败的坚定决心。要进一步增强“四个意识”、坚定“四个自信”、做到“两个维护”，不断提高政治判断力、政治领悟力、政治执行力，切实把思想和行动统一到党中央精神上来，坚定不移地推进党风廉政建设和反腐败斗争，坚决把党中央关于全面从严管党治警的各项部署要求落到实处。\n会议强调，要深刻汲取孙力军严重违纪违法问题的教训，切实增强党内政治生活的政治性、时代性、原则性、战斗性。要始终牢记从政治上建设和掌握公安机关的重大政治原则，深入查找在落实全面从严管党治警、加强党内监督管理等方面存在的不足和差距，严格执行《关于新形势下党内政治生活的若干准则》，严格落实《中共中央关于加强党的政治建设的意见》，严肃党内政治生活，严格党内政治监督，严禁在党内搞小山头、小圈子、小团伙，严禁在党内拉私人关系、培植个人势力、结成利益集团，严格执行重大问题请示报告制度，切实做到党中央提倡的坚决响应、党中央决定的坚决执行、党中央禁止的坚决不做。要坚持以整风精神开展批评和自我批评，勇于思想交锋、揭短亮丑，敢于同不良现象、不良苗头作斗争，切实做到讲原则不讲面子、讲党性不徇私情。要紧密结合开展教育整顿、肃清流毒影响，召开民主生活会和组织生活会，深入开展严肃认真的批评和自我批评，着力找差距、查不足、明方向、抓整改。\n会议要求，要坚决彻底肃清孙力军流毒影响，坚决清除政治隐患。要将肃清孙力军流毒影响作为党史学习教育、队伍教育整顿和中央巡视中长期整改的重中之重，作为检验教育整顿能否取得实效的重要标志，置于突出位置来抓。要在前期清理整治的基础上，进一步提升政治站位、深化思想认识，自觉把自己摆进去，深刻对照检查剖析，带头讲清问题、划清界限、肃清影响，做到见人见事见思想见责任，决不能搞空对空，决不允许走过场。要深挖彻查涉及孙力军严重违纪违法问题的人和事，坚持动真碰硬，坚决清理到位。要准确把握“自查从宽、被查从严”政策，对主动说明、如实讲清问题的，依规依纪依法从轻处理；对拒不交代、对抗组织调查的，依规依纪依法从严惩处。对有关涉案人员问题线索，要积极协助调查，依规依纪依法进行处理。\n会议强调，要以孙力军严重违纪违法案件为镜鉴，大力加强公安部党委班子自身建设。要坚持不懈地用习近平新时代中国特色社会主义思想武装头脑，坚定理想信念，树立正确的世界观、人生观、价值观，切实筑牢信仰之基、补足精神之钙、把稳思想之舵。要旗帜鲜明讲政治，毫不动摇地坚持党对公安工作的绝对领导，坚决做到“两个维护”，不断增强忠诚核心、拥护核心、跟随核心、捍卫核心的思想自觉、政治自觉、行动自觉，始终在政治立场、政治方向、政治原则、政治道路上同以习近平同志为核心的党中央保持高度一致。要严格遵守党的政治纪律和政治规矩，时刻牢记“五个必须”，坚决防止“七个有之”，坚决同一切违背和损害“两个维护”的言行作斗争。要严格遵守组织纪律、廉洁纪律，牢固树立正确的权力观、地位观、利益观，强化组织观念，坚持组织原则，切实做到依法用权、秉公用权、廉洁用权。要严格执行中央八项规定精神，坚决反对特权思想、特权现象，坚决反对享乐主义、奢靡之风。要严格家风家教，从严管好家属子女和身边工作人员，自觉接受各方面监督，切实为广大党员干部树立标杆、作好表率。\n会议要求，要压紧压实全面从严管党治警重大政治责任，坚定不移正风肃纪反腐。要突出问题导向，聚焦忠诚干净担当，深入推进公安队伍教育整顿，坚持刀刃向内、刮骨疗毒，以自我革命的精神坚决打好铁腕治警、正风肃纪攻坚战。对公安队伍中发生的违纪违法问题，不论涉及什么人，都要发现一起、严肃查处一起，决不手软、决不姑息，坚决清除害群之马，不断纯洁公安队伍。要紧紧抓住孙力军案件这一典型案例，在全警深入开展警示教育，教育引导广大公安民警知敬畏、存戒惧、守底线，切实筑牢拒腐防变的思想防线。要大力推进建章立制，健全完善权力运行监督制约机制，着力堵塞漏洞、补齐短板，切实做到用制度管权、按制度办事、靠制度管人，从源头上预防和遏制违纪违法问题的发生，努力把公安队伍锻造成为党和人民信得过、靠得住、能放心的“四个铁一般”过硬公安铁军。\n', 'http://cyberpolice.mps.gov.cn/wfjb/html/gzdt/20211009/4741.shtml', NULL, 0);
INSERT INTO `information` VALUES (82, '王小洪在全国公安队伍教育整顿领导小组办公室第二次主任（扩大）会议上强调采取有力措施做到真抓实抓推动教育整顿查纠整改工作向纵深发展孙新阳出席并讲话冯延主持', '2021-10-09', '中国警察网', '中国警察网北京9月29日电记者田海军报道：全国公安队伍教育整顿领导小组办公室第二次主任（扩大）会议29日在京召开，公安部党委副书记、常务副部长、全国公安队伍教育整顿领导小组第一副组长兼办公室主任王小洪出席并讲话。他强调，要深入学习贯彻习近平总书记“七一”重要讲话和关于加强政法公安队伍建设的重要指示精神，增强“四个意识”、坚定“四个自信”、做到“两个维护”，认真贯彻全国政法队伍教育整顿领导小组会议精神，落实公安部党委对照中央政法机关督导一组阶段性反馈意见研究整改落实工作的要求，采取有力措施，做到真抓实抓，不断推动公安部队伍教育整顿查纠整改工作向纵深发展。\n王小洪强调，肃清流毒要真抓、实抓。要严格对照检查、严格审查执纪、严格专项整治，做到见人见事见思想见责任，深挖彻查违法乱纪问题线索，坚决堵住监督管理漏洞，全面彻底肃清周永康、孟宏伟、孙力军等人流毒影响，确保队伍坚定纯洁、让党放心。问题查纠要真抓、实抓。要强化宽严政策的效力、激发自查自纠的内力、增强组织查处的威力，坚决清除害群之马，维护队伍肌体健康。顽疾整治要真抓、实抓。要在用好第一批教育整顿成果上下功夫，在整治机关突出问题上下功夫，在解决实际问题，服务群众、服务基层上下功夫，树牢部机关风清气正、务实高效的良好形象，努力建设模范机关、表率机关。建章立制要真抓、实抓。要聚焦群众呼声、基层需求和制度短板，切实提高建章立制的针对性、时效性、系统性，加强公安立法统筹推进，不断提升建章立制工作质量效率。干部交流要真抓、实抓。要认真贯彻落实新时代党的组织路线，健全机制、拓宽渠道、严明纪律，切实加强领导干部轮岗交流工作，教育引导干部在条件艰苦、环境复杂、任务繁重的岗位锻炼成才。责任落实要真抓、实抓。各单位要压实组织领导责任、条线指导责任、统筹兼顾责任，拧紧责任链条，层层传导压力，确保落地落实，通过教育整顿激发广大干部民警履职担当、干事创业的热情，从严从实从细抓好防风险、保安全、护稳定、促发展各项措施，努力创造安全稳定的政治社会环境。\n公安部党委委员、中央纪委国家监委驻公安部纪检监察组组长、教育整顿领导小组副组长孙新阳在会上讲话时要求，要进一步端正态度，全面彻底肃清孙力军等人流毒影响；深入开展自查自纠，珍惜和把握“自查从宽、被查从严”的政策机会；进一步抓实整改工作，整治顽瘴痼疾，深化源头治理，推动常治长效。\n公安部党委委员、政治部主任、教育整顿领导小组副组长冯延主持会议。部属有关局级单位主要负责同志作了发言。教育整顿领导小组办公室成员、各工作组及成员单位主要负责同志，在京部属各局级单位主要负责同志参加会议。\n', 'http://cyberpolice.mps.gov.cn/wfjb/html/gzdt/20211009/4742.shtml', NULL, 0);
INSERT INTO `information` VALUES (83, '赵克志在中国警察协会第二届理事会第一次全体会议上强调...', '2020-09-29', '公安部官网', '中国警察协会第二次会员代表大会及其第二届理事会第一次全体会议、第二届理事会第一次常务理事会议9月23日在京召开。国务委员、公安部党委书记、部长赵克志出席中国警察协会第二届理事会第一次全体会议并讲话，代表公安部党委向中国警察协会新一届领导班子、新一届理事会理事和监事表示热烈的祝贺，希望大家深入学习贯彻习近平新时代中国特色社会主义思想特别是习近平法治思想，增强“四个意识”、坚定“四个自信”、做到“两个维护”，胸怀两个大局、心系“国之大者”，坚定正确政治方向，服务公安中心工作，团结广大会员和社会各方面力量，着力形成做好新时代公安工作的整体合力，奋力开创中国警察协会工作新局面，为推动公安工作高质量发展作出新贡献。\n赵克志指出，当前，我们党团结带领各族人民已经迈上了向着全面建设社会主义现代化国家和实现中华民族伟大复兴中国梦奋勇前进的新征程，新征程给公安工作赋予了新使命、提出了新要求。中国警察协会作为联系社会各界的重要桥梁、组织警察学术研究的重要阵地、维护人民警察执法权威及合法权益的重要组织、促进人民警察职业保障和公益事业发展的重要载体，必须积极适应新形势新任务提出的新要求，立足自身定位，锐意开拓进取，积极担当作为，更好地发挥自身的作用。\n赵克志强调，要毫不动摇地坚持党的绝对领导，始终确保协会工作坚定正确的政治方向。要牢牢把握“公安姓党”这一根本政治属性，着力从政治上建设和掌握警察协会，切实把绝对忠诚、绝对纯洁、绝对可靠的要求落实到协会工作的方方面面。要强化党的创新理论武装，紧密结合开展党史学习教育，深入学习贯彻习近平新时代中国特色社会主义思想特别是习近平法治思想，深入学习贯彻习近平总书记“七一”重要讲话和在全国公安工作会议上的重要讲话、在中国人民警察警旗授旗仪式上的重要训词精神，坚持不懈地用以武装头脑、指导实践、推动工作，切实打牢高举旗帜、听党指挥、忠诚使命的思想根基。要加强协会党组织和政治能力建设，不断提高政治判断力、政治领悟力、政治执行力，严格遵守党的政治纪律和政治规矩，严格落实意识形态工作责任制，切实做到坚定纯洁、让党放心。\n赵克志要求，要充分发挥协会的职能作用，更好地服务公安中心工作。要牢记协会宗旨，强化服务意识，始终把工作重心放在为公安工作服务、为人民警察服务、为建设法治社会服务上来。要充分发挥警学研究的阵地作用，紧密结合公安工作实际和现实斗争需要，加强对公安工作创新发展重大理论和实践问题的研究，努力形成更多更好的研究成果，为推动公安工作科学发展提供强有力的理论支撑和智力支持。要充分发挥沟通联系的桥梁作用，聚焦人民警察职业精神培育，加强人文关怀，倾听基层呼声，反映民警诉求，维护民警执法权威和合法权益；加强警察公共关系建设，推动发展社会公益事业，加强法治宣传教育阐释，不断增进人民群众和社会各方面对公安工作的了解、理解和信任、支持。要充分发挥对外交往的平台作用，不断深化同港澳台地区警方及警察社团组织的交流交往，积极开展国际间警察社团组织的学术交流与警务合作，为推进执法安全合作发挥应有作用。\n赵克志强调，要严格依照协会《章程》开展工作，着力加强协会自身建设。要毫不动摇地坚持政治建警、全面从严治警，聚焦“两个维护”“三个绝对”“四个铁一般”要求，着力打造一支党和人民信得过、靠得住、能放心的高素质协会工作队伍。要深入开展队伍教育整顿，聚焦“四项任务”，紧扣“三个环节”，突出政治建设、表率作用、建章立制，以自我革命的精神坚决打好铁腕治警、正风肃纪攻坚战。要严格遵守国家法律法规、党章党规和社团管理规定，严格依照《章程》规定的原则和程序办事，严格履行《章程》规定的权利和义务，加强自我管理，自觉接受监督，不断提升协会工作制度化规范化法治化水平。要关心关爱协会工作人员，积极为他们开展工作创造有利条件。部机关各部门各警种要大力支持警察协会的工作，各地公安机关要加强对本地警察协会工作的领导，积极支持协会履职尽责，确保协会工作健康顺利有序开展。\n中国警察协会第二次会员代表大会审议通过了修订后的《中国警察协会章程》，选举产生了协会第二届理事会理事、监事。中国警察协会第二届理事会第一次全体会议选举产生了第二届理事会会长、副会长、秘书长和常务理事。公安部党委副书记、常务副部长王小洪当选中国警察协会第二届理事会会长，朱昌杰、孙永波、刘杰、王惠敏、曾伟雄、马耀权当选副会长。\n当日，王小洪主持召开中国警察协会第二届理事会第一次常务理事会议并讲话。他要求，要认真贯彻落实赵克志同志讲话精神，牢牢把握为公安工作服务、为人民警察服务、为建设法治社会服务的主题主线，积极作为、扎实工作，为推进新时代公安事业发展进步作出更大贡献。要在警察学术研究上深耕细作，广泛汇聚整合各方面的研究人才，拓展广度、提高精度、提升深度，持续抓好警察学术研究，更好推动公安工作开展。要在警察公共关系建设上深耕细作，发挥协会特点和优势，搭建公安机关和社会各界沟通交流的桥梁，加强警察公共关系体系和制度建设，塑造和展现警察队伍的优良形象。要在维护民警执法权威和合法权益上深耕细作，推动建立健全公安机关维权工作机制和联动反应机制，推动落实经费保障和爱警惠警措施，尽最大努力维护民警执法权威、保障民警合法权益。要在警务交流交往上深耕细作，用好各类研讨交流平台，积极开展与境外、国外同行的多层次、多领域沟通交流互访，促进打击违法犯罪等跨境务实合作。要在协会自身建设上深耕细作，发挥“关键少数”作用，规范协会日常管理，加强学术委员会等分支机构和办事机构建设，广泛联系社会各方面资源，努力形成强大工作合力。\n', 'http://cyberpolice.mps.gov.cn/wfjb/html/gzdt/20210929/4742.shtml', NULL, 0);
INSERT INTO `information` VALUES (84, '赵克志在公安部党委（扩大）会议上强调切实履行好公安机关各项涉港工作职责任务确保香港繁荣稳定和“一国两制”行稳致远', '2020-09-29', '公安部官网', '国务委员、公安部党委书记、部长赵克志9月26日在公安部党委（扩大）会议上强调，要深入学习贯彻习近平总书记重要指示精神和党中央决策部署，增强“四个意识”、坚定“四个自信”、做到“两个维护”，不断提高政治判断力、政治领悟力、政治执行力，胸怀两个大局、心系“国之大者”，切实履行好公安机关承担的各项涉港工作职责任务，继续全力支持香港警队依法履职和严正执法，坚决维护国家安全、主权、发展利益，坚决维护香港社会大局稳定，努力为确保香港长期繁荣稳定和“一国两制”行稳致远作出更大贡献。\n会议指出，2021年香港特别行政区选举委员会选举的顺利举行，是落实“爱国者治港”原则的重要一步，在香港政制发展进程中具有里程碑意义。以习近平同志为核心的党中央高度重视香港工作。2019年香港“修例风波”发生以来，面对“修例风波”造成的香港回归以来最严峻的局势，中央始终坚定支持香港特别行政区政府和香港警方止暴制乱、恢复秩序，以习近平同志为核心的党中央审时度势，果断决策，决定成立中央港澳工作领导小组，作出一系列重大战略部署，建立健全香港特别行政区维护国家安全的法律制度和执行机制，颁布实施香港国安法，使香港实现了由乱及治的重大转折。有习近平总书记的领航掌舵，有党中央的英明决策，随着香港国安法和完善选举制度法律的落地执行，随着国家“十四五”规划的实施和粤港澳大湾区战略的加速推进，“爱国者治港”原则必将得到更加严格的落实，香港必将在由乱转治后由治及兴，谱写“一国两制”成功实践新篇章。\n', 'http://cyberpolice.mps.gov.cn/wfjb/html/gzdt/20210929/4741.shtml', NULL, 0);
INSERT INTO `information` VALUES (86, '公安机关依法严厉打击侵犯公民个人信息犯罪公安部公布8起典型案例', '2023-03-16', '公安部官网', '按照公安部统一部署，全国公安机关网安部门聚焦人民群众反映强烈的各类侵犯公民个人信息违法犯罪活动，依托“净网2022”专项行动，坚持“追源头、打内鬼、端平台”，持续开展严厉打击侵犯公民个人信息犯罪工作，破获一批重大案件，抓获一批犯罪嫌疑人，取得明显成效，有力维护了网络空间安全和社会公共安全。公安部今日公布打击侵犯公民个人信息犯罪8起典型案例。\n四川公安网安部门侦查查明，犯罪嫌疑人王某等人为牟取非法利益，成立3家助贷催收公司，组建技术团伙利用技术手段非法获取公民个人信息，并以此开展助贷业务，非法获利1000余万元。四川公安机关先后抓获犯罪嫌疑人189名，查获各类非法获取公民个人信息软件工具104款，查获公民个人信息数据一批。\n江苏公安网安部门侦查查明，犯罪嫌疑人黄某等人，勾结快递公司内部员工，通过在公司内部电脑安装木马程序等方式，窃取物流寄递信息，并向境外诈骗分子出售，非法获利2500余万元。江苏公安机关先后抓获犯罪嫌疑人60名，查获快递面单信息数据一批。\n山东公安网安部门侦查查明，犯罪嫌疑人石某等人成立找车公司，利用技术手段入侵部分停车场收费平台系统，非法获取车辆位置信息并出售，非法获利7000余万元。山东公安机关先后抓获犯罪嫌疑人64名，查获车辆位置信息数据一批。\n辽宁公安网安部门侦查查明，犯罪嫌疑人黄某成立公司，勾结他人利用技术手段非法获取中老年人信息，组建电话推销团队，通过夸大疗效等话术推销假冒伪劣保健品实施诈骗32万余人次，非法获利350余万元。辽宁公安机关先后抓获犯罪嫌疑人19名，收缴假冒伪劣保健品10余吨，查获相关老年人个人信息一批。\n内蒙古公安网安部门侦查查明，犯罪嫌疑人周某等人勾结境外诈骗团伙，非法获取公民人脸信息，为境外诈骗团伙提供账号解封服务，非法获利10余万元。内蒙古公安机关先后抓获犯罪嫌疑人3名。\n浙江公安网安部门侦查查明，犯罪嫌疑人邱某利用职务之便，使用技术手段非法获取某支付软件用户信息，并伙同他人在境外网上出售，非法获利20余万元。浙江公安机关先后抓获犯罪嫌疑人2名，查获公民个人信息一批。\n河北公安网安部门侦查查明，犯罪嫌疑人刘某作为某金融公司负责人，为开展贷款业务，非法向物业公司、银行、保险公司、电信运营商等行业内部人员购买大量有贷款需求人员个人信息，组织员工假冒银行工作人员推销贷款服务，并将公民个人信息转卖，非法获利630余万元。河北公安机关先后抓获犯罪嫌疑人63名，查获公民个人信息一批。\n江苏网安部门侦查查明，犯罪嫌疑人石某等人勾结某电力企业外包服务公司工作人员孙某等人，窃取用电居民房产信息，并出售给房屋中介、装修公司人员，非法获利30余万元。江苏公安机关先后抓获犯罪嫌疑人220余名，查获公民个人信息一批。\n全国公安机关网安部门将全面贯彻落实党的二十大精神，严格依照《刑法》《个人信息保护法》《数据安全法》等法律法规相关规定要求，持续严厉打击侵犯公民个人信息违法犯罪，积极会同有关部门进一步完善打击危害公民个人信息和数据安全违法犯罪长效机制，加强有关行业信息系统安全防护和内部人员管理，提高公民个人信息安全保护意识，全力守护网络数据安全，切实维护人民群众合法权益。\n', 'http://cyberpolice.mps.gov.cn/wfjb/html/bgl/20230316/4739.shtml', NULL, 0);
INSERT INTO `information` VALUES (87, '公安部公布打击惩治涉网黑恶犯罪专项行动5起典型案例', '2023-02-27', '公安部官网', '2022年5月，安徽阜阳公安机关成功打掉一个长期盘踞境外从事跨境裸聊敲诈勒索的有组织犯罪组织，抓获犯罪嫌疑人60余名，破获刑事案件310余起。经查，犯罪嫌疑人赖某华等人在缅北地区设立窝点，以高薪工作为由，引诱数十名境内公民偷渡前往，随后通过殴打、拘禁等暴力手段进行非法控制，有组织地针对境内公民实施裸聊敲诈等违法犯罪活动。该组织与境内“引流”团队合作，在各类交友软件上以“招嫖”“网恋”“裸聊”等信息引诱受害人添加犯罪嫌疑人QQ好友，诱骗受害人通过链接或二维码下载安装带有木马病毒的APP软件，窃取受害人手机通讯录等信息，并通过QQ视频通话截取、录制受害人不雅视频，以向通讯录亲友发送不雅视频为由进行威胁、恐吓，反复索要“视频删除费”“保密费”，逼迫部分受害人向亲友、小额贷款公司借贷，甚至裹挟受害人共同实施敲诈勒索犯罪活动。该团伙在网络空间和现实社会造成恶劣影响，严重侵害人民群众人身财产安全。目前，该案检察机关已依法提起公诉，正在进一步审理中。\n2022年7月，湖南岳阳公安机关成功打掉一个主要从事跨境裸聊敲诈勒索的有组织犯罪组织，同步捣毁境内“跑分”洗钱团队4个，抓获嫌疑人80余人，破获刑事案件300余起。经查，犯罪嫌疑人周某等人在缅北设立窝点，以高薪工作为由，引诱数十名境内公民偷渡前往，在各类交友软件上以“招嫖”“网恋”“裸聊”等信息引诱受害人添加QQ好友，有组织地实施裸聊敲诈勒索等违法犯罪活动。该犯罪组织内部控制手段粗暴残忍，利用毒品逼迫成员继续参与实施违法犯罪。该犯罪组织甚至直接对内部人员进行敲诈勒索，“吃干榨净”后再要求其家属支付高额赎金，将不服其“管教”、无钱可榨的人员高价转卖至其他犯罪窝点。该组织在网络空间和现实社会造成恶劣影响，严重侵害人民群众人身财产安全。目前，该案检察机关已依法提起公诉，正在进一步审理中。\n2021年7月，福建宁德公安机关成功打掉一个主要从事网络套路贷的有组织犯罪组织，抓获犯罪嫌疑人20余人，破获刑事案件20余起，查扣涉案财产2亿元。经查，犯罪嫌疑人柯某锋等人在福州市成立无网络贷款资质的“佰仟借条”公司，利用“借贷宝”平台，通过制造虚假流水、恶意垒高债务、软暴力催收等手段，长期有组织地实施网络套路贷违法犯罪活动。该组织利用非法获取的公民个人信息，通过“免抵押”“快放款”“低利息”等广告吸引被害人与其联系，在审核资质时获取借款人身份资料、照片、手机通讯录等信息，约定收取放贷金额30%左右的“砍头息”，利用“借贷宝”平台注册的放贷账户与被害人签订借贷合同，虚增与“砍头息”金额一致的“保证金”，制造出与合同金额一致的虚假流水，再用支付宝账户回收“砍头息”“保证金”“展期费”“逾期费”等费用，形成远超实际借贷金额的债务关系。为催收非法债务，组织催收人员持续通过软暴力方式逼迫受害人给付财物，大量被害人陷入债务深渊，有的甚至绝望轻生。目前，审判机关已对该案依法作出一审判决，柯某锋等人犯组织、领导黑社会性质组织罪、敲诈勒索罪、洗钱罪等罪名，数罪并罚分别被判处有期徒刑十八年至五年不等有期徒刑和相应的财产刑。\n2022年3月，河南周口公安机关成功打掉一个主要从事软暴力催收的有组织犯罪组织，先后抓获犯罪嫌疑人80余人，破案130起，查扣资产2000余万元。经查，犯罪嫌疑人杨某翔伙同郑某领等人在福建福州、厦门等地成立无网络贷款资质的网络放贷公司，以“低利息、无抵押、放款快”等广告吸引受害人借贷，有组织地实施网络套路贷违法犯罪活动，并组织人员使用软暴力手段催收非法债务。该组织利用已获取的受害人身份资料、手机通信录等信息，通过电话、短信等方式对受害人进行辱骂、威胁，向受害人通讯录亲友大量群发欠钱信息、侮辱信息、PS灵堂照片等，甚至使用不间断“轰炸”电话、信息进行骚扰。大量受害人产生恐惧心理，被迫支付不合理高额本息，并因巨额债务引发工作、婚恋、家庭等重大变故，有的甚至绝望轻生。该组织在网络空间和现实社会造成恶劣影响，严重侵害人民群众人身财产安全。目前，该案检察机关已依法提起公诉，正在进一步审理中。\n2021年12月，山东滨州公安机关成功打掉一个通过网络媒体实施负面舆情敲诈勒索的有组织犯罪组织，抓获犯罪嫌疑人10余名，破获各类案件90余起，查扣涉案财产300余万元。经查，2015年9月起，犯罪嫌疑人梁某海为谋取私利，先后在一些新闻网站注册民生供稿平台、视觉天下等自媒体账号，并陆续招募人员有组织地以曝光单位、个人负面信息相威胁，通过索要“宣传费”“合作费”“删帖费”、强迫购买高价白酒等手段非法敛财。此外，梁某海等人还通过“线下举牌、线上炒作”手段插手民间纠纷，多次组织策划围堵闹事行为，录制视频虚构舆论热点，滋扰恐吓、打击报复他人。该团伙在网络空间和现实社会造成恶劣影响，严重侵害人民群众人身财产安全。目前，该案检察机关已依法提起公诉，正在进一步审理中。\n', 'http://cyberpolice.mps.gov.cn/wfjb/html/bgl/20230227/4739.shtml', NULL, 0);
INSERT INTO `information` VALUES (88, '公安机关依法严厉打击网络账号黑色产业链公安部公布“断号”行动十大典型案例', '2023-02-16', '公安部官网', '近年来，电信网络诈骗、跨境网络赌博、网络水军等突出网络违法犯罪高发，滋生出由卡商、号商、“猫池”窝点、接码平台、养号平台等构成的网络账号黑色产业链，严重危害互联网管理秩序，损害人民群众合法权益。公安机关充分发挥职能作用，强化案件侦办，依法严厉打击网络账号黑色产业链。去年以来，公安部部署全国公安机关深入推进“断号”行动，取得显著成效，共侦办案件1.1万余起，关停接码平台130余个，捣毁“猫池”窝点800余个，缴获“猫池”、GOIP等黑产设备1万余台，查扣手机黑卡240余万张，查获网络黑账号4200余万个。公安部今日公布2022年“断号”行动十大典型案例。\n江苏公安网安部门侦查查明，张某等人搭建“猴发卡”网络交易平台，为社交类网络黑账号及黑产软件交易提供非法中介服务，招揽号商等1.4万余家商户入驻，日均活跃商户400余家，并按交易额的一定比例向商户收取所谓“管理费”。江苏公安机关抓获平台运营者张某等犯罪嫌疑人62名，涉案金额7500余万元。\n天津公安网安部门侦查查明，韩某某在网上购买微博账号和手机号码，贩卖给境外诈骗团伙牟利。天津公安机关顺线打掉1个网络黑账号交易平台和2个号商团伙，抓获犯罪嫌疑人13名，查扣涉案手机120余部，查获网络黑账号20万余个、手机黑号5万余个，涉案金额1000余万元。\n浙江公安网安部门侦查查明，某公司为完成市场客房价格信息采集项目，非法从马某某团伙手中购买大量虚假实名手机号和某旅行住宿平台网络账号，并利用上述账号登录相关平台采集客房价格信息。浙江公安机关顺线抓获犯罪嫌疑人19名，打掉接码平台1个，查扣涉案手机和电脑30余部，查获手机黑号100余万个，涉案金额3000余万元。\n江苏公安网安部门侦查查明，邹某某伙同他人搭建非法网络平台，为买卖租赁网络黑账号等黑产活动提供中介、担保服务。江苏公安机关顺线抓获犯罪嫌疑人7名，查获非法交易活动近20万件，涉案金额1600余万元。\n四川公安网安部门侦查查明，许某某、鳌某某等人组建“村推”团伙，打着帮助农村老年人激活医用电子凭证的幌子，骗取老年人手机恶意注册网络账号。四川公安机关顺线打掉“村推”团伙4个、网络黑产工作室1个，抓获犯罪嫌疑人65名，查获涉案网络黑账号5万余个，涉案金额200余万元。\n江苏公安网安部门侦查查明，薛某等人搭建黑产工作室，通过网络大量购买微博账号，利用群控软件“养号”，并按照买家的要求，对微博账号进行实名验证、换绑，严重侵犯公民个人信息，危害互联网管理秩序。江苏公安机关顺线抓获犯罪嫌疑人25名，查获微博“黄V”等级黑账号1万余个、其他网络账号400余万个、养号等黑产软件4个。\n陕西公安网安部门侦查查明，王某某为牟取不法利益，收购二手手机并将其改装为具有嗅探功能的黑设备，贩卖给从事注册网络黑账号活动的不法人员；何某某等人从王某某手中购买上述黑设备，利用非法采集到的手机号码和短信验证码大量注册网络黑账号，贩卖给境外诈骗团伙牟利。陕西公安机关顺线抓获犯罪嫌疑人17名，查扣手机1100余部、网络黑账号60余万个，涉案金额300余万元。\n河南公安网安部门侦查查明，2019年以来，张某某等人搭建“猫池”窝点15个，从事注册、贩卖网络黑账号等黑产活动。河南公安机关顺线抓获犯罪嫌疑人28名，查获手机黑卡4.2万余张、网络黑账号210余万个、“猫池”设备1136台、电脑137台、手机63部，涉案金额480余万元。\n安徽公安网安部门侦查查明，岳某某等人利用网络黑产软件批量注册网络黑账号，贩卖牟利。安徽公安机关顺线抓获犯罪嫌疑人8名，打掉1个制作黑产软件的犯罪窝点，查获手机黑号200余万个、网络黑账号500余万个、公民个人信息2000余万条、黑产软件50余个、源代码12套。\n重庆公安网安部门侦查查明，朱某等人大量购买学生及留守老人的身份证号、手机号等公民个人信息，批量注册支付宝、淘宝商铺等网络黑账号，贩卖牟利。重庆公安机关顺线打掉6个犯罪窝点，抓获犯罪嫌疑人57名，查获公民个人信息2.1万余条、网络黑账号4万余个，涉案资金183万余元。\n全国公安机关将全面贯彻落实党的二十大精神，始终保持对网络黑产违法犯罪活动的高压严打态势，进一步加大“断号”行动工作力度，紧盯关键环节，采取有力举措，会同有关部门不断强化行业整治和源头治理，切实维护网络秩序和群众合法权益，全力营造安全、清朗、有序网络空间。\n', 'http://cyberpolice.mps.gov.cn/wfjb/html/bgl/20230216/4739.shtml', NULL, 0);
INSERT INTO `information` VALUES (89, '公安部公布打击食品安全犯罪8起典型案例', '2023-02-16', '公安部官网', '春节期间，按照公安部统一部署要求，各地公安机关准确把握岁末年初食品安全犯罪形势，扎实采取针对性措施，紧盯肉制品、米面油、调味品、糖果茶、烟酒饮料、保健食品等节日市场热销食品，全面摸排搜集违法犯罪线索，快破大案、多破小案，依法严厉打击食品安全犯罪，有力净化了食品市场秩序，切实保障了广大人民群众节日期间餐桌安全。公安部今日公布春节期间打击食品安全犯罪8起典型案例。\n该案抓获犯罪嫌疑人2名，现场查获散装豆油100吨、包材11万套。经查，犯罪嫌疑人赵某某等人大量收购散装豆油，购买品牌豆油商标、外包装箱等包材，灌装生产假冒品牌豆油对外销售，案值1300余万元。\n该案共抓获犯罪嫌疑人120余名，现场查获减肥胶囊3000余万粒及大量原辅料。经查，犯罪嫌疑人肖某某、陈某某等注册成立公司，多次购买化学原料，并通过互联网购买荷叶粉、胶囊壳、灌装设备等，大量生产非法添加西药成分的减肥胶囊对外销售，案值1亿余元。\n该案捣毁窝点4处，抓获犯罪嫌疑人13名，现场查获巧克力及生产原料4万余箱、塑料包材卷膜2.7吨。经查，犯罪嫌疑人陈某等在未获得某巧克力品牌商授权的情况下，私自委托印制包材，将大量临期、过期的该品牌巧克力拆分重新包装后进行销售，案值1000余万元。\n该案捣毁犯罪窝点4处，抓获犯罪嫌疑人7人，现场查获假冒品牌调味品2000余包。经查，犯罪嫌疑人孙某某等大量购进假冒品牌调味品，并通过电商平台对外销售，案值130余万元。\n该案捣毁窝点7处，抓获犯罪嫌疑人17名，现场查获假冒注册商标标识3万余件。经查，以路某为首的犯罪团伙低价购进低端白酒，并购买印有某品牌白酒字样的假冒商标标识，雇佣工人在民房内勾兑灌装，假冒某品牌白酒对外销售，案值9000余万元。\n该案捣毁窝点7处，抓获犯罪嫌疑人5名，现场查获假冒品牌白酒1.9万瓶、包材10万套。经查，犯罪嫌疑人赵某某等人购买假冒品牌白酒包材，使用价格低廉白酒灌装生产假冒品牌白酒，发展多名下线对外销售，案值2000余万元。\n该案共抓获犯罪嫌疑人40名，现场查获假冒某品牌口服液25万支、假冒商标标识300余万枚。经查，犯罪嫌疑人郝某某等未经权利人许可，购进普通口服液半成品，委托制作假冒某品牌商标标识及包装盒，进一步灌装、贴标包装成假冒某品牌多肽口服液，通过互联网社交平台层级发展代理，以“会销”方式针对老年群体销售，案值5500余万元。\n该案共抓获犯罪嫌疑人30余名，打掉假烟储存、中转、销售窝点32处，现场查获扣押假冒品牌卷烟1.9万余条、烟丝4.2吨。经查，黄某某犯罪团伙长期组织生产假烟对外销售，案值1.1亿元。其中，何某某团伙自2022年2月以来向黄某某团伙购买假烟2400余件，并通过烟酒铺等渠道对外销售，案值5000余万元。\n全国公安机关食药侦部门将全面贯彻落实党的二十大精神，全力组织开展“昆仑2023”专项行动，持续保持对农兽药残留超标、非法添加、“网红”假劣食品等突出的危害食品安全犯罪活动的严打高压态势，加大打击力度、密切部门协同，强化行刑衔接、推进社会治理，坚决守护人民群众“舌尖上的安全”。\n', 'http://cyberpolice.mps.gov.cn/wfjb/html/bgl/20230216/4740.shtml', NULL, 0);
INSERT INTO `information` VALUES (90, '公安机关依法打击制售假冒伪劣涉疫药品公安部公布5起典型案例', '2023-01-19', '公安部官网', '我国疫情防控进入新阶段以来，全国公安机关食药侦部门按照公安部党委部署要求，紧盯涉疫药品和物资犯罪形势特点，充分发挥职能作用，积极主动作为，集中破案攻坚，与有关行政主管部门密切协作，依法严厉打击制售假冒伪劣涉疫药品和物资违法犯罪活动，切实保障了人民群众生命健康安全，有效服务了疫情防控工作大局。公安部今日公布5起典型案例。\n近日，吉林省公安机关根据工作中发现线索，侦破一起制售“布洛芬”假药案，捣毁生产窝点1处，抓获犯罪嫌疑人1名，现场查获“布洛芬”假药2万余粒。经查，2022年12月中旬，犯罪嫌疑人刘某某通过网络购买布洛芬原料、空胶囊和胶囊灌装器，在其家中私自灌装生产“布洛芬”假药2万余粒，简单分包后打算通过微信朋友圈销售牟利，被公安机关及时查获。截至案发，涉案“布洛芬”假药尚未售出。\n近日，四川省广元市公安机关根据市场监管部门通报线索，侦破一起制售伪劣医用防护服案，查封流水生产线6条，捣毁生产、仓储窝点5处，抓获犯罪嫌疑人18名，现场查获伪劣医用防护服5.8万套、假冒商标标识18万张、各类包材12.8万件，涉案金额2900余万元。经查，犯罪嫌疑人周某某等人设立多处黑窝点，使用假冒包材将“白板”防护服包装成某品牌医用防护服，通过网络和下线经销商对外销售。\n近日，黑龙江省哈尔滨市公安机关根据举报线索，侦破一起制售假冒测温枪案，捣毁制假工厂1个，抓获犯罪嫌疑人3名，现场查获假冒测温枪5000余支、假防伪标识6万余个，涉案金额800余万元。经查，犯罪嫌疑人邓某某趁测温枪短缺之机，为牟取暴利，低价采购电子原件，委托一代工厂组装，贴牌生产假冒某品牌的测温枪，销售给犯罪嫌疑人车某、张某某，随后该2人以低于正品20%的价格对外批发销售。\n近日，安徽省蚌埠市公安机关根据工作中发现线索，侦破一起制售假冒N95口罩案，捣毁涉案窝点8处，抓获犯罪嫌疑人9名，现场查获假冒N95口罩50余万只，假冒商标标识400余万个，涉案金额1000余万元。经查，2022年以来，犯罪嫌疑人熊某某等人大量购买白板N95口罩，租赁厂房设立2处生产窝点，订制假冒包装材料，组织人员非法生产N95口罩并对外销售。\n近日，浙江省杭州市公安机关根据市场监管部门通报线索，侦破一起制售假冒N95口罩案，现场查获假冒口罩7万余只、各类包材10万余件。经查，2022年12月以来，犯罪嫌疑人濮某某通过网络购买白板N95口罩，使用假冒包材非法生产N95口罩，并加价对外销售。\n全国公安食药侦部门将始终坚持以人民为中心，加强部门协作配合，保持对制售假冒伪劣涉疫药品等犯罪的严打高压态势，有力维护人民群众生命健康安全和社会秩序稳定。\n', 'http://cyberpolice.mps.gov.cn/wfjb/html/bgl/20230119/4739.shtml', NULL, 0);
INSERT INTO `information` VALUES (91, '公安机关依法严厉打击整治“网络水军”2022年侦办“网络水军”相关案件550余起，关闭“网络水军”账号530余万个、非法网站530余个', '2023-01-19', '公安部官网', '2022年，全国公安网安部门按照统一部署，紧紧依托“净网2022”专项行动，与有关主管部门密切协作配合，持续依法严厉打击整治“网络水军”违法犯罪活动，共侦办“网络水军”相关案件550余起，关闭“网络水军”账号530余万个，关停“网络水军”非法网站530余个，清理网上违法有害信息56.4万余条，取得明显阶段性成效，有效维护了网络空间秩序和群众合法权益。\n——依法严厉打击“网络水军”造谣引流相关违法犯罪。随着自媒体、短视频和直播平台的快速兴起，一些不法分子运营大量账号故意编造虚假信息“造热点”“蹭热点”，借此吸引眼球、收割流量、牟取利益，严重危害网络生态。公安机关网安部门紧盯大量发布虚假信息的网络账号，深挖彻查幕后制作运营团伙，共侦办“网络水军”造谣引流相关案件110起。\n——依法严厉打击“网络水军”舆情敲诈相关违法犯罪。一些不法分子打着“舆论监督”等旗号开办假冒媒体网站和自媒体账号，恶意炒作各类信息，甚至编造负面文章，以“交钱就删帖”“不交钱就发帖”相要挟，大肆实施敲诈勒索犯罪活动，严重侵害人民群众合法权益。公安机关网安部门深挖各类假冒媒体网站和自媒体账号背后的敲诈勒索犯罪团伙，共侦办“网络水军”舆情敲诈相关案件110余起。\n——依法严厉打击“网络水军”刷量控评相关违法犯罪。网民对特定信息和商品的评论内容及转发、评论、点赞数量，已逐渐成为公众衡量其认可度的重要指标。一些企业和个人为追求流量指标，购买“网络水军”有偿刷量炒作服务，滋生刷量控评乱象。公安机关网安部门紧盯重点行业和平台，共侦办“网络水军”刷量控评相关案件250余起。\n——依法严厉打击“网络水军”有偿删帖相关违法犯罪。近年来，以“口碑营销”“舆情优化”“负面压制”“形象维护”等名义提供有偿删帖服务的“网络水军”大量滋生。不法分子通过批量反复投诉、伙同网站内部工作人员后台操作、反复联系发帖人骚扰利诱、发布正面信息“下沉”“压制”、甚至黑客攻击等多种手法，为各类企业和个人删除网上负面信息，破坏网络生态，严重扰乱市场经济秩序。公安机关网安部门深查长期提供有偿删帖服务的公司和团伙，共侦办“网络水军”有偿删帖相关案件70余起。\n全国公安机关网安部门将全面贯彻落实党的二十大精神，持续保持对“网络水军”违法犯罪严打高压态势，加强与有关主管部门的协作配合，完善工作机制，推动综合整治，坚决维护网络空间秩序和群众合法权益。\n福建公安机关网安部门查明，某文化传播有限公司通过伪造企业印章的方法，以各类虚假公司名义注册开办大量自媒体账号，累计发布“标题党”文章3万余篇，其中“蹭热点”虚假信息500余篇。该公司将网上公开信息重新编辑并添加标题后发布，通过在500余个微信群中推广吸引网民点击，借此赚取网络平台流量提成。目前，属地公安机关已抓获犯罪嫌疑人5名，扣押涉案电子设备70部，封停自媒体账号200余个，查获用于注册自媒体账号的伪造的企业印章200余枚，初步核实该公司非法获利50余万元。\n广西公安机关网安部门查明，刘某某利用配音和剪辑软件对网上公开信息进行篡改，编造热点社会事件虚假信息后在短视频平台发布，以此博人眼球、吸引粉丝，待账号粉丝量达到一定数量后，再以数千元不等的价格进行出售。刘某某通过“造谣引流”先后经营账号30个，恶意编造并发布虚假视频信息79个，累计播放量3153万次、点赞量137万次，吸引粉丝42万名，通过出售账号获利3.8万元。目前，刘某某已被属地公安机关抓获并依法采取刑事强制措施。\n江苏公安机关网安部门查明，某“网络水军”团伙打着“医药观察”“医药联盟”“医药学术”等名义开办多个自媒体账号，杜撰医药企业负面文章并通过其自媒体账号进行炒作，以付费删帖相要挟，对10余个省市30余家医药企业实施敲诈勒索。目前，属地公安机关已将该“网络水军”团伙6名犯罪嫌疑人抓获归案，涉案金额400余万元。\n山东公安机关网安部门查明，娄某串联组织多个“网络大V”在社交网络平台集中发布相关企事业单位负面帖文造势，形成负面话题热搜，使涉事企业迫于舆论压力与该团伙签订所谓“宣传推广合同协议”，借机敲诈勒索。该团伙每起案件敲诈金额在5万至15万元不等，其中娄某作为联系人收取50%的费用，其他“网络大V”和相关人员按账号粉丝数等分成。目前，属地公安机关已抓获该团伙犯罪嫌疑人16名，查获涉案大V账号27个，查实该团伙曾对10余家当地学校、医院、地产公司等企事业单位实施舆情敲诈。\n广东公安机关网安部门查明，某“网络水军”团伙利用黑客工具等操控数万个网络账号，专门为特定网络直播间提供有偿代刷虚假评论、点赞、人气等服务，累计发布各类虚假评论信息8000万条，代刷直播间浏览量1亿余次、点赞量7亿余次。目前，属地公安机关已将该团伙14名犯罪嫌疑人抓获归案，捣毁作案窝点3个，查扣作案手机1200余台，涉案金额2600余万元。\n山东公安机关网安部门查明，某“网络水军”团伙开办专门网站，公开出售有偿代刷虚假点赞量、关注量、浏览量、粉丝量等服务。该团伙雇佣“刷手”并通过非法脚本程序，模拟真实用户进行批量操作，短时间内即可将短视频的“转评赞”数值推至数十万。目前，属地公安机关已摧毁该网站相关的流量造假产业链条，打掉相关“网络水军”团伙25个，捣毁作案窝点32个，查获制造虚假流量的网络平台68个，封停网络账号20余万个，扣押作案手机3000余部，涉案金额2000余万元，初步统计该团伙累计代刷虚假点赞量、关注量、浏览量、粉丝量等数百亿次。\n云南公安机关网安部门查明，某“网络水军”团伙陈某某等人搭建专门“刷单”平台，将20余家分平台售卖给姜某某、韦某某等人，由各分平台负责人组织开展“网络水军”有偿“刷单”活动，由某科技公司负责各分平台维护并从刷量订单量中抽取“维护费”，各地“刷手”通过接单完成“刷单”任务获取酬劳，各分平台从中获取佣金牟利。目前，属地公安机关已打掉该团伙及其上下游作案窝点30个，扣押涉案电子设备300余部，涉案资金流水10亿余元，涉及虚假交易400余万单次、网店2.5万家、兼职“刷手”9万余人。\n湖南公安机关网安部门查明，袁某某等人成立多家网络科技公司，雇佣技术人员开发专门“刷单”平台，以“补单”“兼职”为幌子，招揽组织12万余名“刷手”从事“刷单”业务，向1.7万余家电商网店提供制造虚假交易量等服务，从中抽取佣金获利。目前，属地公安机关已捣毁作案窝点9个，关停专用软件平台3个，扣押涉案电子设备450余部和手机卡500余张，冻结涉案支付账户260余个，涉案金额4.7亿元。\n江苏公安机关网安部门查明，某“网络水军”团伙注册成立所谓“征信和信用管理公司”，采用虚构证明材料、虚假公文印章等方式，向有行政处罚记录企业和失信人员推销有偿删除不良记录服务。目前，属地公安机关查扣作案电子设备110余台和涉案合同60余份，涉案金额500余万元。通过对该案扩线深挖，查明从事此类有偿删除征信记录的“网络水军”团伙14个，相关案件正在进一步侦办中。\n浙江公安机关网安部门查明，杨某某团伙注册成立某文化公司，搭建集“需求、接单、删帖”为一体的有偿删帖专用平台APP，以舆情监测、负面压制为名实施有偿删帖犯罪活动，通过招募雇佣“网络水军”向网站投诉、举报、替换等方式，下沉、删除目标帖文牟取经济利益，共完成删帖业务3.9万余次，总涉案金额800余万元。目前，杨某某等3人已被属地公安机关依法采取刑事强制措施。\n公安机关郑重提醒，“网络水军”活动涉嫌非法经营、寻衅滋事、敲诈勒索、强迫交易、诈骗等犯罪，雇佣、从事、参与“网络水军”违法犯罪活动的相关企业和人员，必将受到法律惩处。互联网平台要切实落实主体责任，电商、自媒体、文娱等领域要加强行业自律，共同抵制“网络水军”活动。受“网络水军”非法侵害的单位和个人要及时报案，公安机关将坚决依法查处。\n', 'http://cyberpolice.mps.gov.cn/wfjb/html/bgl/20230119/4740.shtml', NULL, 0);
INSERT INTO `information` VALUES (92, '公安部深入推进打击电信网络诈骗“拔钉”行动中柬警方通力合作抓获9名诈骗集团幕后组织者', '2023-01-19', '公安部官网', '2022年6月以来，最高法、最高检、公安部等有关部门联合部署开展“拔钉”行动，严厉打击惩处电信网络诈骗集团重大头目和骨干。近日，中国公安机关与柬埔寨警方积极开展警务合作，成功抓获9名电信网络诈骗犯罪集团幕后组织者，查明涉案金额上亿元，“拔钉”行动取得重要成果。\n近年来，电信网络诈骗犯罪多发高发，电信网络诈骗分子在境外搭建窝点，大肆对我国内民众实施诈骗。公安机关侦查发现，多起被骗损失超过千万元案件的诈骗窝点设在柬埔寨，公安部将其幕后组织者列为“拔钉”行动缉捕对象，牵头成立专案组，组织河北、山西、福建、河南、贵州等地公安机关加大侦查力度。在中柬执法合作协调办公室和驻柬使馆警务联络官的指导下，积极发挥国际刑警组织优势作用，我公安机关与柬埔寨警方通力合作，掌握了该诈骗犯罪集团的大量犯罪证据，柬警方先后将9名目标对象成功抓获，并于近日移交我方。另有10余名犯罪嫌疑人主动回国投案自首，目前已成功到案24名犯罪嫌疑人。\n据悉，自“拔钉”行动部署以来，公安部先后将490余名电信网络诈骗集团重大头目和骨干列为“拔钉”缉捕对象。全国公安机关持续强化侦查研判，积极开展国际警务合作，已成功到案240余名缉捕对象，取得显著战果。部分犯罪嫌疑人已被提起公诉，等待他们的将是严厉的法律制裁。\n全国公安机关将深入贯彻《反电信网络诈骗法》，继续严厉打击电信网络诈骗犯罪，深入推进“云剑”“拔钉”“断流”“断卡”等专项行动，依法高效开展国际警务合作，坚决遏制此类犯罪高发态势，切实维护人民群众的财产安全和合法权益。\n', 'http://cyberpolice.mps.gov.cn/wfjb/html/bgl/20230119/4741.shtml', NULL, 0);
INSERT INTO `information` VALUES (93, '公安机关“净网2022”专项行动成效显著侦办相关案件8.3万起，其中侵犯公民个人信息案件1.6万余起、“网络水军”案件550余起', '2023-01-10', '公安部官网', '2022年，全国公安机关网安部门深入推进“净网2022”专项行动，坚持“全链打击、生态治理”，对严重危害网络秩序和群众权益的突出违法犯罪和网络乱象发起凌厉攻势，开展多轮次集群战役，收到显著成效。截至2022年12月底，共侦办案件8.3万起，抓获一大批犯罪嫌疑人，以实际行动维护了网络空间安全和网上良好秩序。\n——积极回应社会关切，针对“网络水军”违法犯罪，深入推进专项会战，组织对造谣引流、舆情敲诈、刷量控评、有偿删帖4类常见“网络水军”违法犯罪发起集群战役，侦破“网络水军”案件550余起，关闭“网络水军”账号537万个，关停“网络水军”非法网站530余个，清理网上违法有害信息56.4万余条，有效净化了网络环境。\n——针对不法分子恶意窃取公民个人信息用于实施犯罪等突出情况，始终保持高压严打态势，聚焦恶意窃取中小学生、老年人等群体个人信息，非法侵入计算机系统获取个人信息，非法窃取快递信息，以及网上非法倒卖公民个人信息等重点方向全力开展侦查攻坚，累计侦办侵犯公民个人信息案件1.6万余起，有力维护了公民个人信息安全。\n——针对智能化、隐蔽式的网络攻击活动，坚持下先手棋、打主动仗，聚焦打击僵尸网络及DDOS攻击、勒索病毒以及针对民生领域的黑客攻击、技术型帮助犯罪活动，集中研判、集群作战，累计侦办案件1300余起，有力维护了网络空间安全。\n——针对不法分子非法生产、销售窃听窃照专用器材，偷拍群众隐私并网上传播售卖等严重侵犯人民群众隐私违法犯罪活动，组织开展严打窃听窃照、偷拍偷窥集群战役，累计侦办案件340余起，打掉非法窃听窃照专用器材生产窝点90余个，缴获窃听窃照专用器材14.1万件，有力打击了此类犯罪活动。\n——针对为电信网络诈骗、网络赌博等犯罪提供非法支付结算、技术支持、推广引流、物料支撑的黑产，持续开展专项打击整治，侦破相关案件3.1万起，打掉各类犯罪团伙8700余个，有效防止了网络黑产犯罪蔓延扩散。\n——针对为各类网络违法犯罪提供关键物料支撑的网络黑号，深入开展“断号”集中打击整治行动，重拳打击恶意注册、贩卖网络黑号的卡商、号商、打码接码平台等犯罪团伙，侦破相关案件1.1万起，捣毁“猫池”窝点800余个，缴获“猫池”、GOIP等黑产设备1.1万台，关停接码平台130余个，查扣手机黑卡240万张，查获网络黑账号4200余万个。\n——针对不法分子利用互联网勾连，相约跨地域实施暴力犯罪，积极构建暴力犯罪预防机制，对跨地域网约犯罪深入开展预警打击，成功阻止雇凶伤害、绑架、抢劫等恶性案事件220余起，有力打击了此类犯罪行为。\n——针对涉青少年相关违法犯罪活动，坚持以“净化网络空间、护卫健康成长”为导向，深入开展青少年保护“护苗”行动，严打涉青少年色情网站，严查制造、传播淫秽色情信息人员，严打利用信息网络组织卖淫犯罪活动，全力守护青少年身心健康。\n——针对网民举报和咨询求助，各级网警巡查账号积极响应受理，累计回应网民咨询求助155万余次，受理并向相关部门转递涉疫困难诉求等突出情况1.7万余条，救助扬言自杀网民240余人。\n全国公安机关网安部门将全面贯彻落实党的二十大精神，坚持以人民为中心，坚持依法管网、依法治网，始终保持对各类网络违法犯罪的高压严打态势，深入整治网络黑灰产和网络乱象，不断净化网络生态，全力营造风清气正的网络环境。\n', 'http://cyberpolice.mps.gov.cn/wfjb/html/bgl/20230110/4739.shtml', NULL, 0);
INSERT INTO `information` VALUES (94, '最高检公安部联合挂牌督办第二批3起特大跨境电信网络诈骗犯罪案件', '2022-12-22', '公安部官网', '为依法严厉打击跨境电信网络诈骗犯罪，全力推进“拔钉”“断流”等专项行动，近日，最高人民检察院、公安部联合挂牌督办第二批3起特大跨境电信网络诈骗犯罪案件，全力缉捕电信网络诈骗犯罪集团头目和骨干，切实维护良好社会秩序和人民群众合法权益。\n近年来，各级检察机关、公安机关深入贯彻落实习近平总书记关于打击治理电信网络诈骗犯罪工作的重要指示精神，按照国务院打击治理电信网络新型违法犯罪工作部际联席会议部署，密切配合、多措并举，始终坚持以人民为中心，依法、从严、全链条打击电信网络诈骗及其关联犯罪，深挖电信网络诈骗集团幕后“金主”，打击惩处工作取得明显成效。今年6月“拔钉”行动开展以来，国务院联席办先后将470余名电信网络诈骗集团头目和骨干纳入重点缉捕范围。截至目前，公安机关已抓获其中240余名，检察机关已逮捕150余名、起诉80余名。在公安部A级通缉令公开通缉的12名电信网络诈骗集团重大头目和骨干人员中，公安机关已抓获10名，检察机关起诉6名，其他犯罪嫌疑人正在全力缉捕中。\n为依法严厉打击跨境电信网络诈骗犯罪集团嚣张气焰，最高检、公安部联合挂牌督办了第一批5起特大电信网络诈骗案件，相关地方检察机关、公安机关加强研判分析，强化协作配合，推动打击工作取得阶段性重大进展。其中，浙江“12.30”电信网络诈骗案已抓获11名主犯，判决4名。主要组织者葛某一审被判处无期徒刑，剥夺政治权利终身，并处没收个人全部财产，其余3名主犯均被判处十年以上有期徒刑。福建“4.09”电信网络诈骗案已抓获主犯李某滨，深挖发现的另外三个诈骗窝点，陆续抓获相关组织者、管理者10人，均已提起公诉，同步查扣涉案财物价值2亿余元。河南“6.20”电信网络诈骗案已抓获公安部A级通缉令通缉的在逃人员张某龙，并抓获周某辉等4名犯罪集团幕后组织者，均已提起公诉。湖南“8.07”电信网络诈骗案已抓获曾某波等4名诈骗集团主犯，全链条打击为诈骗集团非法提供“两卡”等帮助的犯罪团伙，已起诉犯罪嫌疑人39名。重庆“6.15”电信网络诈骗案已起诉诈骗犯罪嫌疑人100余名，查封、扣押、冻结境内涉案资产6000余万元。\n工作中，最高检和公安部建立了常态化挂牌督办工作机制，并于近日联合挂牌督办第二批3起特大跨境电信网络诈骗案件。这3起案件分别是浙江桐乡“3.03”电信网络诈骗案、湖北咸宁“3.03”电信网络诈骗案、四川南充“4.01”电信网络诈骗案，这是今年以来“拔钉”“断流”等专项行动中的重点案件，涉案金额巨大，社会危害严重，目前仍有部分犯罪分子畏罪潜逃、逍遥法外。\n最高检、公安部有关负责人表示，全国检察机关和公安机关将深入学习贯彻党的二十大精神，认真贯彻反电信网络诈骗法，坚持以“零容忍”的态度，全力抓捕、从严惩治跨境电信网络诈骗犯罪集团头目和骨干，坚决“打财断血”，有力斩断犯罪链条，全力追赃挽损，切实守护人民群众合法权益和财产安全。检察机关和公安机关正告相关违法犯罪嫌疑人，认清形势、珍惜机会，不要心存任何侥幸，尽快投案自首，争取宽大处理。\n2021年7月，浙江公安机关在对电信网络诈骗犯罪线索开展集中研判时，深挖出一个盘踞在境外的电信网络诈骗犯罪集团。公安机关初步查明，该犯罪集团在境外商业园区设立虚假公司，组织人员偷渡到境外从事诈骗活动，通过在境外搭建的虚假网络投资平台对我国公民实施诈骗。\n2021年4月，湖北公安机关在侦办本地案件时，深挖出一个盘踞在境外，专门为电信网络诈骗团伙提供洗钱服务的“地下钱庄”。公安机关顺线追查，发现一个通过冒充金融公司客服实施电信网络诈骗的犯罪集团，初步查明作案800余起。该诈骗集团与境外“地下钱庄”长期勾连，形成“境内引流推广一境外实施诈骗一地下钱庄运作一赃款回流境内”的犯罪链条。\n2021年2月，四川公安机关从电信网络诈骗犯罪线索入手，深挖出盘踞在境外的10余个电信网络诈骗团伙，涉及犯罪人员800余名。经查，这些犯罪团伙从国内招募人员赴境外从事诈骗活动，利用虚假投资APP，通过网络交友、诱导投资等方式对国内公民实施诈骗。\n', 'http://cyberpolice.mps.gov.cn/wfjb/html/bgl/20221222/4739.shtml', NULL, 0);
INSERT INTO `information` VALUES (95, '公安机关打击整治“沙霸”“矿霸”等自然资源领域黑恶犯罪专项行动取得明显成效公安部公布5起典型案例', '2022-11-23', '公安部官网', '公安部部署开展打击整治“沙霸”“矿霸”等自然资源领域黑恶犯罪专项行动以来，各地公安机关重拳出击、多管齐下，依法严厉打击实施非法采矿、非法采砂等破坏自然生态环境违法犯罪的黑恶势力，截至目前，共打掉相关涉黑恶组织310个，其中涉黑组织100个、恶势力犯罪集团113个、恶势力团伙97个，侦破案件5000余起，有力维护了良好自然生态环境。\n专项行动中，公安部深入落实党中央关于常态化开展扫黑除恶斗争的部署要求，坚持对“沙霸”“矿霸”黑恶势力依法严惩、穷追猛打，明确要求凡是涉及非法采矿、破坏性采矿的涉黑涉恶案件一律提级侦办、一查到底；先后对27起涉及自然资源领域的重大涉黑恶案件挂牌督办，采取实地督导、视频调度、专家支持、约谈通报等方式强力推进；同步组织开展“打财断血”“打伞破网”行动，有力追缴了一批黑恶势力敛聚的不义之财；坚持长效常治，进一步建立健全与行业主管部门信息共享、线索移交、通报反馈、联合执法等长效机制，加强行刑衔接，针对发现的行业管理漏洞及时推动源头治理，实现集中专项打击向常态打击整治转变，坚决铲除“沙霸”“矿霸”滋生土壤。各级公安机关坚持依靠群众、发动群众，结合反有组织犯罪法宣传贯彻工作，畅通群众举报渠道，动员群众积极举报、广泛参与，推动专项行动取得更大实效；对涉黑涉恶线索开展“回头看”“大起底”，加强分析研判，深挖隐藏背后的黑恶势力，让“沙霸”“矿霸”无所遁形。\n公安部刑侦局有关负责人表示，公安机关将认真学习贯彻党的二十大精神，牢固树立绿水青山就是金山银山的理念，总结经验、巩固成果，始终保持对“沙霸”“矿霸”等自然资源领域黑恶犯罪打早打小、露头就打的高压态势，坚决守护良好自然生态环境，更好地服务和保障经济社会高质量发展。\n浙江省公安机关打掉以沈某平、方某明为首的黑社会性质组织。经查，犯罪嫌疑人沈某平、方某明等人在经营海盐保山、秦通矿业期间，通过非法采矿、强迫交易、非法拘禁、诈骗、伪造国家机关、公司、企业、事业单位印章、开设赌场等违法犯罪行为，以暴力、威胁或者其他非法手段，干扰当地企业正常生产、经营，逐步垄断当地石矿、石料行业，多次超越许可证规定的矿区范围采矿72万吨，价值1500余万元，并采取贿赂国家工作人员等方式逃避处罚，严重破坏当地的经济社会生活秩序。2020年10月28日、2022年2月11日，浙江省海宁市人民法院先后作出判决，沈某平犯组织、领导黑社会性质组织等罪，被判处有期徒刑二十一年，并处没收个人全部财产；方某明等其余被告人分别被判处十五年至三年有期徒刑不等。\n安徽省公安机关打掉一个盘踞在合肥市蜀山区实施寻衅滋事、敲诈勒索、非法采矿、强迫交易等违法犯罪活动的黑社会性质组织。经查，犯罪嫌疑人王某君网罗社会闲散人员，以承揽土方工程为目的，直接使用暴力或采取“软暴力”方式对他人进行恐吓、威胁，有组织地实施违法犯罪活动，并以虚假材料虚构工程量骗取国家巨额资金，逐步形成“以商养黑、以黑护商”发展模式，严重干扰、破坏当地正常生产、经营活动和生活秩序。期间，该犯罪组织在未取得采矿许可证情况下，非法开采矿石对外销售，非法获利近百万元。2021年12月30日，安徽省合肥市长丰县人民法院作出一审判决，王某君犯组织、领导黑社会性质组织等罪，被判处有期徒刑二十五年，并处没收个人全部财产；其他21名被告人分别被判处十八年六个月至一年八个月有期徒刑不等。2022年3月25日，合肥市中级人民法院作出终审判决，维持原判。\n江西省公安机关打掉以龚某荣、郑某忠为首的黑社会性质组织。经查，犯罪嫌疑人龚某荣、郑某忠等人长期盘踞上饶市广信区应家乡，通过强行入股他人煤矿、成立客运公司、控制猪肉销售市场等非法手段，累积大量原始资本，网罗社会闲散人员，逐步形成有组织犯罪团伙。为攫取更大经济利益，该组织通过实施故意伤害、寻衅滋事、聚众斗殴、非法拘禁等一系列暴力违法犯罪活动称霸一方，霸占当地多处煤矿、强揽高铁建设砂石供应、垄断惠农工程、插手房地产开发，以暴力、威胁等手段强迫他人出让土地承包经营权，并以牟利为目的非法倒卖土地使用权，严重破坏当地经济、社会生活秩序。2022年5月25日，江西省余干县人民法院作出一审判决，龚某荣犯组织、领导黑社会性质组织等罪，被判处有期徒刑二十年，并处没收个人全部财产；判处郑某忠十年十个月有期徒刑，并处没收个人全部财产；其余17名组织成员分别被判处八年三个月至一年六个月有期徒刑不等。\n山东省公安机关成功打掉以李某彬为首的黑社会性质组织。经查，该组织占据枣庄市卓山铁矿，以企业为掩护，大肆聚敛钱财，有组织地实施聚众斗殴、寻衅滋事、非法拘禁、强迫交易、非法采矿等违法犯罪行为，造成多名群众人身、财产被侵害。该组织在未取得许可证情况下，非法开采水泥用灰岩、石灰岩、片麻岩等矿产，销售金额4200余万元。为非法控制当地铁矿资源，该组织多次以非法手段打击、驱赶矿山施工队，非法占用耕地，致使多家企业倒闭破产，耕地大量毁坏，严重破坏当地社会、经济、生活秩序，给人民群众造成巨大伤害和财产损失。2022年3月25日，山东省枣庄市中级人民法院作出一审判决，李某彬犯组织、领导黑社会性质组织等罪，被判处无期徒刑，剥夺政治权利终身，并处没收个人全部财产；其余27名被告人分别被判处十八年至一年二个月不等有期徒刑。7月27日，山东省高级人民法院作出二审判决，维持原判。\n福建省公安机关打掉以黄某鸿为首的恶势力犯罪组织。经查，犯罪嫌疑人黄某鸿等人长期盘踞在集美区后溪镇，为谋取巨额非法利益，多次实施寻衅滋事、聚众斗殴、合同诈骗等违法犯罪活动，在未取得用地审批和废土消纳许可的情况下，利用废弃鱼塘、鱼塘周边养猪场、养猪场外围政府收储用地作为渣土消纳场地，并向倒土车队收取费用，谋取巨额利益，被倾倒渣土土地面积为3.1万平方米，被严重毁坏导致不具备农业种植条件农用地面积为2.29万平方米，严重破坏当地经济、社会生活秩序。2021年12月30日，厦门市同安区人民法院作出一审判决，该案属恶势力集团犯罪，黄某鸿作为首要分子，被判处有期徒刑十五年六个月并处罚金；其余6名组织成员分别被判处五年九个月至八个月有期徒刑不等。\n', 'http://cyberpolice.mps.gov.cn/wfjb/html/bgl/20221123/4739.shtml', NULL, 0);
INSERT INTO `information` VALUES (96, '公安部公布10起典型案例公安机关依法打击网上侵权假冒犯罪维护消费者和企业合法权益', '2022-11-17', '公安部官网', '今年以来，按照公安部统一部署，全国公安机关紧密结合夏季治安打击整治“百日行动”、“昆仑2022”专项行动，突出打击重点、深化源头整治，持续依法严打互联网侵权假冒犯罪活动，破获相关案件1700余起，铲除一批制假售假犯罪链条网络，切实维护消费者和企业合法权益，着力营造良好的网络购物消费环境。“双11”来临之际，公安部公布依法严厉打击网上侵权假冒犯罪10起典型案例。\n近年来，电商微商、直播带货等网络消费新业态、新模式的兴起，极大方便了群众生活、丰富了消费体验，但其中一些侵权假冒商品不仅侵犯了正规厂商的知识产权，破坏了公平竞争的市场环境，更损害了广大消费者的合法权益。全国公安机关瞄准网上侵权假冒犯罪活动，深入摸排、筛查涉假线索，紧盯群众、权利人企业和互联网平台公司等反映集中的“网红”“直播间”“网店”“公众号”“短视频”等，坚持打源头、端窝点、断链条、摧网络、追流向，强化全环节、全要素、全链条破案攻坚，常态化保持对网上侵权假冒犯罪的高压严打态势，破获了一批大要案件，有力打击震慑此类犯罪活动。\n公安部食品药品犯罪侦查局负责人表示，公安机关将持续扎实开展“昆仑2022”专项行动，始终将打击锋芒对准危害群众生产生活安全的侵权假冒犯罪，推动打击侵权假冒犯罪工作向纵深发展，切实保障广大消费者和各类市场主体合法权益，全力维护公平竞争的市场秩序，为高质量发展贡献公安力量。公安机关提示广大消费者，在“双11”网上购物高峰期，要切实增强自我防范意识，切勿轻信不具备相关资质的平台和个人，谨防掉进消费陷阱。\n今年初，北京公安机关破获一起互联网上制售盗版“冰墩墩”“雪容融”案后，按照公安部统一部署，浙江、江苏、福建、陕西、四川、辽宁等地公安机关接续深挖，全面展开侦查工作，先后侦破一批案件，抓获一批犯罪嫌疑人，缴获一批侵犯北京冬奥会商标权、著作权的吉祥物玩偶、挂件、运动服、纪念章等商品，捣毁一批制假售假窝点，关停一批涉案网店。\n今年9月，根据公安部部署安排，天津、黑龙江、四川、山东、湖北、重庆等地公安机关迅速行动，锁定一批兜售盗版中小学教辅图书网店，深挖产供销链条，先后侦破刑事案件15起，抓获犯罪嫌疑人53名，捣毁盗版书籍印刷、销售、仓储窝点31处，查扣各类生产机器设备79台，缴获盗版教辅图书274万余册。\n今年7月，山西晋城公安机关根据工作中发现线索，破获一起制售假冒品牌电池案，抓获犯罪嫌疑人3名，捣毁制假窝点2处，现场查扣假冒品牌电池成品90余万粒及大批制假原材料。经查，犯罪嫌疑人租赁民宅组织加工生产假冒品牌电池，在电商平台开设多家网店，以“厂家直销”“打折促销”为噱头，利用刷单返现、团购拼单等手段对外销售。\n今年8月，山东济宁公安机关根据权利人企业举报线索，破获一起制售假冒品牌运动鞋案，抓获犯罪嫌疑人15名，捣毁假冒品牌运动鞋生产、仓储、销售窝点7处，现场查扣假冒品牌运动鞋14万双。经查，犯罪团伙未经权利人企业授权生产假冒品牌运动鞋，利用网络平台直播带货，以“正品尾货”“工厂清仓”等名义进行销售。\n今年8月，江苏苏州公安机关根据工作中发现线索，破获一起制售假冒品牌自行车案，抓获犯罪嫌疑人13名，彻底摧毁假冒品牌自行车零件制造、加工组装、批发销售全链条。经查，犯罪嫌疑人加工生产假冒品牌自行车，并在电商平台上以“打折供应青少年学生专用车”等名义推广销售，累计制售假冒品牌自行车2万余辆。\n今年1月，浙江金华公安机关根据工作中发现线索，破获一起制售假冒品牌化妆品案，抓获犯罪嫌疑人14名，捣毁制假售假窝点6处，现场查获假冒多个品牌的化妆品30余万支，半成品及商标标识10万余个。经查，犯罪嫌疑人租用民房设立制假窝点，使用低档化妆品原料灌装生产假冒高档品牌化妆品，通过社交平台招揽客户、推广销售。\n今年6月，安徽淮南公安机关根据群众举报线索，破获一起制售有毒、有害食品案，抓获犯罪嫌疑人33名，捣毁制假售假窝点10处，现场查获一批含酚酞成分的减肥食品。经查，犯罪嫌疑人非法购入酚酞原料药，按照一定配比掺混生产有毒、有害减肥食品，通过线上网络直播和线下加盟店分销牟利。\n今年4月，福建厦门公安机关根据行政执法部门通报线索，破获一起制售假冒品牌服饰案，抓获犯罪嫌疑人25名，捣毁制假窝点3处，缴获假冒品牌帽子、卫衣等服饰5000余件。经查，犯罪嫌疑人设立制假窝点生产假冒品牌服饰，伪造品牌授权书，打着“专柜正品”的幌子吸引消费者，通过直播平台与电商平台网店对外销售。\n今年8月，广东珠海公安机关根据群众举报线索，破获一起制售假冒品牌手机配件案，抓获犯罪嫌疑人43名，打掉制假售假窝点7处，现场查扣假冒品牌耳机、数据线、电池等手机配件4万余件。经查，犯罪团伙通过开发网上商城APP、运营社交平台公众号等方式，推广销售假冒各类市场畅销品牌的手机配件。\n今年8月，广西柳州公安机关根据工作中发现线索，破获一起制售有毒有害凉茶案，抓获犯罪嫌疑人13名，现场查获成品50万余包及原材料一批。经查，犯罪嫌疑人使用淀粉、咖啡色素等原料，非法添加西药成分，生产所谓“长寿茶”“清热排毒茶”等有毒有害食品，宣称对治疗中老年人常见的痛风、高血压等病症有特效，通过网络店铺和社交平台对外销售。\n', 'http://cyberpolice.mps.gov.cn/wfjb/html/bgl/20221117/4739.shtml', NULL, 0);
INSERT INTO `information` VALUES (97, '135款侵犯个人信息合法权益的App被查处', '2022-11-07', '新华社', '近期，针对人民群众反映强烈的App以强制、诱导、欺诈等恶意方式违法违规处理个人信息行为，国家网信办依据《个人信息保护法》《App违法违规收集使用个人信息行为认定方法》等法律法规规定，依法查处“超凡清理管家”等135款违法违规App。\n经查，“超凡清理管家”等55款App存在强制索要非必要权限、未经单独同意向第三方共享精确位置信息、无隐私政策、超范围收集上传通讯录等问题，违反《个人信息保护法》等法律法规规定，性质恶劣，依法予以下架处置；“东方头条”等80款App存在频繁索要非必要权限、首次启动未提示隐私政策、未告知相关个人信息处理规则、默认勾选隐私政策、无法或难以注销账号等问题，违反《个人信息保护法》等法律法规规定，依法责令限期1个月完成整改，逾期未完成整改的，依法予以下架处置。\n国家网信办相关负责人表示，将始终坚持依法管网、依法治网，持续强化个人信息保护领域日常监管，不断加大执法工作力度，坚决维护人民群众个人信息合法权益。\n网站截图\n', 'http://cyberpolice.mps.gov.cn/wfjb/html/bgl/20221107/4739.shtml', NULL, 0);
INSERT INTO `information` VALUES (98, '公安机关依法严打侵犯知识产权犯罪有力服务经济社会高质量发展2022年共侦破侵权假冒刑事案件2.7万起', '2023-04-20', '公安部官网', '2022年以来，全国公安机关按照公安部统一部署，深入学习贯彻习近平总书记关于知识产权工作的重要论述，认真贯彻落实党中央、国务院部署要求，强化责任担当，充分履职尽责，深入推进夏季治安打击整治“百日行动”、“昆仑”等专项行动，依法严打侵权假冒犯罪，取得显著成效。2022年共破获侵犯知识产权和制售伪劣商品犯罪案件2.7万起，有力遏制了此类犯罪多发高发势头。\n工作中，公安机关着力强化风险防控，紧盯食品、药品、生产生活等重点领域，连续破获安徽“11·4”制售有毒有害食品案、四川“8·27”制售假农药案、浙江“1·21”假药案、广东“3·15”制售“非标”线缆案等一批重特大案件，不断增强人民群众获得感、幸福感、安全感；着力强化产权保护，聚焦创新驱动、营商环境、网络消费，连续破获四川“10·26”侵犯技术秘密案、河南“8·11”制售假冒品牌光模块案、山东“5·26”网上直播带货销售假冒品牌运动鞋案等重点案件，净化市场经济秩序，增强企业投资发展信心；着力强化部门协同，会同有关部门联合开展“剑网”“冬奥版权保护”“打击院线电影盗录传播”“青少年版权保护季”等专项行动，联合督办一批大要案件，并围绕重点案件处置、疑难法律问题、信息数据共享等与相关部门开展会商研究，制定出台多项制度措施；着力加强警企协作，开展“惠民利企”调研走访活动，指导天津、浙江等地探索推出“知识产权流动警务站”、重点企业知识产权保护名录等一批“接地气”措施，便利举报投诉，及时破获一批涉企知识产权刑事案件。在第四届民营经济法治建设峰会上，公安机关“开展‘昆仑’专项行动依法严厉打击侵犯知识产权犯罪”被评选为“新时代加强民营经济法治建设”十大事件之一。\n公安部食品药品犯罪侦查局有关负责人表示，公安机关将全面贯彻落实党的二十大精神，坚持以人民为中心的发展思想，扎实推进“昆仑2023”专项行动，不断加大对各类侵犯知识产权犯罪的打击力度，切实维护广大人民群众和企业的合法权益，全力服务保障高质量发展。\n公安部公布\n2023年1月，按照公安部部署要求，浙江、辽宁、山东省公安机关紧密协作，在版权管理部门大力支持下破获“1·25”盗录传播春节档院线电影案，抓获犯罪嫌疑人28名，捣毁涉案非法网站、App、网店32个，查获盗版《流浪地球2》《满江红》《熊出没·伴我“熊芯”》《深海》等电影45万余部，及时遏制春节档院线电影盗录传播风险，切实维护良好版权秩序，服务支撑文化市场创新健康发展。\n2022年8月，北京市公安机关根据网上摸排线索破获“8·18”制售假冒北京环球度假区文创产品案，抓获犯罪嫌疑人21名，打掉制假工厂2处以及利用互联网售假团伙5个，现场查扣仿造的哈利波特“魔法袍”、围巾、衬衫等文创产品4.6万件、假冒商标标识7.7万件，依法保护外商投资企业在华合法权益，营造市场化、法治化、国际化一流营商环境，积极服务高水平对外开放。\n2023年1月，吉林省通化市公安机关根据工作中发现线索破获“7·11”制售假冒品牌化妆品案，打掉一个租用民房设立生产窝点、使用假冒包材加工生产假冒国内知名品牌化妆品、通过网络对外销售的犯罪团伙，捣毁生产加工窝点2处、销售窝点3处，抓获犯罪嫌疑人7名，现场查获假冒品牌化妆品6.6万支，有力维护企业知识产权和化妆品市场秩序，有力保障化妆品质量安全和消费者合法权益。\n2022年9月，黑龙江省双鸭山市公安机关立足本地旅游特色产业，根据群众举报线索破获“9·20”制售假冒品牌滑雪设备案，抓获犯罪嫌疑人35名，捣毁生产、仓储窝点8处，查扣假冒品牌滑雪服、滑雪板、滑雪镜等运动装备6000余件（套），半成品1万余件（套），切实维护消费者合法权益和公平竞争市场秩序，服务“冰雪旅游经济”高质量发展。\n2022年1月，上海市公安机关根据权利人企业举报线索破获“1·5”侵犯高科技设备专用软件著作权案，抓获犯罪嫌疑人15名，打掉一个利用技术破解手段盗版高科技设备专用软件的职业犯罪团伙，查扣存储涉案盗版软件的服务器等30余台、破解工具700余个，切实保障高科技企业知识产权合法权益，坚定企业创新发展信心，激发科技主体创新创造活力。\n2022年5月，福建省南平市公安机关根据群众举报线索破获“3·14”制售假冒地理标志农产品案，抓获犯罪嫌疑人51名，现场查获假冒“武夷岩茶”地理标志及部分品牌茶叶包材600余箱、泡袋12万余个、茶叶原料78箱，及时推动将地理标志茶叶纳入商标保护范围，依法加强地理标志农产品知识产权刑事保护，切实服务保障地理标志农产品高质量发展，助力乡村振兴。\n2023年2月，江西省萍乡市公安机关根据行政执法部门通报线索破获“11·17”制售假冒品牌运动服装案，抓获犯罪嫌疑人6名，打掉制假窝点3处、售假网络直播间3个，现场查扣假冒国内外知名品牌运动服装1.3万件，切实净化网络市场秩序，推动平台经济规范健康持续发展，确保群众买得放心、用得安心。\n2022年4月，山东省临沂市公安机关根据工作发现线索破获“9·02”制售假冒品牌灭火器案，抓获犯罪嫌疑人9名，打掉犯罪窝点5处，现场查获假冒多个品牌的灭火器成品、半成品18万个，阀门、喷管等配件15万余个，假冒商标标识50万件，制假原料100余吨，及时消除一批安全隐患。\n2022年9月，河南省郑州市公安机关根据权利人举报线索破获“8·11”假冒民营企业品牌光模块案，彻底摧毁生产、仓储、销售犯罪全链条，抓获犯罪嫌疑人34名，打掉制假售假窝点7处，查扣假冒品牌光模块成品、半成品8100余块，及时打击震慑阻碍民营企业创新发展的犯罪活动，全力护航民营经济高质量发展。\n2022年6月，四川省攀枝花市公安机关根据行政执法部门通报线索破获“4·15”制售假冒伪劣日化用品案，抓获犯罪嫌疑人75名，捣毁生产、仓储和销售窝点16处，查封生产线13条，查获不符合国家标准的假冒品牌劣质洗衣粉、洗衣液、洗洁精15万余瓶（袋），各类制假原料、包材64吨，有力维护企业合法权益、保障人民群众健康安全。\n公安机关加强知识产权刑事保护支持全面创新\n浙江省温州市公安局牵头联合法院、检察院、新闻出版、市场监管、海关等9家单位建立知识产权保护联合执法中心，在各县区分设普法教育、警企合作、总部服务、情报预警、宣传融媒等5个特色分中心，融合各部门职能优势，形成打防治相融合的知识产权保护新体系。对制售假冒温商品牌商品的违法犯罪活动，积极配合行政执法部门的日常巡查和行政执法，充分发挥公安机关主动发现能力，对重点线索的制假源头、主要网络开展研判深挖，实施全链条、全环节的穿透打击。自2021年12月中心成立以来，行政执法部门向公安机关传递制售假冒温商品牌商品线索82条，从中侦破刑事案件65起，打掉制售假犯罪团伙20个，捣毁制假源头30处，查获假冒商品20余万件，有力保护权利人企业合法权益。同时，中心建立重大案件复盘机制，在重大典型案件侦破后组织各成员单位深入剖析犯罪手段特征、挖掘行业突出问题、研究防范应对措施。中心现已组织案件复盘30余次，先后向20家被侵权企业通报了相关情况，帮助权利人企业有效提升预防预警能力。\n无锡市公安局在全市支柱产业、领军行业、龙头企业创新设立“知识产权保护服务前哨”，并纳入《全市公安机关服务经济护航发展十六项举措》强力推进，实行实体化运作、嵌入式办公、问诊式服务。市县两级公安机关每周安排民警现场办公，直接受理案件、登记举报线索、提供法律服务，建立快速受案、协作共建、宣传引导等工作机制，第一时间帮助企业解决“急难愁盼”问题，将服务前哨打造成公安机关知识产权保护领域的第一服务“窗口”、敏锐情报“探针”和护航发展“引擎”，同时，组建公安、检察、法院、市场监管、工商联“五位一体”知识产权“维权联盟”，最大限度发挥协同保护作用，切实维护企业合法权益，服务保障产业行业高质量发展。2022年5月，全省首个“知识产权保护服务前哨”在无锡电动车产业园挂牌运行，并将逐步拓展到全市支柱产业、领军行业、龙头企业，建设服务前哨集群体系，努力打造成护航经济社会高质量发展的“金哨”。公安机关已通过服务前哨获取线索破获侵犯知识产权犯罪案件10余起，抓获犯罪嫌疑人20余名，挽回经济损失数百万元，企业守法经营意识和风险防范能力不断增强。\n四川省成都市公安局高新分局设立“知识产权云警务室”微信小程序，围绕“商标、著作权、专利、商业秘密”四个板块定制开通知识产权报案材料网上预审通道，提高对接企业和审查工作效率。建立固化知识产权警情“双报制”，即向公安机关报案的同时将案件信息报送同级人民检察院，便于公安检察机关联合研判指导企业依法高效维权。“云警务室”系统集成了知识产权法律法规、司法解释查询库、典型案例库、教程视频、PPT课件库，邀请检法机关、市场监管、网络理政等部门和专家学者融入，形成知识产权保护“专家智囊团”，为企业提供线上法律咨询、研讨会商服务，建立起了“事前防范、事中取证、事后联打”的一体化全链条打防警务机制。小程序试运行以来，已有785家辖区内科技型企业注册登录使用，通过法律宣传、风险提示、报案引导、专题讲座及定制培训等系列线上数字化服务，共帮助76家企业消除风险管控盲区56处，开展企业风险评估126次，完善知识产权保护措施25条，通过该程序接收线索受理立案侦办侵犯知识产权案件8起，获得辖区企业广泛好评。\n浙江省杭州市公安机关聚焦打击犯罪主责主业，突出大案侦办，连续3年开展打击制售假冒“西湖龙井茶”专项行动，推动整治行业乱象，助力特色产业高质量发展，取得了突出成效。近年来，针对冒充“西湖龙井”对外销售等侵权假冒犯罪突出问题，杭州市公安机关聚焦茶企行业“潜规则”，紧盯清明节前后茶叶采摘上市关键节点，主动研判，周密部署线上线下同步打击，严厉整肃贩假“反面典型”，破获一批重大典型案件，抓获一批职业制假售假犯罪分子，有效发挥刑事打击的震慑作用。工作中，公安机关会同农业农村部门成立工作专班，通过案前互通互联基础信息、案中强势推进联动执法、案后复盘商议监管对策等措施，打击震慑一批、移送处罚一批、发现问题一批，不断推动优化改进西湖龙井茶种植、交易流通、品牌保护工作方法，切实提升西湖龙井茶数字化管理打假工作效能。同时，坚持以打促治，积极推动出台了《杭州市西湖龙井茶保护管理条例》，探索了一条全方位、立体化、全要素的地理标志产品刑事保护新路径，有效促进特色产业高质量发展。\n', 'http://cyberpolice.mps.gov.cn/wfjb/html/bgl/20230420/4739.shtml', NULL, 0);
INSERT INTO `information` VALUES (99, '全国公安机关打击整治民族资产解冻类诈骗犯罪取得显著成效2022年共破获案件330余起打掉犯罪团伙170余个', '2023-04-13', '公安部官网', '2022年，全国公安机关深入贯彻落实党中央决策部署，强力推进打击整治民族资产解冻类诈骗犯罪，共破获案件330余起，打掉犯罪团伙170余个，涉案金额26.7亿元，取得明显成效。\n据了解，民族资产解冻类诈骗犯罪往往打着“党中央”“国务院”或国家部委的旗号，通过伪造国家机关公文、证件、印章，编造国家相关政策等手段，以设立“民族资产解冻”、“政府养老扶贫”、“慈善募捐活动”为诱饵，诱骗受害人缴纳项目启动资金、会员报名费购买指定商品或投资入股，谎称在民族资产解冻项目完成后或到指定地点参加“资产解冻大会”即可给予投资人巨额回报，以此骗取钱财。此类犯罪严重侵害人民群众财产安全，损害政府公信力，扰乱社会经济秩序，危害社会治安稳定。公安部对此高度重视，部署全国公安机关以打开路、多措并举，迅速掀起打击整治高潮，成功破获了“养老育小”“天心玺”等一批重大民族资产解冻类诈骗案件。同时，部署广西公安机关开展为期三个月的源头整治行动，对诈骗犯罪团伙幕后组织者和伪造公文、私刻印章、转账套现等环节进行全链条打击，共破获案件100余起，打掉团伙60余个，彻底摧毁百色、河池两地窝点和相关黑灰产业链。\n公安部有关负责人表示，公安机关将始终保持对民族资产解冻类诈骗犯罪的严打高压态势，快破现案、攻坚积案、追捕在逃犯罪嫌疑人，坚决维护人民群众财产安全和社会治安大局稳定。公安机关提醒广大人民群众，我国没有任何民族资产解冻类项目和组织，要增强识骗防骗意识，不要上当受骗。按照相关法律规定，凡是转发、鼓动、宣传民族资产解冻类相关信息，或者招募会员、组织人员非法聚集的，均涉嫌违法犯罪，公安机关将依法严厉查处。如发现类似违法犯罪线索，请立即向公安机关举报。\n公安部公布\n2022年10月，广西百色公安机关成功打掉一个从事民族资产解冻类诈骗的犯罪团伙，抓获犯罪嫌疑人13名，涉案金额118万元。经查，犯罪嫌疑人林某贤等人虚构民族资产解冻类诈骗项目，使用境外手机号码联系一级代理人黄某萍，通过变声软件冒充老人，谎称自己是民族资产海外守库老人“李烈钧”，即将回国组织召开民族资产解冻大会，以高额回报为由，承诺有功人员只要着统一服装参加大会，就能领取30万元现金福利。随后林某贤指使黄某萍组织参与人员在淘宝特定网店下单订购印有“天心玺”标志的文化衫，赚取差价非法获利。截至案发，共有2.1万名群众参与该项目投资。目前，该案检察机关已依法提起公诉。\n2022年11月，广西百色公安机关成功打掉郁某富诈骗团伙，抓获犯罪嫌疑人60名，破获刑事案件20余起，涉案金额7000万元。经查，郁某富等人成立网络科技集团有限公司，招募多名曾经参与过民族资产解冻类诈骗的人员，谎称海外民族资产即将解冻，只要在其指定渠道办理移动、联通、电信手机卡即可获得30万至60万元不等的“海外解冻款”，到指定的拼多多网店、微信小程序网店购买茶叶、保温杯、床上用品等商品可获得20万至168万元不等的现金福利，办理其指定的保险可获得30万至200万元不等的民族资产解冻资金，诱骗参与人员购买，从中非法牟利，参与人员涉及全国20个省份的12万人。目前，该案已移送检察机关审查起诉。\n2022年11月，广西河池公安机关成功侦破一个冒充中央领导同志的诈骗案件，抓获犯罪嫌疑人3名，涉案金额60余万元。经查，犯罪嫌疑人黄某飞利用一级代理人张某坚等人对所谓“民族资产解冻项目”深信不疑的特点，多次冒充中央领导同志，使用北京电话号码与其联系，谎称能解冻张某坚等人曾参与过诈骗案件的涉案冻结资金，但需要缴纳60万元的“办案经费”。张某坚因此号召其团队成员筹集资金60万元，并将钱款转入黄某飞提供的银行账号内，参与人员近万名，造成恶劣影响。目前，该案检察机关已依法提起公诉。\n2022年4月，河南驻马店公安机关成功打掉一个民族资产解冻类诈骗犯罪团伙，抓获犯罪嫌疑人232名，冻结涉案资金2000余万元。经查，该团伙虚构“中安高新公司”项目，利用微信群、QQ群大肆宣传，谎称“中安高新公司”是由国家支持的高科技项目，面向全国招募合伙人，并称终身投资1680元即可享受合伙人待遇，获得公司股权，每月领取工资福利。待公司上市，股权可直接兑换上万元现金福利，并宣扬发展会员越多奖励越高，诱骗参与人员购买该公司股权实施诈骗，参与人员2万余名。目前，该案已经法院判决，幕后组织者郭某民、臧某开分别被判处有期徒刑五年十一个月、五年三个月。\n2022年4月，湖南常德公安机关成功打掉一个民族资产解冻类诈骗犯罪团伙，抓获犯罪嫌疑人2名，涉案金额40万元，扣押一大批用于作案的资料、文件、印章等物品。经查，犯罪嫌疑人徐某某冒充国民党高官后代，谎称国民党撤离大陆时遗留有大额财产需进行资产解冻，许诺资产解冻后能获取高额回报，以缴纳保证金、跑关系需要花钱为由，诱骗参与人员缴纳会员费。为骗取受害人信任，徐某某等人常随身携带一只黑色皮箱，内装行骗需要的道具：印章、假钞、玉佩及伪造的手写委托书和文件，通过视频方式与受害人通联实施诈骗，已查证受骗群众1万余人。目前，该案检察机关已依法提起公诉。\n', 'http://cyberpolice.mps.gov.cn/wfjb/html/bgl/20230413/4739.shtml', NULL, 0);
INSERT INTO `information` VALUES (101, '公安部公布7起打击制售假劣农资犯罪典型案例', '2023-03-27', '公安部官网', '种子、农药、化肥等农资质量关系国家粮食安全和乡村振兴。全国公安机关认真学习贯彻党的二十大精神，深入开展“昆仑”专项行动，依法严厉打击制售假劣农资犯罪，集中侦破一批大要案件。公安部今日公布7起农资打假典型案例。\n2023年1月，根据工作中发现的线索，哈尔滨市公安局侦破一起制售假水稻种子案，抓获犯罪嫌疑人3名。经查，2022年以来，犯罪嫌疑人李某依托其父亲控制经营的粮米专业合作社等公司，大量收购其他品种繁育出来的水稻种子以及普通稻米，未经筛选去劣等制种必要工序，直接套用尚属于试产阶段、未经审定的水稻种子品种，通过发展经销商、设立直营店、直播带货等方式对外销售，案值1100余万元。\n该案是公安机关严厉打击制售假劣种子违法犯罪的典型案例。种子是农业的“芯片”，种子质量对保障农业生产尤为重要。该案中，犯罪嫌疑人以非种子冒充种子、以其他品种种子冒充优质品种种子，相关涉案种子被行政主管部门认定为假种子。犯罪嫌疑人作为种业从业人员，知法犯法，不仅将未经筛选加工的“毛粮”作为种子销售，甚至将普通稻米冒充种子对外销售，种子质量根本无法得到保障，严重扰乱了稻种市场经营秩序，而且造成水稻减产的现实风险。犯罪嫌疑人除通过发展下线经销商，设立直营店等方式外，还直接通过直播平台对外销售假种子，影响十分恶劣。公安机关已及时将情况通报行政主管部门依法采取控制措施，防止假种子继续流散，并推动强化实体经营门店监管，重点加大电商网络销售种子监管力度，全力维护种业市场良性发展。\n2022年11月，根据行政主管部门通报线索，聊城市公安局侦破一起制售伪劣小麦种子案，抓获犯罪嫌疑人20名，查扣假冒某品牌小麦种子20余万斤、包装袋10万余条、筛种机及封装机等灌装设备。经查，2021年6月以来，犯罪嫌疑人张某某联合某种业公司法人陈某某等人，购买某品牌小麦种子生产经营权作掩护，定制种子包装袋，使用普通小麦或劣质麦种灌装后冒充该品牌种子对外销售，案值900余万元。\n该案是公安机关与行政主管部门通力协作，依法惩治种子套牌侵权违法犯罪的典型案例。套牌侵权是种业领域最典型的犯罪手法，不法分子通过收购私自繁育的种子套牌畅销种子对外销售牟利，此类种子不仅质量没有保证，更严重扰乱种业市场秩序、侵犯权利人企业合法权益、阻碍民族种业良性发展。2022年，农业农村部、公安部等七部门联合印发《关于保护种业知识产权打击假冒伪劣套牌侵权营造种业振兴良好环境的指导意见》，指导各地强化打击假冒伪劣、套牌侵权等违法犯罪行为。本案中，嫌疑人作案手段隐蔽，通过开设种业公司、购买品牌种子经营权作掩护，使用劣质小麦种子甚至是普通小麦灌装包装，套用优质种子品牌对外销售，严重侵害权利人企业和消费者合法权益。公安机关加强同行政主管部门的协作配合，一举打掉以张某某为首的套牌侵权犯罪团伙，及时阻止了一大批伪劣麦种播种流入耕种环节，有力维护了广大农民群众和品牌种子企业合法权益。\n2022年4月，根据举报线索，合肥市公安局侦破一起侵犯种业商业秘密案，抓获犯罪嫌疑人5名，查获侵权稻种1.2万斤。经查，安徽某种业公司历经8年研发出某品种杂交稻种，获得国家植物新品种权，并通过农业农村部门审定，获得上市销售许可。该稻种培育技术属公司核心商业秘密。2019年，作为制种合作方的某种业公司负责人邓某某等人违反保密合同，在种植该品种稻种过程中，私自截留稻种亲本，利用从权利人公司获取的有关育种技术，非法组织大量种植，将产出的该品种稻种交给另外一家公司套用其公司自有品牌包装后对外销售，共计销售套牌侵权稻种13.68万斤，非法获利460余万元。\n该案是公安机关加强种业知识产权刑事保护的典型案例。案件线索系公安机关在开展“惠民利企”大调研大走访活动期间获取，因涉及植物新品种保护，政策性、法律性较强，受到业内广泛关注。公安机关高度重视，迅速成立专案组，多次走访权利人企业，了解涉案品种稻种研发上市流程、核心商业秘密内容及载体、制种方式及保密措施，组织开展稻种培育技术信息相关鉴定，扎实做好调查取证各项工作。在此基础上，专案组开展集中收网行动，一举侦破该案，为全国侦办此类案件提供了有益借鉴。\n2022年6月，根据工作中发现线索，南阳市公安局侦破一起制售伪劣化肥案，抓获犯罪嫌疑人10名，现场查获伪劣复合肥40余吨。经查，2021年12月以来，犯罪嫌疑人段某某等人伙同5家化肥生产企业，使用其他原料替代钾，生产、销售成分严重不符合国家标准的伪劣复合肥1万余吨，案值2800余万元。\n该案是公安机关严厉打击制售伪劣化肥犯罪的典型案件。去年以来，钾肥原料及成品价格普遍上涨，制售假劣化肥案件多发，甚至出现个别具备生产资质的正规厂家参与犯罪，以降低氮磷钾等有效成分含量方式制售伪劣化肥，严重坑农害农。公安机关针对性加强了此类犯罪线索研判和案件侦办。本案中，主要犯罪嫌疑人段某某、王某某先后担任某公司法人代表，长期负责公司氮磷钾复合肥的生产经营，为了减少成本、牟取更大利润，与多个化肥生产厂家负责人及业务员相互勾结，使用其他原料代替钾，大肆生产不符合国家标准的复合肥对外销售，严重扰乱化肥市场经营秩序，严重侵害农户合法权益。对此类犯罪，公安机关将始终坚持“零容忍”，不断加大打击力度。\n2022年9月，根据群众举报线索，宜昌枝江市公安局侦破一起制售伪劣肥料案，抓获犯罪嫌疑人9名，现场查获伪劣肥料53吨。经查，2022年6月，某磷化公司法人代表朱某某购买有机肥原料、定制包装袋，组织在其工厂生产有机肥料，在产品未经过质量检验检测、未取得合格证明的情况下销售给犯罪嫌疑人徐某某。徐某某组建销售团队，安排专人在农村及偏远地区宣传，采用包接包送包餐的方式，诱导有购买肥料需求的农民群体参加其举办的种植技术培训和新产品推广会，安排专人冒充资深农业专家，骗取群众信任，虚构、夸大产品功效，忽悠群众以高价购买廉价劣质肥料，给农户造成重大损失。\n该案是公安机关严厉打击“忽悠团”销售伪劣化肥的典型案例。流窜作案、忽悠行骗是此类案件突出特点，犯罪目标一般为大龄农户，犯罪团伙将伪劣化肥或价格便宜的磷肥、有机肥包装成复合肥，通过免费接送、专家洗脑、管吃管喝、买赠促销等方式，诱导农户购买，严重坑农害农。本案中，涉案肥料经检测均为不合格产品，徐某某购买价格仅为600元/吨，经“忽悠”宣传后，销售价格高达3000元/吨。在打击此类农资犯罪过程中，公安机关坚持把追赃挽损作为检验案件效果的重要标准，贯穿侦查办案全过程，全力挽回被骗农户经济损失。该案件侦破后，当地公安机关及时组织召开追缴赃款返还大会，现场退还了部分受害农民货款，有力保障了受害农民的合法权益。\n2022年9月，根据工作中发现的线索，大理州公安局侦破一起网络销售伪劣化肥案，抓获犯罪嫌疑人4名，现场查获伪劣化肥产品及原料300余吨。经查，2020年5月以来，犯罪嫌疑人周某某等组织工人将购进的硫酸镁通过“翻包”替换成多个畅销品牌钾肥，或用硫酸镁掺杂、掺假后假冒品牌钾肥等方式，在其电商平台注册的多个网店进行销售，案值2100余万元。经检测，涉案化肥为不合格产品。\n该案是公安机关严厉打击网络销售假劣农资的典型案例。近年来，网络销售假劣农资违法犯罪呈明显上升趋势，不法分子违规开设网店，通过网络社交平台公开虚假宣传、销售伪劣农资产品，给消费者带来巨大损失。本案中，嫌疑人在多个电商平台注册网店，大肆销售有效成分仅为标识成分含量1/20的劣质化肥，危害严重。公安机关将继续加强网上巡查，对网络制售假劣农资犯罪下重手、出重拳，同时积极配合行政主管部门加强线上销售农资管理，压实电商平台和商户的主体责任，严厉查处网络销售假劣农资违法犯罪行为，有力维护线上农资市场秩序。\n2022年8月，根据农业农村部门通报线索，武清公安分局侦破一起制售伪劣农药案，抓获犯罪嫌疑人5名，现场查获伪劣农药4吨、百草枯原液44公斤。经查，2022年以来，犯罪嫌疑人孙某伙同他人购买百草枯原液、工业盐等原料，非法生产含有百草枯成分的无标桶装除草剂农药，同时购买无标桶装除草剂农药，一并贴牌封装后，通过其开设的网店对外销售，案值2000余万元。\n该案是公安机关严厉打击非法添加隐性成分制售伪劣农药的典型案例。不法分子为追求药效、降低成本，在生产加工农药过程中，非法添加未在标识中明示的其他成分，包括禁限用的剧毒、高毒农药，不仅破坏土壤结构和生态环境，而且危害农产品质量安全和人体健康。本案中，犯罪分子生产的除草剂均未达到国家标准并检测出百草枯成分，属伪劣农药，存在严重安全隐患。公安机关将在保持打击力度基础上，积极配合行政主管部门加大伪劣农药犯罪源头治理、长效治理，切实保障粮食生产安全和人民群众健康安全。\n公安机关提醒广大农民朋友，要切实提高防范意识，在当地有关部门、技术专家指导下，通过正规渠道购买农资产品并保留票据，严防被不法分子“忽悠”欺骗；如发现犯罪线索，请及时向有关部门或公安机关举报。\n', 'http://cyberpolice.mps.gov.cn/wfjb/html/bgl/20230327/4739.shtml', NULL, 0);
INSERT INTO `information` VALUES (102, '公安机关依法严厉打击侵犯公民个人信息犯罪公安部公布8起典型案例', '2023-03-16', '公安部官网', '按照公安部统一部署，全国公安机关网安部门聚焦人民群众反映强烈的各类侵犯公民个人信息违法犯罪活动，依托“净网2022”专项行动，坚持“追源头、打内鬼、端平台”，持续开展严厉打击侵犯公民个人信息犯罪工作，破获一批重大案件，抓获一批犯罪嫌疑人，取得明显成效，有力维护了网络空间安全和社会公共安全。公安部今日公布打击侵犯公民个人信息犯罪8起典型案例。\n四川公安网安部门侦查查明，犯罪嫌疑人王某等人为牟取非法利益，成立3家助贷催收公司，组建技术团伙利用技术手段非法获取公民个人信息，并以此开展助贷业务，非法获利1000余万元。四川公安机关先后抓获犯罪嫌疑人189名，查获各类非法获取公民个人信息软件工具104款，查获公民个人信息数据一批。\n江苏公安网安部门侦查查明，犯罪嫌疑人黄某等人，勾结快递公司内部员工，通过在公司内部电脑安装木马程序等方式，窃取物流寄递信息，并向境外诈骗分子出售，非法获利2500余万元。江苏公安机关先后抓获犯罪嫌疑人60名，查获快递面单信息数据一批。\n山东公安网安部门侦查查明，犯罪嫌疑人石某等人成立找车公司，利用技术手段入侵部分停车场收费平台系统，非法获取车辆位置信息并出售，非法获利7000余万元。山东公安机关先后抓获犯罪嫌疑人64名，查获车辆位置信息数据一批。\n辽宁公安网安部门侦查查明，犯罪嫌疑人黄某成立公司，勾结他人利用技术手段非法获取中老年人信息，组建电话推销团队，通过夸大疗效等话术推销假冒伪劣保健品实施诈骗32万余人次，非法获利350余万元。辽宁公安机关先后抓获犯罪嫌疑人19名，收缴假冒伪劣保健品10余吨，查获相关老年人个人信息一批。\n内蒙古公安网安部门侦查查明，犯罪嫌疑人周某等人勾结境外诈骗团伙，非法获取公民人脸信息，为境外诈骗团伙提供账号解封服务，非法获利10余万元。内蒙古公安机关先后抓获犯罪嫌疑人3名。\n浙江公安网安部门侦查查明，犯罪嫌疑人邱某利用职务之便，使用技术手段非法获取某支付软件用户信息，并伙同他人在境外网上出售，非法获利20余万元。浙江公安机关先后抓获犯罪嫌疑人2名，查获公民个人信息一批。\n河北公安网安部门侦查查明，犯罪嫌疑人刘某作为某金融公司负责人，为开展贷款业务，非法向物业公司、银行、保险公司、电信运营商等行业内部人员购买大量有贷款需求人员个人信息，组织员工假冒银行工作人员推销贷款服务，并将公民个人信息转卖，非法获利630余万元。河北公安机关先后抓获犯罪嫌疑人63名，查获公民个人信息一批。\n江苏网安部门侦查查明，犯罪嫌疑人石某等人勾结某电力企业外包服务公司工作人员孙某等人，窃取用电居民房产信息，并出售给房屋中介、装修公司人员，非法获利30余万元。江苏公安机关先后抓获犯罪嫌疑人220余名，查获公民个人信息一批。\n全国公安机关网安部门将全面贯彻落实党的二十大精神，严格依照《刑法》《个人信息保护法》《数据安全法》等法律法规相关规定要求，持续严厉打击侵犯公民个人信息违法犯罪，积极会同有关部门进一步完善打击危害公民个人信息和数据安全违法犯罪长效机制，加强有关行业信息系统安全防护和内部人员管理，提高公民个人信息安全保护意识，全力守护网络数据安全，切实维护人民群众合法权益。\n', 'http://cyberpolice.mps.gov.cn/wfjb/html/bgl/20230316/4739.shtml', NULL, 0);
INSERT INTO `information` VALUES (103, '公安部公布打击惩治涉网黑恶犯罪专项行动5起典型案例', '2023-02-27', '公安部官网', '2022年5月，安徽阜阳公安机关成功打掉一个长期盘踞境外从事跨境裸聊敲诈勒索的有组织犯罪组织，抓获犯罪嫌疑人60余名，破获刑事案件310余起。经查，犯罪嫌疑人赖某华等人在缅北地区设立窝点，以高薪工作为由，引诱数十名境内公民偷渡前往，随后通过殴打、拘禁等暴力手段进行非法控制，有组织地针对境内公民实施裸聊敲诈等违法犯罪活动。该组织与境内“引流”团队合作，在各类交友软件上以“招嫖”“网恋”“裸聊”等信息引诱受害人添加犯罪嫌疑人QQ好友，诱骗受害人通过链接或二维码下载安装带有木马病毒的APP软件，窃取受害人手机通讯录等信息，并通过QQ视频通话截取、录制受害人不雅视频，以向通讯录亲友发送不雅视频为由进行威胁、恐吓，反复索要“视频删除费”“保密费”，逼迫部分受害人向亲友、小额贷款公司借贷，甚至裹挟受害人共同实施敲诈勒索犯罪活动。该团伙在网络空间和现实社会造成恶劣影响，严重侵害人民群众人身财产安全。目前，该案检察机关已依法提起公诉，正在进一步审理中。\n2022年7月，湖南岳阳公安机关成功打掉一个主要从事跨境裸聊敲诈勒索的有组织犯罪组织，同步捣毁境内“跑分”洗钱团队4个，抓获嫌疑人80余人，破获刑事案件300余起。经查，犯罪嫌疑人周某等人在缅北设立窝点，以高薪工作为由，引诱数十名境内公民偷渡前往，在各类交友软件上以“招嫖”“网恋”“裸聊”等信息引诱受害人添加QQ好友，有组织地实施裸聊敲诈勒索等违法犯罪活动。该犯罪组织内部控制手段粗暴残忍，利用毒品逼迫成员继续参与实施违法犯罪。该犯罪组织甚至直接对内部人员进行敲诈勒索，“吃干榨净”后再要求其家属支付高额赎金，将不服其“管教”、无钱可榨的人员高价转卖至其他犯罪窝点。该组织在网络空间和现实社会造成恶劣影响，严重侵害人民群众人身财产安全。目前，该案检察机关已依法提起公诉，正在进一步审理中。\n2021年7月，福建宁德公安机关成功打掉一个主要从事网络套路贷的有组织犯罪组织，抓获犯罪嫌疑人20余人，破获刑事案件20余起，查扣涉案财产2亿元。经查，犯罪嫌疑人柯某锋等人在福州市成立无网络贷款资质的“佰仟借条”公司，利用“借贷宝”平台，通过制造虚假流水、恶意垒高债务、软暴力催收等手段，长期有组织地实施网络套路贷违法犯罪活动。该组织利用非法获取的公民个人信息，通过“免抵押”“快放款”“低利息”等广告吸引被害人与其联系，在审核资质时获取借款人身份资料、照片、手机通讯录等信息，约定收取放贷金额30%左右的“砍头息”，利用“借贷宝”平台注册的放贷账户与被害人签订借贷合同，虚增与“砍头息”金额一致的“保证金”，制造出与合同金额一致的虚假流水，再用支付宝账户回收“砍头息”“保证金”“展期费”“逾期费”等费用，形成远超实际借贷金额的债务关系。为催收非法债务，组织催收人员持续通过软暴力方式逼迫受害人给付财物，大量被害人陷入债务深渊，有的甚至绝望轻生。目前，审判机关已对该案依法作出一审判决，柯某锋等人犯组织、领导黑社会性质组织罪、敲诈勒索罪、洗钱罪等罪名，数罪并罚分别被判处有期徒刑十八年至五年不等有期徒刑和相应的财产刑。\n2022年3月，河南周口公安机关成功打掉一个主要从事软暴力催收的有组织犯罪组织，先后抓获犯罪嫌疑人80余人，破案130起，查扣资产2000余万元。经查，犯罪嫌疑人杨某翔伙同郑某领等人在福建福州、厦门等地成立无网络贷款资质的网络放贷公司，以“低利息、无抵押、放款快”等广告吸引受害人借贷，有组织地实施网络套路贷违法犯罪活动，并组织人员使用软暴力手段催收非法债务。该组织利用已获取的受害人身份资料、手机通信录等信息，通过电话、短信等方式对受害人进行辱骂、威胁，向受害人通讯录亲友大量群发欠钱信息、侮辱信息、PS灵堂照片等，甚至使用不间断“轰炸”电话、信息进行骚扰。大量受害人产生恐惧心理，被迫支付不合理高额本息，并因巨额债务引发工作、婚恋、家庭等重大变故，有的甚至绝望轻生。该组织在网络空间和现实社会造成恶劣影响，严重侵害人民群众人身财产安全。目前，该案检察机关已依法提起公诉，正在进一步审理中。\n2021年12月，山东滨州公安机关成功打掉一个通过网络媒体实施负面舆情敲诈勒索的有组织犯罪组织，抓获犯罪嫌疑人10余名，破获各类案件90余起，查扣涉案财产300余万元。经查，2015年9月起，犯罪嫌疑人梁某海为谋取私利，先后在一些新闻网站注册民生供稿平台、视觉天下等自媒体账号，并陆续招募人员有组织地以曝光单位、个人负面信息相威胁，通过索要“宣传费”“合作费”“删帖费”、强迫购买高价白酒等手段非法敛财。此外，梁某海等人还通过“线下举牌、线上炒作”手段插手民间纠纷，多次组织策划围堵闹事行为，录制视频虚构舆论热点，滋扰恐吓、打击报复他人。该团伙在网络空间和现实社会造成恶劣影响，严重侵害人民群众人身财产安全。目前，该案检察机关已依法提起公诉，正在进一步审理中。\n', 'http://cyberpolice.mps.gov.cn/wfjb/html/bgl/20230227/4739.shtml', NULL, 0);
INSERT INTO `information` VALUES (104, '公安机关依法严厉打击网络账号黑色产业链公安部公布“断号”行动十大典型案例', '2023-02-16', '公安部官网', '近年来，电信网络诈骗、跨境网络赌博、网络水军等突出网络违法犯罪高发，滋生出由卡商、号商、“猫池”窝点、接码平台、养号平台等构成的网络账号黑色产业链，严重危害互联网管理秩序，损害人民群众合法权益。公安机关充分发挥职能作用，强化案件侦办，依法严厉打击网络账号黑色产业链。去年以来，公安部部署全国公安机关深入推进“断号”行动，取得显著成效，共侦办案件1.1万余起，关停接码平台130余个，捣毁“猫池”窝点800余个，缴获“猫池”、GOIP等黑产设备1万余台，查扣手机黑卡240余万张，查获网络黑账号4200余万个。公安部今日公布2022年“断号”行动十大典型案例。\n江苏公安网安部门侦查查明，张某等人搭建“猴发卡”网络交易平台，为社交类网络黑账号及黑产软件交易提供非法中介服务，招揽号商等1.4万余家商户入驻，日均活跃商户400余家，并按交易额的一定比例向商户收取所谓“管理费”。江苏公安机关抓获平台运营者张某等犯罪嫌疑人62名，涉案金额7500余万元。\n天津公安网安部门侦查查明，韩某某在网上购买微博账号和手机号码，贩卖给境外诈骗团伙牟利。天津公安机关顺线打掉1个网络黑账号交易平台和2个号商团伙，抓获犯罪嫌疑人13名，查扣涉案手机120余部，查获网络黑账号20万余个、手机黑号5万余个，涉案金额1000余万元。\n浙江公安网安部门侦查查明，某公司为完成市场客房价格信息采集项目，非法从马某某团伙手中购买大量虚假实名手机号和某旅行住宿平台网络账号，并利用上述账号登录相关平台采集客房价格信息。浙江公安机关顺线抓获犯罪嫌疑人19名，打掉接码平台1个，查扣涉案手机和电脑30余部，查获手机黑号100余万个，涉案金额3000余万元。\n江苏公安网安部门侦查查明，邹某某伙同他人搭建非法网络平台，为买卖租赁网络黑账号等黑产活动提供中介、担保服务。江苏公安机关顺线抓获犯罪嫌疑人7名，查获非法交易活动近20万件，涉案金额1600余万元。\n四川公安网安部门侦查查明，许某某、鳌某某等人组建“村推”团伙，打着帮助农村老年人激活医用电子凭证的幌子，骗取老年人手机恶意注册网络账号。四川公安机关顺线打掉“村推”团伙4个、网络黑产工作室1个，抓获犯罪嫌疑人65名，查获涉案网络黑账号5万余个，涉案金额200余万元。\n江苏公安网安部门侦查查明，薛某等人搭建黑产工作室，通过网络大量购买微博账号，利用群控软件“养号”，并按照买家的要求，对微博账号进行实名验证、换绑，严重侵犯公民个人信息，危害互联网管理秩序。江苏公安机关顺线抓获犯罪嫌疑人25名，查获微博“黄V”等级黑账号1万余个、其他网络账号400余万个、养号等黑产软件4个。\n陕西公安网安部门侦查查明，王某某为牟取不法利益，收购二手手机并将其改装为具有嗅探功能的黑设备，贩卖给从事注册网络黑账号活动的不法人员；何某某等人从王某某手中购买上述黑设备，利用非法采集到的手机号码和短信验证码大量注册网络黑账号，贩卖给境外诈骗团伙牟利。陕西公安机关顺线抓获犯罪嫌疑人17名，查扣手机1100余部、网络黑账号60余万个，涉案金额300余万元。\n河南公安网安部门侦查查明，2019年以来，张某某等人搭建“猫池”窝点15个，从事注册、贩卖网络黑账号等黑产活动。河南公安机关顺线抓获犯罪嫌疑人28名，查获手机黑卡4.2万余张、网络黑账号210余万个、“猫池”设备1136台、电脑137台、手机63部，涉案金额480余万元。\n安徽公安网安部门侦查查明，岳某某等人利用网络黑产软件批量注册网络黑账号，贩卖牟利。安徽公安机关顺线抓获犯罪嫌疑人8名，打掉1个制作黑产软件的犯罪窝点，查获手机黑号200余万个、网络黑账号500余万个、公民个人信息2000余万条、黑产软件50余个、源代码12套。\n重庆公安网安部门侦查查明，朱某等人大量购买学生及留守老人的身份证号、手机号等公民个人信息，批量注册支付宝、淘宝商铺等网络黑账号，贩卖牟利。重庆公安机关顺线打掉6个犯罪窝点，抓获犯罪嫌疑人57名，查获公民个人信息2.1万余条、网络黑账号4万余个，涉案资金183万余元。\n全国公安机关将全面贯彻落实党的二十大精神，始终保持对网络黑产违法犯罪活动的高压严打态势，进一步加大“断号”行动工作力度，紧盯关键环节，采取有力举措，会同有关部门不断强化行业整治和源头治理，切实维护网络秩序和群众合法权益，全力营造安全、清朗、有序网络空间。\n', 'http://cyberpolice.mps.gov.cn/wfjb/html/bgl/20230216/4739.shtml', NULL, 0);
INSERT INTO `information` VALUES (105, '公安部公布打击食品安全犯罪8起典型案例', '2023-02-16', '公安部官网', '春节期间，按照公安部统一部署要求，各地公安机关准确把握岁末年初食品安全犯罪形势，扎实采取针对性措施，紧盯肉制品、米面油、调味品、糖果茶、烟酒饮料、保健食品等节日市场热销食品，全面摸排搜集违法犯罪线索，快破大案、多破小案，依法严厉打击食品安全犯罪，有力净化了食品市场秩序，切实保障了广大人民群众节日期间餐桌安全。公安部今日公布春节期间打击食品安全犯罪8起典型案例。\n该案抓获犯罪嫌疑人2名，现场查获散装豆油100吨、包材11万套。经查，犯罪嫌疑人赵某某等人大量收购散装豆油，购买品牌豆油商标、外包装箱等包材，灌装生产假冒品牌豆油对外销售，案值1300余万元。\n该案共抓获犯罪嫌疑人120余名，现场查获减肥胶囊3000余万粒及大量原辅料。经查，犯罪嫌疑人肖某某、陈某某等注册成立公司，多次购买化学原料，并通过互联网购买荷叶粉、胶囊壳、灌装设备等，大量生产非法添加西药成分的减肥胶囊对外销售，案值1亿余元。\n该案捣毁窝点4处，抓获犯罪嫌疑人13名，现场查获巧克力及生产原料4万余箱、塑料包材卷膜2.7吨。经查，犯罪嫌疑人陈某等在未获得某巧克力品牌商授权的情况下，私自委托印制包材，将大量临期、过期的该品牌巧克力拆分重新包装后进行销售，案值1000余万元。\n该案捣毁犯罪窝点4处，抓获犯罪嫌疑人7人，现场查获假冒品牌调味品2000余包。经查，犯罪嫌疑人孙某某等大量购进假冒品牌调味品，并通过电商平台对外销售，案值130余万元。\n该案捣毁窝点7处，抓获犯罪嫌疑人17名，现场查获假冒注册商标标识3万余件。经查，以路某为首的犯罪团伙低价购进低端白酒，并购买印有某品牌白酒字样的假冒商标标识，雇佣工人在民房内勾兑灌装，假冒某品牌白酒对外销售，案值9000余万元。\n该案捣毁窝点7处，抓获犯罪嫌疑人5名，现场查获假冒品牌白酒1.9万瓶、包材10万套。经查，犯罪嫌疑人赵某某等人购买假冒品牌白酒包材，使用价格低廉白酒灌装生产假冒品牌白酒，发展多名下线对外销售，案值2000余万元。\n该案共抓获犯罪嫌疑人40名，现场查获假冒某品牌口服液25万支、假冒商标标识300余万枚。经查，犯罪嫌疑人郝某某等未经权利人许可，购进普通口服液半成品，委托制作假冒某品牌商标标识及包装盒，进一步灌装、贴标包装成假冒某品牌多肽口服液，通过互联网社交平台层级发展代理，以“会销”方式针对老年群体销售，案值5500余万元。\n该案共抓获犯罪嫌疑人30余名，打掉假烟储存、中转、销售窝点32处，现场查获扣押假冒品牌卷烟1.9万余条、烟丝4.2吨。经查，黄某某犯罪团伙长期组织生产假烟对外销售，案值1.1亿元。其中，何某某团伙自2022年2月以来向黄某某团伙购买假烟2400余件，并通过烟酒铺等渠道对外销售，案值5000余万元。\n全国公安机关食药侦部门将全面贯彻落实党的二十大精神，全力组织开展“昆仑2023”专项行动，持续保持对农兽药残留超标、非法添加、“网红”假劣食品等突出的危害食品安全犯罪活动的严打高压态势，加大打击力度、密切部门协同，强化行刑衔接、推进社会治理，坚决守护人民群众“舌尖上的安全”。\n', 'http://cyberpolice.mps.gov.cn/wfjb/html/bgl/20230216/4740.shtml', NULL, 0);
INSERT INTO `information` VALUES (106, '公安机关依法打击制售假冒伪劣涉疫药品公安部公布5起典型案例', '2023-01-19', '公安部官网', '我国疫情防控进入新阶段以来，全国公安机关食药侦部门按照公安部党委部署要求，紧盯涉疫药品和物资犯罪形势特点，充分发挥职能作用，积极主动作为，集中破案攻坚，与有关行政主管部门密切协作，依法严厉打击制售假冒伪劣涉疫药品和物资违法犯罪活动，切实保障了人民群众生命健康安全，有效服务了疫情防控工作大局。公安部今日公布5起典型案例。\n近日，吉林省公安机关根据工作中发现线索，侦破一起制售“布洛芬”假药案，捣毁生产窝点1处，抓获犯罪嫌疑人1名，现场查获“布洛芬”假药2万余粒。经查，2022年12月中旬，犯罪嫌疑人刘某某通过网络购买布洛芬原料、空胶囊和胶囊灌装器，在其家中私自灌装生产“布洛芬”假药2万余粒，简单分包后打算通过微信朋友圈销售牟利，被公安机关及时查获。截至案发，涉案“布洛芬”假药尚未售出。\n近日，四川省广元市公安机关根据市场监管部门通报线索，侦破一起制售伪劣医用防护服案，查封流水生产线6条，捣毁生产、仓储窝点5处，抓获犯罪嫌疑人18名，现场查获伪劣医用防护服5.8万套、假冒商标标识18万张、各类包材12.8万件，涉案金额2900余万元。经查，犯罪嫌疑人周某某等人设立多处黑窝点，使用假冒包材将“白板”防护服包装成某品牌医用防护服，通过网络和下线经销商对外销售。\n近日，黑龙江省哈尔滨市公安机关根据举报线索，侦破一起制售假冒测温枪案，捣毁制假工厂1个，抓获犯罪嫌疑人3名，现场查获假冒测温枪5000余支、假防伪标识6万余个，涉案金额800余万元。经查，犯罪嫌疑人邓某某趁测温枪短缺之机，为牟取暴利，低价采购电子原件，委托一代工厂组装，贴牌生产假冒某品牌的测温枪，销售给犯罪嫌疑人车某、张某某，随后该2人以低于正品20%的价格对外批发销售。\n近日，安徽省蚌埠市公安机关根据工作中发现线索，侦破一起制售假冒N95口罩案，捣毁涉案窝点8处，抓获犯罪嫌疑人9名，现场查获假冒N95口罩50余万只，假冒商标标识400余万个，涉案金额1000余万元。经查，2022年以来，犯罪嫌疑人熊某某等人大量购买白板N95口罩，租赁厂房设立2处生产窝点，订制假冒包装材料，组织人员非法生产N95口罩并对外销售。\n近日，浙江省杭州市公安机关根据市场监管部门通报线索，侦破一起制售假冒N95口罩案，现场查获假冒口罩7万余只、各类包材10万余件。经查，2022年12月以来，犯罪嫌疑人濮某某通过网络购买白板N95口罩，使用假冒包材非法生产N95口罩，并加价对外销售。\n全国公安食药侦部门将始终坚持以人民为中心，加强部门协作配合，保持对制售假冒伪劣涉疫药品等犯罪的严打高压态势，有力维护人民群众生命健康安全和社会秩序稳定。\n', 'http://cyberpolice.mps.gov.cn/wfjb/html/bgl/20230119/4739.shtml', NULL, 0);
INSERT INTO `information` VALUES (107, '公安机关依法严厉打击整治“网络水军”2022年侦办“网络水军”相关案件550余起，关闭“网络水军”账号530余万个、非法网站530余个', '2023-01-19', '公安部官网', '2022年，全国公安网安部门按照统一部署，紧紧依托“净网2022”专项行动，与有关主管部门密切协作配合，持续依法严厉打击整治“网络水军”违法犯罪活动，共侦办“网络水军”相关案件550余起，关闭“网络水军”账号530余万个，关停“网络水军”非法网站530余个，清理网上违法有害信息56.4万余条，取得明显阶段性成效，有效维护了网络空间秩序和群众合法权益。\n——依法严厉打击“网络水军”造谣引流相关违法犯罪。随着自媒体、短视频和直播平台的快速兴起，一些不法分子运营大量账号故意编造虚假信息“造热点”“蹭热点”，借此吸引眼球、收割流量、牟取利益，严重危害网络生态。公安机关网安部门紧盯大量发布虚假信息的网络账号，深挖彻查幕后制作运营团伙，共侦办“网络水军”造谣引流相关案件110起。\n——依法严厉打击“网络水军”舆情敲诈相关违法犯罪。一些不法分子打着“舆论监督”等旗号开办假冒媒体网站和自媒体账号，恶意炒作各类信息，甚至编造负面文章，以“交钱就删帖”“不交钱就发帖”相要挟，大肆实施敲诈勒索犯罪活动，严重侵害人民群众合法权益。公安机关网安部门深挖各类假冒媒体网站和自媒体账号背后的敲诈勒索犯罪团伙，共侦办“网络水军”舆情敲诈相关案件110余起。\n——依法严厉打击“网络水军”刷量控评相关违法犯罪。网民对特定信息和商品的评论内容及转发、评论、点赞数量，已逐渐成为公众衡量其认可度的重要指标。一些企业和个人为追求流量指标，购买“网络水军”有偿刷量炒作服务，滋生刷量控评乱象。公安机关网安部门紧盯重点行业和平台，共侦办“网络水军”刷量控评相关案件250余起。\n——依法严厉打击“网络水军”有偿删帖相关违法犯罪。近年来，以“口碑营销”“舆情优化”“负面压制”“形象维护”等名义提供有偿删帖服务的“网络水军”大量滋生。不法分子通过批量反复投诉、伙同网站内部工作人员后台操作、反复联系发帖人骚扰利诱、发布正面信息“下沉”“压制”、甚至黑客攻击等多种手法，为各类企业和个人删除网上负面信息，破坏网络生态，严重扰乱市场经济秩序。公安机关网安部门深查长期提供有偿删帖服务的公司和团伙，共侦办“网络水军”有偿删帖相关案件70余起。\n全国公安机关网安部门将全面贯彻落实党的二十大精神，持续保持对“网络水军”违法犯罪严打高压态势，加强与有关主管部门的协作配合，完善工作机制，推动综合整治，坚决维护网络空间秩序和群众合法权益。\n福建公安机关网安部门查明，某文化传播有限公司通过伪造企业印章的方法，以各类虚假公司名义注册开办大量自媒体账号，累计发布“标题党”文章3万余篇，其中“蹭热点”虚假信息500余篇。该公司将网上公开信息重新编辑并添加标题后发布，通过在500余个微信群中推广吸引网民点击，借此赚取网络平台流量提成。目前，属地公安机关已抓获犯罪嫌疑人5名，扣押涉案电子设备70部，封停自媒体账号200余个，查获用于注册自媒体账号的伪造的企业印章200余枚，初步核实该公司非法获利50余万元。\n广西公安机关网安部门查明，刘某某利用配音和剪辑软件对网上公开信息进行篡改，编造热点社会事件虚假信息后在短视频平台发布，以此博人眼球、吸引粉丝，待账号粉丝量达到一定数量后，再以数千元不等的价格进行出售。刘某某通过“造谣引流”先后经营账号30个，恶意编造并发布虚假视频信息79个，累计播放量3153万次、点赞量137万次，吸引粉丝42万名，通过出售账号获利3.8万元。目前，刘某某已被属地公安机关抓获并依法采取刑事强制措施。\n江苏公安机关网安部门查明，某“网络水军”团伙打着“医药观察”“医药联盟”“医药学术”等名义开办多个自媒体账号，杜撰医药企业负面文章并通过其自媒体账号进行炒作，以付费删帖相要挟，对10余个省市30余家医药企业实施敲诈勒索。目前，属地公安机关已将该“网络水军”团伙6名犯罪嫌疑人抓获归案，涉案金额400余万元。\n山东公安机关网安部门查明，娄某串联组织多个“网络大V”在社交网络平台集中发布相关企事业单位负面帖文造势，形成负面话题热搜，使涉事企业迫于舆论压力与该团伙签订所谓“宣传推广合同协议”，借机敲诈勒索。该团伙每起案件敲诈金额在5万至15万元不等，其中娄某作为联系人收取50%的费用，其他“网络大V”和相关人员按账号粉丝数等分成。目前，属地公安机关已抓获该团伙犯罪嫌疑人16名，查获涉案大V账号27个，查实该团伙曾对10余家当地学校、医院、地产公司等企事业单位实施舆情敲诈。\n广东公安机关网安部门查明，某“网络水军”团伙利用黑客工具等操控数万个网络账号，专门为特定网络直播间提供有偿代刷虚假评论、点赞、人气等服务，累计发布各类虚假评论信息8000万条，代刷直播间浏览量1亿余次、点赞量7亿余次。目前，属地公安机关已将该团伙14名犯罪嫌疑人抓获归案，捣毁作案窝点3个，查扣作案手机1200余台，涉案金额2600余万元。\n山东公安机关网安部门查明，某“网络水军”团伙开办专门网站，公开出售有偿代刷虚假点赞量、关注量、浏览量、粉丝量等服务。该团伙雇佣“刷手”并通过非法脚本程序，模拟真实用户进行批量操作，短时间内即可将短视频的“转评赞”数值推至数十万。目前，属地公安机关已摧毁该网站相关的流量造假产业链条，打掉相关“网络水军”团伙25个，捣毁作案窝点32个，查获制造虚假流量的网络平台68个，封停网络账号20余万个，扣押作案手机3000余部，涉案金额2000余万元，初步统计该团伙累计代刷虚假点赞量、关注量、浏览量、粉丝量等数百亿次。\n云南公安机关网安部门查明，某“网络水军”团伙陈某某等人搭建专门“刷单”平台，将20余家分平台售卖给姜某某、韦某某等人，由各分平台负责人组织开展“网络水军”有偿“刷单”活动，由某科技公司负责各分平台维护并从刷量订单量中抽取“维护费”，各地“刷手”通过接单完成“刷单”任务获取酬劳，各分平台从中获取佣金牟利。目前，属地公安机关已打掉该团伙及其上下游作案窝点30个，扣押涉案电子设备300余部，涉案资金流水10亿余元，涉及虚假交易400余万单次、网店2.5万家、兼职“刷手”9万余人。\n湖南公安机关网安部门查明，袁某某等人成立多家网络科技公司，雇佣技术人员开发专门“刷单”平台，以“补单”“兼职”为幌子，招揽组织12万余名“刷手”从事“刷单”业务，向1.7万余家电商网店提供制造虚假交易量等服务，从中抽取佣金获利。目前，属地公安机关已捣毁作案窝点9个，关停专用软件平台3个，扣押涉案电子设备450余部和手机卡500余张，冻结涉案支付账户260余个，涉案金额4.7亿元。\n江苏公安机关网安部门查明，某“网络水军”团伙注册成立所谓“征信和信用管理公司”，采用虚构证明材料、虚假公文印章等方式，向有行政处罚记录企业和失信人员推销有偿删除不良记录服务。目前，属地公安机关查扣作案电子设备110余台和涉案合同60余份，涉案金额500余万元。通过对该案扩线深挖，查明从事此类有偿删除征信记录的“网络水军”团伙14个，相关案件正在进一步侦办中。\n浙江公安机关网安部门查明，杨某某团伙注册成立某文化公司，搭建集“需求、接单、删帖”为一体的有偿删帖专用平台APP，以舆情监测、负面压制为名实施有偿删帖犯罪活动，通过招募雇佣“网络水军”向网站投诉、举报、替换等方式，下沉、删除目标帖文牟取经济利益，共完成删帖业务3.9万余次，总涉案金额800余万元。目前，杨某某等3人已被属地公安机关依法采取刑事强制措施。\n公安机关郑重提醒，“网络水军”活动涉嫌非法经营、寻衅滋事、敲诈勒索、强迫交易、诈骗等犯罪，雇佣、从事、参与“网络水军”违法犯罪活动的相关企业和人员，必将受到法律惩处。互联网平台要切实落实主体责任，电商、自媒体、文娱等领域要加强行业自律，共同抵制“网络水军”活动。受“网络水军”非法侵害的单位和个人要及时报案，公安机关将坚决依法查处。\n', 'http://cyberpolice.mps.gov.cn/wfjb/html/bgl/20230119/4740.shtml', NULL, 0);
INSERT INTO `information` VALUES (108, '公安部深入推进打击电信网络诈骗“拔钉”行动中柬警方通力合作抓获9名诈骗集团幕后组织者', '2023-01-19', '公安部官网', '2022年6月以来，最高法、最高检、公安部等有关部门联合部署开展“拔钉”行动，严厉打击惩处电信网络诈骗集团重大头目和骨干。近日，中国公安机关与柬埔寨警方积极开展警务合作，成功抓获9名电信网络诈骗犯罪集团幕后组织者，查明涉案金额上亿元，“拔钉”行动取得重要成果。\n近年来，电信网络诈骗犯罪多发高发，电信网络诈骗分子在境外搭建窝点，大肆对我国内民众实施诈骗。公安机关侦查发现，多起被骗损失超过千万元案件的诈骗窝点设在柬埔寨，公安部将其幕后组织者列为“拔钉”行动缉捕对象，牵头成立专案组，组织河北、山西、福建、河南、贵州等地公安机关加大侦查力度。在中柬执法合作协调办公室和驻柬使馆警务联络官的指导下，积极发挥国际刑警组织优势作用，我公安机关与柬埔寨警方通力合作，掌握了该诈骗犯罪集团的大量犯罪证据，柬警方先后将9名目标对象成功抓获，并于近日移交我方。另有10余名犯罪嫌疑人主动回国投案自首，目前已成功到案24名犯罪嫌疑人。\n据悉，自“拔钉”行动部署以来，公安部先后将490余名电信网络诈骗集团重大头目和骨干列为“拔钉”缉捕对象。全国公安机关持续强化侦查研判，积极开展国际警务合作，已成功到案240余名缉捕对象，取得显著战果。部分犯罪嫌疑人已被提起公诉，等待他们的将是严厉的法律制裁。\n全国公安机关将深入贯彻《反电信网络诈骗法》，继续严厉打击电信网络诈骗犯罪，深入推进“云剑”“拔钉”“断流”“断卡”等专项行动，依法高效开展国际警务合作，坚决遏制此类犯罪高发态势，切实维护人民群众的财产安全和合法权益。\n', 'http://cyberpolice.mps.gov.cn/wfjb/html/bgl/20230119/4741.shtml', NULL, 0);
INSERT INTO `information` VALUES (109, '公安机关“净网2022”专项行动成效显著侦办相关案件8.3万起，其中侵犯公民个人信息案件1.6万余起、“网络水军”案件550余起', '2023-01-10', '公安部官网', '2022年，全国公安机关网安部门深入推进“净网2022”专项行动，坚持“全链打击、生态治理”，对严重危害网络秩序和群众权益的突出违法犯罪和网络乱象发起凌厉攻势，开展多轮次集群战役，收到显著成效。截至2022年12月底，共侦办案件8.3万起，抓获一大批犯罪嫌疑人，以实际行动维护了网络空间安全和网上良好秩序。\n——积极回应社会关切，针对“网络水军”违法犯罪，深入推进专项会战，组织对造谣引流、舆情敲诈、刷量控评、有偿删帖4类常见“网络水军”违法犯罪发起集群战役，侦破“网络水军”案件550余起，关闭“网络水军”账号537万个，关停“网络水军”非法网站530余个，清理网上违法有害信息56.4万余条，有效净化了网络环境。\n——针对不法分子恶意窃取公民个人信息用于实施犯罪等突出情况，始终保持高压严打态势，聚焦恶意窃取中小学生、老年人等群体个人信息，非法侵入计算机系统获取个人信息，非法窃取快递信息，以及网上非法倒卖公民个人信息等重点方向全力开展侦查攻坚，累计侦办侵犯公民个人信息案件1.6万余起，有力维护了公民个人信息安全。\n——针对智能化、隐蔽式的网络攻击活动，坚持下先手棋、打主动仗，聚焦打击僵尸网络及DDOS攻击、勒索病毒以及针对民生领域的黑客攻击、技术型帮助犯罪活动，集中研判、集群作战，累计侦办案件1300余起，有力维护了网络空间安全。\n——针对不法分子非法生产、销售窃听窃照专用器材，偷拍群众隐私并网上传播售卖等严重侵犯人民群众隐私违法犯罪活动，组织开展严打窃听窃照、偷拍偷窥集群战役，累计侦办案件340余起，打掉非法窃听窃照专用器材生产窝点90余个，缴获窃听窃照专用器材14.1万件，有力打击了此类犯罪活动。\n——针对为电信网络诈骗、网络赌博等犯罪提供非法支付结算、技术支持、推广引流、物料支撑的黑产，持续开展专项打击整治，侦破相关案件3.1万起，打掉各类犯罪团伙8700余个，有效防止了网络黑产犯罪蔓延扩散。\n——针对为各类网络违法犯罪提供关键物料支撑的网络黑号，深入开展“断号”集中打击整治行动，重拳打击恶意注册、贩卖网络黑号的卡商、号商、打码接码平台等犯罪团伙，侦破相关案件1.1万起，捣毁“猫池”窝点800余个，缴获“猫池”、GOIP等黑产设备1.1万台，关停接码平台130余个，查扣手机黑卡240万张，查获网络黑账号4200余万个。\n——针对不法分子利用互联网勾连，相约跨地域实施暴力犯罪，积极构建暴力犯罪预防机制，对跨地域网约犯罪深入开展预警打击，成功阻止雇凶伤害、绑架、抢劫等恶性案事件220余起，有力打击了此类犯罪行为。\n——针对涉青少年相关违法犯罪活动，坚持以“净化网络空间、护卫健康成长”为导向，深入开展青少年保护“护苗”行动，严打涉青少年色情网站，严查制造、传播淫秽色情信息人员，严打利用信息网络组织卖淫犯罪活动，全力守护青少年身心健康。\n——针对网民举报和咨询求助，各级网警巡查账号积极响应受理，累计回应网民咨询求助155万余次，受理并向相关部门转递涉疫困难诉求等突出情况1.7万余条，救助扬言自杀网民240余人。\n全国公安机关网安部门将全面贯彻落实党的二十大精神，坚持以人民为中心，坚持依法管网、依法治网，始终保持对各类网络违法犯罪的高压严打态势，深入整治网络黑灰产和网络乱象，不断净化网络生态，全力营造风清气正的网络环境。\n', 'http://cyberpolice.mps.gov.cn/wfjb/html/bgl/20230110/4739.shtml', NULL, 0);
INSERT INTO `information` VALUES (110, '最高检公安部联合挂牌督办第二批3起特大跨境电信网络诈骗犯罪案件', '2022-12-22', '公安部官网', '为依法严厉打击跨境电信网络诈骗犯罪，全力推进“拔钉”“断流”等专项行动，近日，最高人民检察院、公安部联合挂牌督办第二批3起特大跨境电信网络诈骗犯罪案件，全力缉捕电信网络诈骗犯罪集团头目和骨干，切实维护良好社会秩序和人民群众合法权益。\n近年来，各级检察机关、公安机关深入贯彻落实习近平总书记关于打击治理电信网络诈骗犯罪工作的重要指示精神，按照国务院打击治理电信网络新型违法犯罪工作部际联席会议部署，密切配合、多措并举，始终坚持以人民为中心，依法、从严、全链条打击电信网络诈骗及其关联犯罪，深挖电信网络诈骗集团幕后“金主”，打击惩处工作取得明显成效。今年6月“拔钉”行动开展以来，国务院联席办先后将470余名电信网络诈骗集团头目和骨干纳入重点缉捕范围。截至目前，公安机关已抓获其中240余名，检察机关已逮捕150余名、起诉80余名。在公安部A级通缉令公开通缉的12名电信网络诈骗集团重大头目和骨干人员中，公安机关已抓获10名，检察机关起诉6名，其他犯罪嫌疑人正在全力缉捕中。\n为依法严厉打击跨境电信网络诈骗犯罪集团嚣张气焰，最高检、公安部联合挂牌督办了第一批5起特大电信网络诈骗案件，相关地方检察机关、公安机关加强研判分析，强化协作配合，推动打击工作取得阶段性重大进展。其中，浙江“12.30”电信网络诈骗案已抓获11名主犯，判决4名。主要组织者葛某一审被判处无期徒刑，剥夺政治权利终身，并处没收个人全部财产，其余3名主犯均被判处十年以上有期徒刑。福建“4.09”电信网络诈骗案已抓获主犯李某滨，深挖发现的另外三个诈骗窝点，陆续抓获相关组织者、管理者10人，均已提起公诉，同步查扣涉案财物价值2亿余元。河南“6.20”电信网络诈骗案已抓获公安部A级通缉令通缉的在逃人员张某龙，并抓获周某辉等4名犯罪集团幕后组织者，均已提起公诉。湖南“8.07”电信网络诈骗案已抓获曾某波等4名诈骗集团主犯，全链条打击为诈骗集团非法提供“两卡”等帮助的犯罪团伙，已起诉犯罪嫌疑人39名。重庆“6.15”电信网络诈骗案已起诉诈骗犯罪嫌疑人100余名，查封、扣押、冻结境内涉案资产6000余万元。\n工作中，最高检和公安部建立了常态化挂牌督办工作机制，并于近日联合挂牌督办第二批3起特大跨境电信网络诈骗案件。这3起案件分别是浙江桐乡“3.03”电信网络诈骗案、湖北咸宁“3.03”电信网络诈骗案、四川南充“4.01”电信网络诈骗案，这是今年以来“拔钉”“断流”等专项行动中的重点案件，涉案金额巨大，社会危害严重，目前仍有部分犯罪分子畏罪潜逃、逍遥法外。\n最高检、公安部有关负责人表示，全国检察机关和公安机关将深入学习贯彻党的二十大精神，认真贯彻反电信网络诈骗法，坚持以“零容忍”的态度，全力抓捕、从严惩治跨境电信网络诈骗犯罪集团头目和骨干，坚决“打财断血”，有力斩断犯罪链条，全力追赃挽损，切实守护人民群众合法权益和财产安全。检察机关和公安机关正告相关违法犯罪嫌疑人，认清形势、珍惜机会，不要心存任何侥幸，尽快投案自首，争取宽大处理。\n2021年7月，浙江公安机关在对电信网络诈骗犯罪线索开展集中研判时，深挖出一个盘踞在境外的电信网络诈骗犯罪集团。公安机关初步查明，该犯罪集团在境外商业园区设立虚假公司，组织人员偷渡到境外从事诈骗活动，通过在境外搭建的虚假网络投资平台对我国公民实施诈骗。\n2021年4月，湖北公安机关在侦办本地案件时，深挖出一个盘踞在境外，专门为电信网络诈骗团伙提供洗钱服务的“地下钱庄”。公安机关顺线追查，发现一个通过冒充金融公司客服实施电信网络诈骗的犯罪集团，初步查明作案800余起。该诈骗集团与境外“地下钱庄”长期勾连，形成“境内引流推广一境外实施诈骗一地下钱庄运作一赃款回流境内”的犯罪链条。\n2021年2月，四川公安机关从电信网络诈骗犯罪线索入手，深挖出盘踞在境外的10余个电信网络诈骗团伙，涉及犯罪人员800余名。经查，这些犯罪团伙从国内招募人员赴境外从事诈骗活动，利用虚假投资APP，通过网络交友、诱导投资等方式对国内公民实施诈骗。\n', 'http://cyberpolice.mps.gov.cn/wfjb/html/bgl/20221222/4739.shtml', NULL, 0);

-- ----------------------------
-- Table structure for message
-- ----------------------------
DROP TABLE IF EXISTS `message`;
CREATE TABLE `message`  (
  `id` bigint(20) NOT NULL AUTO_INCREMENT COMMENT 'id',
  `title` varchar(255) CHARACTER SET utf8mb4 COLLATE utf8mb4_general_ci NULL DEFAULT NULL COMMENT '标题',
  `content` text CHARACTER SET utf8mb4 COLLATE utf8mb4_general_ci NULL COMMENT '正文',
  `type` tinyint(4) NULL DEFAULT 0 COMMENT '0-点赞，收藏 1-系统 2-反馈 3-评论  4-举报',
  `postId` tinyint(4) NULL DEFAULT NULL COMMENT '帖子id',
  `createId` bigint(20) NULL DEFAULT NULL COMMENT '发送人ID 外键#sys_user#',
  `createTime` datetime(0) NULL DEFAULT CURRENT_TIMESTAMP(0) COMMENT '创建时间',
  `updateTime` datetime(0) NULL DEFAULT CURRENT_TIMESTAMP(0) ON UPDATE CURRENT_TIMESTAMP(0) COMMENT '更新时间',
  `isDelete` tinyint(4) NOT NULL DEFAULT 0 COMMENT '是否删除',
  `deal` tinyint(4) NULL DEFAULT 0 COMMENT '是否处理（管理员）0-已处理   1-未处理',
  `quesId` tinyint(4) NULL DEFAULT NULL COMMENT '题目id',
  PRIMARY KEY (`id`) USING BTREE
) ENGINE = InnoDB AUTO_INCREMENT = 1089 CHARACTER SET = utf8mb4 COLLATE = utf8mb4_general_ci COMMENT = '消息用户表' ROW_FORMAT = Dynamic;

-- ----------------------------
-- Records of message
-- ----------------------------
INSERT INTO `message` VALUES (1057, '欺诈团伙遇上关联网络，邪不压正', NULL, 0, 90, 1012, '2023-03-13 14:47:36', '2023-03-13 14:47:36', 0, 0, NULL);
INSERT INTO `message` VALUES (1058, '欺诈团伙遇上关联网络，邪不压正', NULL, 0, 90, 1012, '2023-03-13 14:47:36', '2023-03-13 14:47:36', 0, 0, NULL);
INSERT INTO `message` VALUES (1059, '欺诈团伙遇上关联网络，邪不压正', NULL, 0, 90, 1012, '2023-03-13 14:47:37', '2023-03-13 14:47:37', 0, 0, NULL);
INSERT INTO `message` VALUES (1061, '欺诈团伙遇上关联网络，邪不压正', '&#128513;', 3, 90, 1011, '2023-03-14 14:21:11', '2023-03-14 14:21:11', 0, 0, NULL);
INSERT INTO `message` VALUES (1062, '欺诈团伙遇上关联网络，邪不压正', '说的不错', 3, 90, 1011, '2023-03-15 11:19:20', '2023-03-15 11:19:20', 0, 0, NULL);
INSERT INTO `message` VALUES (1063, '欺诈团伙遇上关联网络，邪不压正', 'hello', 3, 90, 1011, '2023-03-17 17:50:13', '2023-03-17 17:50:13', 0, 0, NULL);
INSERT INTO `message` VALUES (1064, '欺诈团伙遇上关联网络，邪不压正', '&#128524;', 3, 90, 1011, '2023-03-21 21:26:44', '2023-03-21 21:26:44', 0, 0, NULL);
INSERT INTO `message` VALUES (1067, '欺诈团伙遇上关联网络，邪不压正', 'test', 3, 90, 1011, '2023-03-21 21:33:08', '2023-03-21 21:33:08', 0, 0, NULL);
INSERT INTO `message` VALUES (1068, '系统通知', '<p>yyyyyyy</p>', 1, NULL, 1011, '2023-03-21 21:35:49', '2023-03-21 21:35:49', 0, 0, NULL);
INSERT INTO `message` VALUES (1069, '系统通知', '<p>11sss</p>', 1, NULL, 1011, '2023-04-09 15:23:34', '2023-04-09 15:23:34', 0, 0, NULL);
INSERT INTO `message` VALUES (1070, '欺诈团伙遇上关联网络，邪不压正', '&#128518;', 3, 90, 1011, '2023-04-13 08:23:25', '2023-04-13 08:23:25', 0, 0, NULL);
INSERT INTO `message` VALUES (1071, '系统通知', '<p>test</p>', 1, NULL, 1011, '2023-04-18 10:57:47', '2023-04-18 10:57:47', 0, 0, NULL);
INSERT INTO `message` VALUES (1072, '别嘲笑老同志了！网络诈骗，19岁小鲜肉最容易中招', '如何更好地防范？钱盾一直以来都在做努力，包括拦截刷单诈骗短信、加紧防诈骗的产品研发等。但目前，大部分刷单诈骗转移到QQ、微信甚至微博中，希望联合这些平台一起来治理，让年轻人知法、懂法、守法，提高年轻人的防护意识，共同构筑防范通讯网络诈骗的全流程屏障。', 3, 75, 1011, '2023-05-03 08:10:52', '2023-05-03 08:10:52', 0, 0, NULL);
INSERT INTO `message` VALUES (1073, '举报通知', '我觉得这篇文章不符合要求', 4, 93, 1011, '2023-05-07 12:15:39', '2023-05-07 12:15:39', 0, 1, NULL);
INSERT INTO `message` VALUES (1074, '系统通知', '', 1, NULL, 1, '2023-05-11 09:05:04', '2023-05-11 09:05:04', 0, 0, NULL);
INSERT INTO `message` VALUES (1075, '系统通知', '<p>5555</p>', 1, NULL, 1, '2023-05-11 10:17:53', '2023-05-11 10:17:53', 0, 0, NULL);
INSERT INTO `message` VALUES (1076, '谈谈培训机构的骗局', '倒不是对培训机构中的人有偏见，大家都是满怀希望、对未来充满憧憬的人，既然选择了培训，多多少少证明你是一个有梦想并愿意为之付出努力而奋斗的人，对于努力的人，我只有尊重。', 3, 93, 1011, '2023-05-11 15:27:11', '2023-05-11 15:27:11', 0, 0, NULL);
INSERT INTO `message` VALUES (1077, '系统通知', '', 1, NULL, 1, '2023-05-11 15:35:39', '2023-05-11 15:35:39', 0, 0, NULL);
INSERT INTO `message` VALUES (1078, '谈谈培训机构的骗局', '而真正让人讨厌的是某些人的行为，最忍受不了的就是过度包装，大家都懂我说的是什么意思，但是不包装又找不到工作，找不到工作就只能听信培训机构的教唆，去包装简历，所以，这貌似是一个死循环，解不开，这里就不讨论了，每个人都有每个人的想法和评价吧。', 3, 93, 1011, '2023-05-12 23:27:31', '2023-05-12 23:27:31', 0, 0, NULL);
INSERT INTO `message` VALUES (1079, '谈谈培训机构的骗局', '而真正让人讨厌的是某些人的行为，最忍受不了的就是过度包装，大家都懂我说的是什么意思，但是不包装又找不到工作，找不到工作就只能听信培训机构的教唆，去包装简历，所以，这貌似是一个死循环，解不开，这里就不讨论了，每个人都有每个人的想法和评价吧。', 3, 93, 1011, '2023-05-12 23:27:41', '2023-05-12 23:27:41', 0, 0, NULL);
INSERT INTO `message` VALUES (1080, '非洲勒索软件、僵尸网络攻击有所增加——但在线诈骗仍构成最大威胁', NULL, 0, 89, 1013, '2023-05-12 23:59:11', '2023-05-12 23:59:11', 0, 0, NULL);
INSERT INTO `message` VALUES (1081, '非洲勒索软件、僵尸网络攻击有所增加——但在线诈骗仍构成最大威胁', NULL, 0, 89, 1013, '2023-05-12 23:59:11', '2023-05-12 23:59:11', 0, 0, NULL);
INSERT INTO `message` VALUES (1082, '举报通知', '文章内容过于简单', 4, 92, 1013, '2023-05-13 08:49:39', '2023-05-13 08:49:39', 0, 1, NULL);
INSERT INTO `message` VALUES (1083, '举报通知', '内容与标题不符合', 4, 90, 1013, '2023-05-13 08:50:23', '2023-05-13 08:50:23', 0, 1, NULL);
INSERT INTO `message` VALUES (1084, '谈谈培训机构的骗局', NULL, 0, 93, 1013, '2023-05-13 10:56:44', '2023-05-13 10:56:44', 0, 0, NULL);
INSERT INTO `message` VALUES (1085, '谈谈培训机构的骗局', NULL, 0, 93, 1013, '2023-05-13 10:56:45', '2023-05-13 10:56:45', 0, 0, NULL);
INSERT INTO `message` VALUES (1086, '谈谈培训机构的骗局', '\n而真正让人讨厌的是某些人的行为，最', 3, 93, 1011, '2023-05-13 11:45:22', '2023-05-13 11:45:22', 0, 0, NULL);
INSERT INTO `message` VALUES (1087, '系统通知', '<p>nihao </p>', 1, NULL, 1, '2023-05-13 11:49:13', '2023-05-13 11:49:12', 0, 0, NULL);
INSERT INTO `message` VALUES (1088, '如何防范钓鱼网站诈骗？', '除了借助一些工具之外，自身也要加强对钓鱼网站的警惕性，以保证个人财产安全。在涉及网络交易或需要点击链接进入页面时，要提高自己的防范意识，谨慎对待未知链接，及', 3, 83, 1011, '2023-05-24 18:51:01', '2023-05-24 18:51:01', 0, 0, NULL);

-- ----------------------------
-- Table structure for message_user
-- ----------------------------
DROP TABLE IF EXISTS `message_user`;
CREATE TABLE `message_user`  (
  `id` bigint(20) NOT NULL AUTO_INCREMENT COMMENT 'id',
  `messageId` bigint(20) NOT NULL COMMENT '消息id',
  `userId` bigint(20) NOT NULL COMMENT '用户id',
  `isRead` tinyint(4) NULL DEFAULT 1 COMMENT '0-已读  1-未读',
  `readTime` datetime(0) NULL DEFAULT NULL COMMENT '阅读时间',
  `createTime` datetime(0) NULL DEFAULT CURRENT_TIMESTAMP(0) COMMENT '创建时间',
  `updateTime` datetime(0) NULL DEFAULT CURRENT_TIMESTAMP(0) ON UPDATE CURRENT_TIMESTAMP(0) COMMENT '更新时间',
  `isDelete` tinyint(4) NOT NULL DEFAULT 0 COMMENT '是否删除',
  `type` tinyint(4) NULL DEFAULT NULL COMMENT '消息类型 0-点赞，收藏 1-系统 2-反馈 3-评论  4-举报',
  PRIMARY KEY (`id`) USING BTREE
) ENGINE = InnoDB AUTO_INCREMENT = 1087 CHARACTER SET = utf8mb4 COLLATE = utf8mb4_general_ci COMMENT = '消息表' ROW_FORMAT = Dynamic;

-- ----------------------------
-- Records of message_user
-- ----------------------------
INSERT INTO `message_user` VALUES (1057, 1057, 1011, 0, NULL, '2023-03-13 14:47:36', '2023-05-11 10:12:21', 0, 0);
INSERT INTO `message_user` VALUES (1058, 1058, 1011, 0, NULL, '2023-03-13 14:47:36', '2023-05-11 10:12:21', 0, 0);
INSERT INTO `message_user` VALUES (1059, 1059, 1011, 0, NULL, '2023-03-13 14:47:37', '2023-05-11 10:05:25', 0, 0);
INSERT INTO `message_user` VALUES (1060, 1061, 1011, 0, NULL, '2023-03-14 14:21:11', '2023-05-11 10:03:13', 0, 3);
INSERT INTO `message_user` VALUES (1061, 1062, 1011, 0, NULL, '2023-03-15 11:19:20', '2023-05-11 10:03:13', 0, 3);
INSERT INTO `message_user` VALUES (1062, 1063, 1011, 0, NULL, '2023-03-17 17:50:13', '2023-05-11 10:03:13', 0, 3);
INSERT INTO `message_user` VALUES (1063, 1064, 1011, 0, NULL, '2023-03-21 21:26:44', '2023-05-11 10:03:13', 0, 3);
INSERT INTO `message_user` VALUES (1064, 1067, 1011, 0, NULL, '2023-03-21 21:33:08', '2023-05-11 10:03:13', 0, 3);
INSERT INTO `message_user` VALUES (1065, 1068, 1013, 0, NULL, '2023-03-21 21:35:49', '2023-05-11 10:16:41', 0, 1);
INSERT INTO `message_user` VALUES (1066, 1069, 1013, 0, NULL, '2023-04-09 15:23:34', '2023-05-11 10:16:41', 0, 1);
INSERT INTO `message_user` VALUES (1067, 1070, 1011, 0, NULL, '2023-04-13 08:23:25', '2023-05-11 10:03:13', 0, 3);
INSERT INTO `message_user` VALUES (1068, 1071, 1012, 1, NULL, '2023-04-18 10:57:47', '2023-04-18 10:57:47', 0, 1);
INSERT INTO `message_user` VALUES (1069, 1072, 1011, 0, NULL, '2023-05-03 08:10:52', '2023-05-11 10:03:13', 0, 3);
INSERT INTO `message_user` VALUES (1070, 1074, 1011, 1, NULL, '2023-05-11 09:05:04', '2023-05-11 10:02:52', 1, 1);
INSERT INTO `message_user` VALUES (1071, 1074, 1012, 1, NULL, '2023-05-11 09:05:04', '2023-05-11 09:05:04', 0, 1);
INSERT INTO `message_user` VALUES (1072, 1074, 1013, 0, NULL, '2023-05-11 09:05:04', '2023-05-11 10:16:41', 0, 1);
INSERT INTO `message_user` VALUES (1073, 1075, 1011, 0, NULL, '2023-05-11 10:17:53', '2023-05-12 23:26:23', 1, 1);
INSERT INTO `message_user` VALUES (1074, 1075, 1012, 0, NULL, '2023-05-11 10:17:53', '2023-05-11 10:29:30', 0, 1);
INSERT INTO `message_user` VALUES (1075, 1075, 1013, 0, NULL, '2023-05-11 10:17:53', '2023-05-11 10:22:32', 0, 1);
INSERT INTO `message_user` VALUES (1076, 1076, 1011, 0, NULL, '2023-05-11 15:27:11', '2023-05-11 20:04:12', 0, 3);
INSERT INTO `message_user` VALUES (1077, 1077, 1011, 0, NULL, '2023-05-11 15:35:39', '2023-05-12 23:26:23', 1, 1);
INSERT INTO `message_user` VALUES (1078, 1078, 1011, 1, NULL, '2023-05-12 23:27:31', '2023-05-12 23:27:31', 0, 3);
INSERT INTO `message_user` VALUES (1079, 1079, 1011, 1, NULL, '2023-05-12 23:27:41', '2023-05-12 23:27:41', 0, 3);
INSERT INTO `message_user` VALUES (1080, 1080, 1011, 1, NULL, '2023-05-12 23:59:11', '2023-05-12 23:59:11', 0, 0);
INSERT INTO `message_user` VALUES (1081, 1081, 1011, 1, NULL, '2023-05-12 23:59:11', '2023-05-12 23:59:11', 0, 0);
INSERT INTO `message_user` VALUES (1082, 1084, 1011, 1, NULL, '2023-05-13 10:56:44', '2023-05-13 10:56:44', 0, 0);
INSERT INTO `message_user` VALUES (1083, 1085, 1011, 1, NULL, '2023-05-13 10:56:45', '2023-05-13 10:56:45', 0, 0);
INSERT INTO `message_user` VALUES (1084, 1086, 1011, 0, NULL, '2023-05-13 11:45:22', '2023-05-13 11:47:59', 0, 3);
INSERT INTO `message_user` VALUES (1085, 1087, 1011, 1, NULL, '2023-05-13 11:49:12', '2023-05-13 11:49:12', 0, 1);
INSERT INTO `message_user` VALUES (1086, 1088, 1011, 1, NULL, '2023-05-24 18:51:01', '2023-05-24 18:51:01', 0, 3);

-- ----------------------------
-- Table structure for post
-- ----------------------------
DROP TABLE IF EXISTS `post`;
CREATE TABLE `post`  (
  `id` bigint(20) NOT NULL AUTO_INCREMENT COMMENT 'id',
  `description` text CHARACTER SET utf8mb4 COLLATE utf8mb4_general_ci NULL COMMENT '描述',
  `content` text CHARACTER SET utf8mb4 COLLATE utf8mb4_general_ci NULL COMMENT '内容',
  `photo` varchar(1024) CHARACTER SET utf8mb4 COLLATE utf8mb4_general_ci NULL DEFAULT NULL COMMENT '照片地址',
  `reviewStatus` int(11) NOT NULL DEFAULT 0 COMMENT '状态（0-待审核, 1-通过, 2-拒绝）',
  `reviewMessage` varchar(512) CHARACTER SET utf8mb4 COLLATE utf8mb4_general_ci NULL DEFAULT NULL COMMENT '审核信息',
  `collectNum` int(11) NOT NULL DEFAULT 0 COMMENT '收藏数',
  `commentNum` int(11) NOT NULL DEFAULT 0 COMMENT '评论数',
  `thumbNum` int(11) NOT NULL DEFAULT 0 COMMENT '点赞数',
  `tags` varchar(255) CHARACTER SET utf8mb4 COLLATE utf8mb4_general_ci NOT NULL COMMENT '标签--json数组',
  `userId` bigint(20) NOT NULL COMMENT '创建用户 id',
  `createTime` datetime(0) NOT NULL DEFAULT CURRENT_TIMESTAMP(0) COMMENT '创建时间',
  `updateTime` datetime(0) NOT NULL DEFAULT CURRENT_TIMESTAMP(0) ON UPDATE CURRENT_TIMESTAMP(0) COMMENT '更新时间',
  `isDelete` tinyint(4) NOT NULL DEFAULT 0 COMMENT '是否删除',
  `title` varchar(255) CHARACTER SET utf8mb4 COLLATE utf8mb4_general_ci NOT NULL COMMENT '标题',
  PRIMARY KEY (`id`) USING BTREE
) ENGINE = InnoDB AUTO_INCREMENT = 97 CHARACTER SET = utf8mb4 COLLATE = utf8mb4_general_ci COMMENT = '帖子' ROW_FORMAT = Dynamic;

-- ----------------------------
-- Records of post
-- ----------------------------
INSERT INTO `post` VALUES (69, '近日，有多名网友向民警反映，自己收到了自称是“中国银行监督管理委员会办公厅”发出的“通知函”。', '近日，有多名网友向民警反映，自己收到了自称是“中国银行监督管理委员会办公厅”发出的“通知函”。\n \n## “通知函”主要内容：\n\n因贷款申请人XX贷款账户信息不符，下款出现异常，现将贷款资金冻结……\n需要重新递交身份证正反面、银行卡正反面及本人手持身份证照片，同时需提交贷款金融50%的对接认证金，才能解冻账户，否则需承担法律责任，甚至可能构成犯罪！\n \n## **银行保险监管严，不会让你转金钱**\n \n很明显，这是典型的虚假网络贷款类诈骗。\n \n近年来，冒充中国银行保险业监督管理委员会的骗局层出不穷。不法分子利用客户急需贷款的迫切心情，编造账户被冻结需交纳“认证金”的谎言，并以涉嫌骗贷犯罪对客户进行恐吓。\n\n![](https://oss.gjfzpt.cn/preventfraud-static/h5/files/img/20230310/73f5bfafd49b4d5a59b1aad21a183a5e.png)\n\n## **警方提示**\n \n1、银行监管机构不会向自然人下发红头文件，银保监会及其派出机构无权直接冻结任何单位或个人的银行账户，也没有所谓的认证账户，更不会让你转钱。\n \n2、中国银保监会及其派出机构依照法律法规统一监督管理银行业保险业，保护消费者合法权益。\n \n3、凡是要你垫付保证金、认证金等各种费用的，都是诈骗！提高风险防范意识，通过正规渠道办理贷款，广大网友如果有贷款需求，应通过正规渠道从金融机构办理。\n \n4、对于陌生好友、陌生来电、短信、网络广告等非正规途径推销“低息快捷”“免抵押担保”贷款业务的行为，应提高警惕。注意保护个人信息，不随意点击不明链接，不要通过他人发送的陌生链接下载APP，更不要向来历不明的账户或个人汇款。\n \n5、广大网友若接到此类信息可第一时间通过官方渠道向有关金融机构、监管部门以及警方咨询核实。如遇诈骗，请保留聊天记录、转账记录等线索及时报警止损。', 'https://oss.gjfzpt.cn/preventfraud-static/h5/files/img/20230310/73f5bfafd49b4d5a59b1aad21a183a5e.png', 2, '内容过于简单', 0, 0, 0, '[4]', 1011, '2023-03-12 22:53:32', '2023-05-12 23:28:44', 0, '冒充银保监会，虚假网络贷款诈骗需警惕');
INSERT INTO `post` VALUES (70, '万众期待的线下演唱会回归，多位歌手陆续官宣演唱会行程，很多歌迷已经摩拳擦掌准备好抢票了。然而，再想亲临演唱会现场也得提防被骗！', '万众期待的线下演唱会回归\n \n多位歌手陆续官宣演唱会行程\n \n很多歌迷已经摩拳擦掌\n \n准备好抢票了\n \n然而，再想亲临演唱会现场\n \n也得提防被骗！\n![]( https://oss.gjfzpt.cn/preventfraud-static/h5/files/img/20230309/9e80297ec485f85e4f18e43c4623bc9f.png)\n3月2日\n \n# 公安部发布重要提醒\n \n↓↓↓\n \n## 诈骗套路\n\n### 套路1：在演唱会官方门票开售前夕，骗子到处宣称有官方的售票渠道，或者是内部人员，可以买到非常紧俏的门票，吸引粉丝上钩。\n \n等歌迷准备买票时，他们会以定金、辛苦费等各种理由要求支付价款，甚至说卡单了需要重新备注支付才能出票，以此骗取更多钱财。\n \n等歌迷发现被骗要求退款时，已被拉黑，无法联系上“内部人员”。\n![](https://oss.gjfzpt.cn/preventfraud-static/h5/files/img/20230309/f29217a41c64f1b878357120dc3d8172.png)\n\n### 套路2：开演唱会前夕，骗子谎称已买到票但家中有事去不了，或者跟前任分手“含泪转让”，在一些二手交易网站搭讪向受害者售票，拿到钱就拉黑。\n\n![](https://oss.gjfzpt.cn/preventfraud-static/h5/files/img/20230309/f29217a41c64f1b878357120dc3d8172.png)\n\n### 套路3：骗子事先潜伏在微信、QQ等社交软件群里，发布门票信息。有人上钩后，通常有两种诈骗方式。\n \n一是发送虚假网站链接要求歌迷通过网站付款，大部分歌迷认为平台付款安全有保障，直接付款，没想到进入的却是钓鱼网站。\n \n二是会告诉歌迷需要先付定金后发货，收到门票后再付尾款。交易流程貌似毫无问题，但歌迷收到的门票极有可能是伪造的高仿门票。\n \n### 套路4：演唱会现场周边，往往会有一些人员兜售“黄牛票”。歌迷求票心切，往往就容易上当受骗。\n \n这些票不仅溢价较高，而且大多是高仿假票，等歌迷拿着票准备进场的时候，才发现自己上当受骗了。\n \n### 防骗指南\n \n在各种社交平台上，以官方票务logo为头像，XX票务代理为用户名，主动私信询问是否有票务需求的，诈骗可能性极大。\n \n最安全的方法是在官方网站上购买。\n\n不要轻易点击陌生链接，谨防木马程序盗取网银账号（骗子会自制虚假票务网站）。\n \n不通过正规平台交易，以各种理由要你反复付款，退款还要交保证金的，绝对是骗子。\n来源：中国青年报', 'http://cdn.haoyang666.fun/school/person/1011/img-3.jpg', 0, '内容简单', 0, 0, 0, '[4]', 1011, '2023-03-13 10:48:54', '2023-04-09 15:22:05', 0, '已有多人中招！公安部发布重要提醒！');
INSERT INTO `post` VALUES (71, '《反电信网络诈骗法》共有七章50条，统筹发展和安全，立足各环节、全链条防范治理电信网络诈骗，精准发力，为预防、遏制和惩治电信网络诈骗活动，加强反电信网络诈骗工作，保护公民和组织的合法权益，维护社会稳定和国家安全提供有力法律支撑。', '\n![全面解读！《反电信网络诈骗法》对企业、个人的影响及对网络黑灰产的整治](https://p9-juejin.byteimg.com/tos-cn-i-k3u1fbpfcp/8da3e93131cf44b3a216c24d10d0015e~tplv-k3u1fbpfcp-zoom-crop-mark:1512:1512:1512:851.awebp?)\n\n昨天（9月2日），人大常委会表决通过《反电信网络诈骗法》，并将于2022年12月1日起正式实施。\n\n《反电信网络诈骗法》共有七章50条，统筹发展和安全，立足各环节、全链条防范治理电信网络诈骗，精准发力，为预防、遏制和惩治电信网络诈骗活动，加强反电信网络诈骗工作，保护公民和组织的合法权益，维护社会稳定和国家安全提供有力法律支撑。\n\n![img](https://p3-juejin.byteimg.com/tos-cn-i-k3u1fbpfcp/564a8b72240f4afd9937b7ab0e03905c~tplv-k3u1fbpfcp-zoom-in-crop-mark:4536:0:0:0.awebp)\n\n# 《反电信网络诈骗法》：立法快、定位准、重视结果\n\n《反电信网络诈骗法》对电信网络诈骗进行了明确定义：\n\n> 电信网络诈骗是指以非法占有为目的，利用电信网络技术手段，通过远程、非接触等方式，诈骗公私财物的行为。\n\n**顶象防御云业务安全情报中心认为，该部法律立法快、定位准、重视结果。**\n\n**立法速度快。**从2021年10月19日《反电信网络诈骗法》草案提请十三届全国人大常委会初次审议，到2022年9月2日正式表决通过，不到一年的时间。全国人大常委会法工委刑法室主任王爱立在答记者问时表示，《反电信网络诈骗法》在立法技术上是“小快灵”，体现“小切口”，对关键环节、主要制度作出规定，建起四梁八柱，条文数量不求太多，立法进程快，体现急用先行，将进一步丰富全国人大常委会的立法形式。\n\n**目标精准。**电信网络诈骗分子实施诈骗活动，离不开金融、通信、互联网等业务，他们利用这些技术和服务实施骗术、转移资金等，钻行业管理漏洞，采取各种包装手法逃避打击。《反电信网络诈骗法》对通信、互联网、金融有详细的治理规定，通过加强对电话卡、银行卡、互联网账号管理，覆盖电信网络诈骗发生的信息链、资金链、技术链、人员链，从源头上防范电信网络诈骗。\n\n**重视结果。**作为一部专项急需立法，《反电信网络诈骗法》立足实践需要，坚持问题导向和结果导向，各项条款精细，责任明确清晰。例如，进一步明确和提出实名制要求，特别是为保证对涉诈异常电话卡、账号在使用环节的“实人实操”，规定可以重新实名核验，并根据风险情况采取相应限制、暂停服务等措施；对办理电话卡、金融账户的数量进行合理限制，有针对性地完善物联网卡销售、使用监测制度等。\n\n# 推动企业高效建立业务反欺诈体系\n\n《反电信网络诈骗法》对电信企业、银行、支付机构、互联网企业等在反诈工作中要承担风险防控责任，建立内部控制制度和安全责任制度，并规定了企业对各类涉诈信息、活动的监测处置责任。\n\n> 第十五条　银行业金融机构、非银行支付机构为客户开立银行账户、支付账户及提供支付结算服务，和与客户业务关系存续期间，应当建立客户尽职调查制度，依法识别受益所有人，采取相应风险管理措施，防范银行账户、支付账户等被用于电信网络诈骗活动。\n\n> 第十八条　银行业金融机构、非银行支付机构应当对银行账户、支付账户及支付结算服务加强监测，建立完善符合电信网络诈骗活动特征的异常账户和可疑交易监测机制。\n\n> 第二十二条　互联网服务提供者对监测识别的涉诈异常账号应当重新核验，根据国家有关规定采取限制功能、暂停服务等处置措施。\n\n> 第三十一条　任何单位和个人不得非法买卖、出租、出借电话卡、物联网卡、电信线路、短信端口、银行账户、支付账户、互联网账号等，不得提供实名核验帮助；不得假冒他人身份或者虚构代理关系开立上述卡、账户、账号等。\n\n银行要履行反洗钱、反诈职责，建立尽职调查制度，对涉诈异常银行卡、可疑交易等进行监测处置；电信企业要对涉诈异常电话卡、改号电话、GOIP等非法设备等进行监测处置；互联网企业要对涉诈互联网账号、App、网络黑灰产进行监测处置，要按照国家规定，履行合理注意义务，防范其相关业务被用于实施电信网络诈骗等；App、域名解析、域名跳转等网络资源规范管理，强化各行业涉诈违法犯罪线索、风险信息、黑样本数据信息共享。\n\n顶象防御云基于多年实战经验和技术产品，拥有丰富的技术工具、数万个安全策略及数百个业务场景解决方案，具有情报、感知、分析、防护、处置的能力，提供模块化配置和弹性扩容**，助企业快速、高效、低成本构建自主可控的业务安全体系，帮助企业有效防范各类业务风险，抵御黑灰产的欺诈威胁，解决业务环节的安全问题，为业务的稳定、安全运行保驾护航。**\n\n# 打击网络黑灰产，护航数字业务安全\n\n针对互联网领域存在的网络黑灰产，机械工业出版社出版的《攻守道-企业数字业务安全风险与防范》一书中有详细地分析：\n\n> 网络黑灰产彼此分工明确、合作紧密、协同作案，每一环节都有不同的牟利和运作方式，形成一条完整的产业链。以大规模牟利为目的网络黑灰产，熟悉业务流程以及防护逻辑，能够熟练运用自动化、智能化的新兴技术，不断开发和优化各类攻击工具，不断发起各类欺诈攻击。\n\n近年来，在公安机关严厉打击之下，一批批不法分子被绳之以法。2021年，公安部“净网2021” 专项行动，抓获行业“内鬼”6000余名，打掉关停接码、打码、解封、养号、非法交易网络平台80余个，收缴“猫池”、卡池设备1万余台，查获关停涉案网络账号1000余万个。2021年4月至2022年7月，有关部门即破获电信网络诈骗案件59.4万起，拦截诈骗电话28.1亿次、短信33.6亿条，封堵涉诈域名网址400万个。\n\n不过，还有很多风险隐藏在“冰山”之下。例如，就在今年7月，两大银行同时爆出多名储户存款被电信网络诈骗团伙盗走。**顶象防御云业务安全情报中心认为，《反电信网络诈骗法》将加强网络黑产的整治力度，不断压缩此类违法犯罪空间，有效遏制网络黑灰产持续上升的势头，护航数字业务安全。**\n\n# 推动《个人信息保护法》普及，保障个人信息安全\n\n加强政府和监管部门职责是建立完善反电信网络诈骗工作责任体系的重要组成部分。《反电信网络诈骗法》对电信、金融、互联网具体规定了有关部门的监督管理和防范职责，并强调部门工作人员在反电信网络诈骗工作中滥用职权、玩忽职守的法律责任。\n\n> 第二十九条 个人信息处理者应当依照《中华人民共和国个人信息保护法》等法律规定，规范个人信息处理，加强个人信息保护，建立个人信息被用于电信网络诈骗的防范机制。履行个人信息保护职责的部门、单位对可能被电信网络诈骗利用的物流信息、交易信息、贷款信息、医疗信息、婚介信息等实施重点保护。公安机关办理电信网络诈骗案件，应当同时查证犯罪所利用的个人信息来源，依法追究相关人员和单位责任。\n\n《个人信息保护法》已实施10个多月（2021年11月1日实施），这部可以比肩欧盟《通用数据保护条例》（General Data Protection Regulation，简称GDPR；2018年5月实施）的法律，并没引发全社会的足够重视。时至今日，依旧不断曝出“内鬼”盗取快递用户信息、人脸图像遭任意采集和肆意利用、多地健康码信息被无节制地滥用、疫情防控中个人敏感信息被随意扩散到各类社群中。**希望《反电信网络诈骗法》能够成为《个人信息保护法》普及落地的有效手段，维护法律的尊严与权威。**', 'https://p9-juejin.byteimg.com/tos-cn-i-k3u1fbpfcp/8da3e93131cf44b3a216c24d10d0015e~tplv-k3u1fbpfcp-zoom-crop-mark:1512:1512:1512:851.awebp?', 1, NULL, 0, 0, 0, '[4]', 1011, '2023-03-13 11:39:44', '2023-03-13 11:42:11', 0, '全面解读！《反电信网络诈骗法》对企业、个人的影响及对网络黑灰产的整治');
INSERT INTO `post` VALUES (72, '校园金融欺诈乱象频发，本质上是由于大学生反欺诈教育与金融数字化错配，大学生缺乏足够的金融知识去识别形式多样的电信网络诈骗。尤其在移动互联网、大数据时代，校园欺诈风险呈现扩散快、危害强、高隐蔽性等特点，大学生稍有不慎，便中了诈骗团伙的圈套。', '![《大学生金融反欺诈调研报告》发布！新浪数科助力“无诈校园”](https://p6-juejin.byteimg.com/tos-cn-i-k3u1fbpfcp/311a7511204d4a99bc084ca1fe22a8de~tplv-k3u1fbpfcp-zoom-crop-mark:1512:1512:1512:851.awebp?)\n\n![img](https://p3-juejin.byteimg.com/tos-cn-i-k3u1fbpfcp/046dc28d18274cbb83c1eae0c5a38e0a~tplv-k3u1fbpfcp-zoom-in-crop-mark:4536:0:0:0.awebp)\n\n互联网推动金融服务向大学校园下沉，也为金融诈骗带来可乘之机。\n\n校园金融欺诈乱象频发，本质上是由于大学生反欺诈教育与金融数字化错配，大学生缺乏足够的金融知识去识别形式多样的电信网络诈骗。尤其在移动互联网、大数据时代，校园欺诈风险呈现扩散快、危害强、高隐蔽性等特点，大学生稍有不慎，便中了诈骗团伙的圈套。\n\n从校园贷、刷单到理财投资骗局，金融欺诈一直盯着大学校园，此起彼伏，流毒遍地，严重扰乱校园秩序。更有甚者，大学生因金融诈骗背负债务压力，最终被逼向绝路。无数黑灰产团伙藏于校园金融诈骗背后，它们不仅手段多样，而且掌握了大量的学生隐私数据。\n\n穿透校园诈骗现状，填补金融教育缺口，已成为监管和产业各方的共识。当前正值开学季，金融反欺诈教育尤为迫切，为了让大学生上好这堂必修课，近日，新浪数科、微博钱包联合南都大数据研究院发布了《大学生金融反欺诈调研报告》（以下简称“报告”）。\n\n该报告以全国高校2000多份学生问卷调研及访谈为样本，结合微博平台大学生金融欺诈数据，综合呈现了当代大学生金融行为理念和金融欺诈现状。新浪数科在调研报告中指出了 “网络诱导投资与赌博诈骗”、“注销校园贷”、“网购刷单”、“信用卡及网贷套现”四大典型金融诈骗场景，提醒大学生树立正确的消费观，提高风险防范意识。\n\n校园金融欺诈曾在互联网金融爆发时加速蔓延，与监管、警方长期博弈，而后于常态化的整顿中式微。不过，一些金融诈骗组织不断更新欺诈手段，频频更换马甲，“注销校园贷”等新型诈骗方式又开始浮出水面。这对于缺乏社会经验、防范意识弱的大学生来说，存在诸多风险和隐患。\n\n校园是知识的圣地，无诈才是它该有的底色。\n\n**新欺诈骗局频现**\n\n高校市场相对开放，这为金融欺诈提供了获客和非法交易上的便利。「镭射财经」调查多所高校后发现，金融欺诈主要从线上和线下渗透大学校园，通过扫楼、广告派发、发展学生代理、创业交流会等线下方式，更能赢得学生的信任。线上电信诈骗则以理财、贷款、刷单为噱头，通过电话、社交渠道引诱大学生上当受骗。\n\n多个行骗渠道打入校园，导致遭遇金融诈骗的大学生比例居高不下。报告显示，在参与调研的大学生中，68.7%的受访者称了解金融诈骗，47.4%的受访大学生称自己或同学遭遇过诈骗，其中约两成大学生金钱损失在5000元以上。\n\n在欺诈手段上，诈骗团伙从当前主流的社交和网购平台下手，把诈骗入口嵌入到短视频、购物、交友等大学生日常生活娱乐中。随着大学生反诈意识增强，浏览信息和接受服务的介质发生变化时，一些新的欺诈骗局也开始滋生。\n\n报告发现，51.0%的受害大学生在社交平台上遭遇诈骗，28.2%在短视频平台遇骗，31.4%在电商购物骗局中遭受资金损失。在诈骗场景方面，“诱导投资赌博”、“注销校园贷”、“网购刷单”类场景占比最高，分别占到54.7%、54.1%、50.2%。\n\n有大学生向「镭射财经」反映，去年以来股市和基金市场经历了几波上涨，很多大学生听闻买基金能稳赚不赔，于是产生浓厚的投资需求。这时，一些金融诈骗团伙设置资金盘诱导大学生投资，让不少大学生生活费亏空，甚至背上了贷款。\n\n值得注意的是，报告还发现在遭遇金融诈骗的大学生群体中，硕士研究生和博士研究生受骗比例分别为60%和59%，而在读本科生群体遭遇诈骗的比例为46%。本科以下学历（大专生、高职生为主）群体中，遭遇诈骗的比例为52%和36%。随着学历增加，被骗的比例反而更高，这说明大学生的反欺诈知识普遍薄弱。\n\n**金融乱象作祟**\n\n拆解大学生金融欺诈，可以发现它背后藏着高利贷、套路贷、数据泄露、洗钱、套现等金融乱象，这些乱象自互联网金融兴起后长期存在于校园金融市场。\n\n从发展脉络来看，大学生金融市场主要经历了三个阶段。第一个阶段为商业银行阶段，主要面向大学生提供信用卡服务，由于无法承受套现和逾期压力，银行纷纷退出校园市场，最终未能打开局面。由于早期的金融服务渗透率较低，校园金融欺诈的形式相对单一。\n\n第二个阶段为互联网金融阶段，互联网金融企业和网贷平台选择以校园贷起家，大举布局高校市场，在众多互联网贷款产品渗透下，高校金融市场空间被彻底打开。第三个阶段为严监管阶段，2016年至今，监管逐渐收紧校园金融政策，规范市场主体的经营行为，引导大学生理性消费。\n\n当互联网金融涌入大学校园时，供需两端高度膨胀，金融乱象出现爆发式蔓延。一方面，非持牌机构的消费分期和现金贷产品大量向校园投放，激起大学生超前消费、过度消费的欲望，为一些套现、贷款类电信诈骗创造空间。另一方面，大学生收入有限，经不起金融诈骗的高利诱惑，一步步走向诈骗团伙的圈套。\n\n报告指出，具有超前或高消费行为的学生，更易掉入金融诈骗陷阱。有过分期购物经历的受访者表示遭遇过金融诈骗的比例也相对较高，而每月购物消费金额越多的大学生，被骗的比例越高。\n\n以校园贷为例，从非法校园贷到“注销校园贷”诈骗，都属于互联网金融诈骗范畴。校园贷被监管整顿后，诈骗团伙便设计了“注销校园贷”骗局，目前“注销校园贷”诈骗通过两种方式行骗。\n\n其一，针对有网络贷款经历的大学生，诈骗团伙以国家要求注销校园贷、影响征信为由，骗取大学生个人信息和财产；其二，对未使用过校园贷的大学生，诈骗团伙谎称其信息被人盗用申请了网络贷款并逾期，必须还清逾期款项，否则影响征信。\n\n在“注销校园贷”诈骗乱象中，还涉及信息泄露和诱导贷款问题。诈骗团伙能精准地找到受害者个人信息资料，取得受害者的信任。当受害者表示资金不足时，诈骗团伙还推荐其他贷款平台诱导受害者借贷，完整的诈骗链条让受害者深陷债务泥潭。\n\n此外，刷单在大学生市场中也属于较为常见的诈骗形式，诈骗者通过QQ群、微信群及派发传单的方式宣传，以灵活、兼职、高返的名义吸引大学生加入。在刷单前期，会连本带息返给大学生，但随后以账户被冻结为由，连续骗取大学生投入资金。当大学生资金不足时，诈骗团伙还向大学生推荐高利贷平台，谎称是自己的贷款平台，相当于用平台的钱刷单，还能收获返佣。\n\n**共建“无诈校园”**\n\n“无诈校园”是大学生学习生活的前提，这就要求校园金融服务必须回归理性，从根源上铲除金融乱象带来的欺诈隐患。\n\n新浪数科调研发现，七成以上大学生被骗后会选择收集证据报警维权，说明了当代大学生的法律维权意识较高。大学生普遍希望建设“无诈校园”，八成以上大学生表示非常需要接受金融知识和反欺诈相关培训。\n\n报告显示，在反诈知识获取和培训方面，学校老师是反诈知识的第一信息获取渠道，其次为媒体报道、网络图文宣传以及公益广告。约五成受访者认为，亲朋好友和网络短视频传播相关知识，以及金融机构、公益机构线下宣传也能起到作用。\n\n从现阶段的校园金融反欺诈教育来看，监管、金融机构、金融科技企业、行业协会正在与校方合力共建“无诈校园”。监管层面，经过连续的校园贷整顿后，人民银行、银保监会、证监会及国家网信办自9月起，联合开展2021金融知识普及月活动，强调了对“一老一少、在校学生”等重点群体的知识普及和风险提示，帮助他们加强防诈骗意识和自我保护能力。\n\n协会方面，针对注销校园贷的新骗局，中消协此前发布消费警示，提示广大青年学生警惕“注销校园贷”骗局，不向陌生账户转账。相关部门、业内并没有推出所谓的“注销校园贷”操作，个人征信信息也无法人为修改，只要大学生借款后能够按时还清贷款，就不会影响到个人征信。\n\n金融机构和金融科技公司，也投身校园反欺诈教育，通过进校园、发布调研报告等系列活动，为大学生普及反欺诈知识。作为《大学生金融反欺诈调研报告》发起方之一，微博钱包表示，将充分发挥自身社交媒体平台优势，持续进行大学生反欺诈教育。同时，微博钱包也提示大学生在享受丰富多彩的在校生活时，务必提高个人信息保护意识，转账多核实，信息信官方，交友更要谨慎。\n\n上课铃声响起，产业各方将一同捍卫“无诈校园”的宁静。', 'https://p6-juejin.byteimg.com/tos-cn-i-k3u1fbpfcp/311a7511204d4a99bc084ca1fe22a8de~tplv-k3u1fbpfcp-zoom-crop-mark:1512:1512:1512:851.awebp?', 1, NULL, 0, 0, 0, '[4]', 1011, '2023-03-13 11:44:12', '2023-03-13 11:44:25', 0, '《大学生金融反欺诈调研报告》发布！新浪数科助力“无诈校园”');
INSERT INTO `post` VALUES (73, '2022年8月，银保监会下发《关于开展银行保险机构侵害个人信息权益乱象专项整治工作的通知》，对金融机构个人信息保护做出了较为细致的规定，包括个人信息收集、个人信息存储和传输、个人信息查询、个人信息使用、个人信息提供、个人信息删除、第三方合作等多个方面。要求相关机构进行自查，并在年底做出反馈。', '![从春节后央行的首批罚单，看金融反欺诈反洗钱的复杂性](https://p1-juejin.byteimg.com/tos-cn-i-k3u1fbpfcp/0b17bb650d51445f984581cbd332f260~tplv-k3u1fbpfcp-zoom-crop-mark:1512:1512:1512:851.awebp?)\n\n春节后，央行公示首批罚单。其中，厦门银行被中国人民银行福州中心支行给予警告，并没收违法所得767.17元，处罚款764.6万元。同时，相关高管和多名工作人员也被处罚。\n\n根据公示内容可以显示，厦门银行因涉征信管理、个人信息保护以及反洗钱与反欺诈等23项违法行为。\n\n![img](https://p3-juejin.byteimg.com/tos-cn-i-k3u1fbpfcp/e9b79c3a501143f68760dfe9cdad803f~tplv-k3u1fbpfcp-zoom-in-crop-mark:4536:0:0:0.awebp)\n\n![img](https://pic4.zhimg.com/80/v2-d6e99c76558adfb0ce7551262f709c53_720w.webp)\n\n## 个人信息保护的问题\n\n此次罚单中多项违法行为涉及金融消费者个人信息保护问题。近年来，监管部门积极推动消费者信息保护制度建设，着力加强对银行账户的风险管理以及对金融消费者权益保护违规的处罚力度，以更好地保护人民群众的财产安全和合法权益。\n\n2020年11月开始实行的《中国人民银行金融消费者权益保护实施办法》要求，银行应当落实法律法规和相关监管规定关于金融消费者权益保护的相关要求，建立健全消费者金融信息保护等各项内控制度。\n\n2022年8月，银保监会下发《关于开展银行保险机构侵害个人信息权益乱象专项整治工作的通知》，对金融机构个人信息保护做出了较为细致的规定，包括个人信息收集、个人信息存储和传输、个人信息查询、个人信息使用、个人信息提供、个人信息删除、第三方合作等多个方面。要求相关机构进行自查，并在年底做出反馈。\n\n![img](https://pic4.zhimg.com/80/v2-d6e99c76558adfb0ce7551262f709c53_720w.webp)\n\n## 征信管理的问题\n\n除了金融消费者个人信息保护问题，厦门银行此次违规还涉及征信管理。\n\n《个人信用信息基础数据库管理暂行办法》规定，中国人民银行、商业银行及其工作人员应当为在工作中知悉的个人信用信息保密。\n\n2022年1月实施的《征信业务管理办法》明确了征信业务使用数据的原则，包含信息采集、使用规范、监督管理等方面内容。要求从事征信业务及其相关活动，应当保护信息主体合法权益，保障信息安全，防范信用信息泄露、丢失、毁损或者被滥用，不得危害国家秘密，不得侵犯个人隐私和商业秘密。\n\n银行等信息使用者应当采取必要的措施，保障查询个人信用信息时取得信息主体的同意，并且按照约定用途使用个人信用信息。\n\n![img](https://pic4.zhimg.com/80/v2-d6e99c76558adfb0ce7551262f709c53_720w.webp)\n\n## 反洗钱与反欺诈的问题\n\n本次处罚中，反欺诈与反洗钱问题最为突出，不仅厦门银行风险管理部和负责风险管理的副行长遭到处罚，来自营运管理部、网络金融部、零售业务管理部业务部门的3名责任人也被处罚。\n\n2021年4月实施的《金融机构反洗钱和反恐怖融资监督管理办法》规定，金融机构应当按照规定，结合内部控制制度和风险管理机制的相关要求，履行客户尽职调查、客户身份资料和交易记录保存、大额交易和可疑交易报告等义务。同时，要求金融机构应当在总部层面制定统一的反洗钱和反恐怖融资机制安排，包括为开展客户尽职调查、洗钱和恐怖融资风险管理，共享反洗钱和反恐怖融资信息的制度和程序，并确保其所有分支机构和控股附属机构结合自身业务特点有效执行。\n\n[2022年12月1日起施行的《中华人民共和国反电信网络诈骗法》](https://link.juejin.cn/?target=https%3A%2F%2Flink.zhihu.com%2F%3Ftarget%3Dhttp%3A%2F%2Fmp.weixin.qq.com%2Fs%3F__biz%3DMzU5Mzg3MTI5MA%3D%3D%26mid%3D2247490278%26idx%3D1%26sn%3Dd8bd2e91ee5d49a4d0b849fe104ae9f9%26chksm%3Dfe08b233c97f3b258ef1df2622dae8311403eac1ba904e6cb1e05c94cd9fb48c1b68050ce513%26scene%3D21%23wechat_redirect)也要求，银行机构要履行反洗钱、反诈职责，建立尽职调查制度，对涉诈异常银行卡、可疑交易等进行监测处置。\n\n![img](https://pic4.zhimg.com/80/v2-d6e99c76558adfb0ce7551262f709c53_720w.webp)\n\n## 金融欺诈愈加复杂多变\n\n近年来，金融管理部门持续完善银行账户和支付账户管理制度，建立账户分类分级管理体系，夯实账户实名制，建立涉诈交易监测、识别和拦截制度，牢牢守护人民群众“钱袋子”。2021年，金融系统识别拦截资金能力明显上升，商业银行、支付机构根据公安部门指令，查询、止付、冻结涉诈资金1.5亿笔，紧急拦截涉诈资金3291亿元。\n\n[欺诈与洗钱日益复杂，给监管带来诸多挑战](https://link.juejin.cn/?target=https%3A%2F%2Flink.zhihu.com%2F%3Ftarget%3Dhttp%3A%2F%2Fmp.weixin.qq.com%2Fs%3F__biz%3DMzU5Mzg3MTI5MA%3D%3D%26mid%3D2247485782%26idx%3D3%26sn%3D27d1d9470dc6d1a18b35f358f86c77af%26chksm%3Dfe08a183c97f289549c151046505f654e32b623f5ddba6d8071bc5b94e31a2b47c1ce9ed4490%26scene%3D21%23wechat_redirect)，尤其在工作有效性和效率上，具体表现如下：\n\n1、不法团伙利用各种技术手段和购买的身份信息，通过包装身份、开具虚假账号，不利于金融机构辨别其身份和交易行为。\n\n2、金融业务互联网化快速发展，便捷的渠道和方式让洗钱的手段变化多端，增加了做审查和监控的复杂性。\n\n3、欺诈和洗钱的手段愈加隐蔽，需要从账号源头上挖掘出内在的关联性，列出彼此的关系图谱，针对性的监测更有效发现欺诈与洗钱行为。\n\n![img](https://pic4.zhimg.com/80/v2-d6e99c76558adfb0ce7551262f709c53_720w.webp)\n\n## 如何增强金融机构反欺诈反洗钱\n\n顶象能够帮助金融机构构建一个覆盖多渠道全场景，提供多阶段防护的安全体系，提供威胁感知、安全防护、数据沉淀、模型建设、策略共享等安全服务，及时监测到异常交易，详尽勾勒出用户画像，精准定位欺诈和洗钱账号，帮助金融机构实现高效的风险防控，满足不同业务场景，助金融机构更有效精准的防控。\n\n**1、提升风险感知能力。**借助顶象业务安全情报，提炼总结分析出电信诈骗风险、IP地址风险、设备风险、涉毒涉诈风险、交易风险以及不同行业风险的业务安全信息，分析挖掘出攻击特征、潜在隐患，从而及时有效提升安全应急响应能力，制定科学有效的防控策略。\n\n**2、增强源头的反欺诈识别能力。**通过设备指纹、顶象App加固、智能验证码，对基于设备型号、行为特征、访问频率、地理位置等多维特征进行风险识别，与风控系统良好补充，有效发现模拟器、刷机改机、团伙作弊等欺诈行为。\n\n**3、及时监测异常资金交易。**基于账户的紧急联系人、互通电话、同一网络、从属关系等信息以及信贷申请、日常存贷、资金交易、设备登录等数据，利用关联网络平台，构建用户关系图谱，借助于规则或模型识别图谱中异常的资金交易行为和异常交易团体，与相关业务系统及反欺诈反洗钱系统联动排查风险。\n\n**4、精准定位欺诈和洗钱账号。**基于深度学习的关联关系图谱技术落地至银行业务场景，扩展风险防控的视角和手段，利用智能模型平台构建一套完整的基于关联关系图谱的欺诈和洗钱账户识别机制。', 'https://p1-juejin.byteimg.com/tos-cn-i-k3u1fbpfcp/0b17bb650d51445f984581cbd332f260~tplv-k3u1fbpfcp-zoom-crop-mark:1512:1512:1512:851.awebp?', 2, '不通过', 0, 0, 0, '[4]', 1011, '2023-03-13 11:45:59', '2023-04-08 13:37:11', 0, '从春节后央行的首批罚单，看金融反欺诈反洗钱的复杂性');
INSERT INTO `post` VALUES (74, '电信网络诈骗分子实施诈骗活动，离不开金融、通信、互联网等业务，他们利用这些技术和服务实施骗术、转移资金等，钻行业管理漏洞，采取各种包装手法逃避打击。电信网络诈骗的分子是一群网络黑灰产，彼此分工明确、合作紧密、协同作案，形成一条完整的产业链。', '\n![收到公安部门的致谢信，顶象业务安全“反诈”再接再厉](https://p9-juejin.byteimg.com/tos-cn-i-k3u1fbpfcp/3089c4fac267454189386c25c655886e~tplv-k3u1fbpfcp-zoom-crop-mark:1512:1512:1512:851.awebp?)\n\n12月1日，[《反电信网络诈骗法》正式施行，为反电信网络诈骗工作提供有力法律支撑](https://juejin.cn/post/7139720776378220574)。自2021年以来，顶象业务安全情报通过多渠道的风险数据以及多维度深度挖掘与分析，助力对电信诈骗分子的精准防控，已为多个监管机构的反电信网络诈骗工作提供了技术支持。\n\n# 《反电信网络诈骗法》精准遏制黑灰产\n\n电信网络诈骗分子实施诈骗活动，离不开金融、通信、互联网等业务，他们利用这些技术和服务实施骗术、转移资金等，钻行业管理漏洞，采取各种包装手法逃避打击。电信网络诈骗的分子是一群网络黑灰产，彼此分工明确、合作紧密、协同作案，形成一条完整的产业链。\n\n![img](https://p3-juejin.byteimg.com/tos-cn-i-k3u1fbpfcp/6902db3bbaf5411d96e228d4a59ab641~tplv-k3u1fbpfcp-zoom-in-crop-mark:4536:0:0:0.awebp)\n\n电信网络诈骗分子实施诈骗活动，离不开金融、通信、互联网等业务，他们利用这些技术和服务实施骗术、转移资金等，钻行业管理漏洞，采取各种包装手法逃避打击。\n\n[12月1日施行的《反电信网络诈骗法》](https://juejin.cn/post/7139720776378220574)，通过加强对电话卡、银行卡、互联网账号管理，覆盖电信网络诈骗发生的信息链、资金链、技术链、人员链，从源头上防范电信网络诈骗，压缩此类违法犯罪空间，有效遏制网络黑灰产持续上升的势头，保障企业和个人财产安全。\n\n《反电信网络诈骗法》要求，电信企业、银行、支付机构、互联网企业等在反诈工作中要承担风险防控责任，建立内部控制制度和安全责任制度，并规定了企业对各类涉诈信息、活动的监测处置责任。其中，银行机构要履行反洗钱、反诈职责，建立尽职调查制度，对涉诈异常银行卡、可疑交易等进行监测处置；电信企业要对涉诈异常电话卡、改号电话、GOIP等非法设备等进行监测处置；互联网企业要对涉诈互联网账号、App、网络黑灰产进行监测处置，要按照国家规定，履行合理注意义务，防范其相关业务被用于实施电信网络诈骗等；App、域名解析、域名跳转等网络资源规范管理，强化各行业涉诈违法犯罪线索、风险信息、黑样本数据信息共享。\n\n顶象业务安全情报通过多渠道的风险数据以及多维度深度挖掘与分析，助力对电信诈骗分子的精准防控。\n\n# 一封特殊的感谢信\n\n2021年8月，**顶象收到某地公安局的一封致谢信**。感谢顶象在破获某个电信网络诈骗案件中，提供的专业技术支撑。**这是顶象业务安全情报产品在反电信网络诈骗上的首次应用。**\n\n![img](https://p3-juejin.byteimg.com/tos-cn-i-k3u1fbpfcp/d24a77689a9d405ca5cf98ac4b7b0763~tplv-k3u1fbpfcp-zoom-in-crop-mark:4536:0:0:0.awebp)\n\n顶象业务安全情报通过多渠道的风险数据以及多维度深度挖掘与分析，帮助安全人员系统掌握业务安全态势、威胁路径、影响范围等，分析挖掘出攻击特征、潜在隐患，从而及时有效提升安全应急响应能力，制定科学有效的防控策略。\n\n顶象业务安全情报拥有30000+风险源，分别来自对黑灰产社区社群、暗网论坛、违法违禁网站和App的监测，以及打码平台、众包平台、行业非风险数据的共享等。通过对风险数据的人群画像、行为评分、关联关系分析、团伙欺诈挖掘、场景风险特征分析，基于专家的判断和定位后，提炼总结分析出电信诈骗风险、IP地址风险、设备风险、涉毒涉诈风险、交易风险以及不同行业风险的业务安全情报，为安全人员提供及时、准确、有效的风险信息。\n\n作为防御云的一部分，2021年至今，顶象业务安全情报已默默为多个监管机构的反电信网络诈骗工作提供了技术支持。近期即将正式推出，防御云用户免费抢先体验。', 'https://p9-juejin.byteimg.com/tos-cn-i-k3u1fbpfcp/3089c4fac267454189386c25c655886e~tplv-k3u1fbpfcp-zoom-crop-mark:1512:1512:1512:851.awebp?', 1, NULL, 0, 0, 0, '[4]', 1011, '2023-03-13 11:47:43', '2023-03-13 11:47:57', 0, '收到公安部门的致谢信，顶象业务安全“反诈”再接再厉');
INSERT INTO `post` VALUES (75, '说起通讯诈骗，最容易受骗的是退休在家养花的老同志吗？不，权威报告显示，最好骗的，居然是90后，尤其是19岁小鲜肉。12月26日，在北京国家会议中心举行的2017网络新枫桥经验高峰研讨会上，国务院联席办钱盾反诈公益平台、阿里巴巴集团安全部、蚂蚁金服集团安全部联合发布了一份《2017中国反通讯网络诈骗报告》。', '原文链接： [click.aliyun.com](https://link.juejin.cn/?target=http%3A%2F%2Fclick.aliyun.com%2Fm%2F38452%2F)\n\n说起通讯诈骗，最容易受骗的是退休在家养花的老同志吗？不，权威报告显示，最好骗的，居然是90后，尤其是19岁小鲜肉。\n\n12月26日，在北京国家会议中心举行的2017网络新枫桥经验高峰研讨会上，国务院联席办钱盾反诈公益平台、阿里巴巴集团安全部、蚂蚁金服集团安全部联合发布了一份《2017中国反通讯网络诈骗报告》。\n\n![90566504afe604343f8c43b59340faef98019c96](https://p1-jj.byteimg.com/tos-cn-i-t2oaga2asx/gold-user-assets/2017/12/29/160a12ceb913514d~tplv-t2oaga2asx-zoom-in-crop-mark:3024:0:0:0.awebp)\n\n钱盾是国务院打击治理电信网络新型违法犯罪部际联席会议办公室(简称国务院联席办)与阿里巴巴集团联合开发的面向全民、免费使用的“反诈神器”，覆盖手机端、PC端、Pad端。\n\n**90后成诈骗受害者主体**\n\n**其中大部分是学生和宝妈**\n\n报告显示，在所有受骗人群中，18-25岁占整体受骗者52.4%，其次是26-30岁，占整体的21.4%。而19岁，是受骗的最高峰值。\n\n![03114f313ea9c66cd85660e92efd7dbfe25c99bc](https://p1-jj.byteimg.com/tos-cn-i-t2oaga2asx/gold-user-assets/2017/12/29/160a12ceb9084c22~tplv-t2oaga2asx-zoom-in-crop-mark:3024:0:0:0.awebp)\n\n这是为啥呢？报告指出，通讯诈骗中，网络诈骗日益增多。所以，被诈骗者普遍年轻化，因为要会熟练使用网络，才会被骗呐！\n\n而在所有通讯诈骗案件中，“兼职刷单诈骗”位居第一，占整体通讯网络案件量的27.77%。其中，18-25岁刷单被骗占59.6%，19岁则是刷单被骗的年龄分布最高峰。未成年受害者的比例也占到了5.4%。\n\n![b5c362d20904ad2c4dabe8db44a91057ba1c9fd2](https://p1-jj.byteimg.com/tos-cn-i-t2oaga2asx/gold-user-assets/2017/12/29/160a12ceb8e6d677~tplv-t2oaga2asx-zoom-in-crop-mark:3024:0:0:0.awebp)\n\n“很多是一些刚入学的大学生。” 钱盾反诈平台安全专家沈杰表示。\n\n前不久，大学生王安（化名）在社交平台看到一则兼职刷单的信息，就联系对方刷了第一单109元，对方立刻返还114元。轻轻松松就拿到5元的提成，王安随后从下午4时至5时一共转了4笔钱共计12000元，此时对方称这个单必须转双份不然拿不到钱，王安情急之下找老师和同学借了12000元又转给对方。后对方失联，王安才知自己受骗。\n\n据分析，刷单诈骗中，受害人与犯罪分子沟通的主要渠道是QQ/微信，占比高达88%。\n\n![e5eaa0d3790bf57ee8eb0db0258ddba4786e56f3](https://p1-jj.byteimg.com/tos-cn-i-t2oaga2asx/gold-user-assets/2017/12/29/160a12ceb8f087fc~tplv-t2oaga2asx-zoom-in-crop-mark:3024:0:0:0.awebp)\n\n同时，报告提到，与一般通讯诈骗不同，刷单诈骗受害者中女性远高于男性，女性受害者数量占比高达63%，几乎是男性受害者数量的两倍；不仅如此，女性的平均资损也比男性高出42.4%。沈杰表示，刷单人群中，在家奶娃的宝妈们，也是很大的一个群体。\n\n![e3f1189e68fa6442ed3e0bd808ecbef750491ba8](https://p1-jj.byteimg.com/tos-cn-i-t2oaga2asx/gold-user-assets/2017/12/29/160a12cee712d377~tplv-t2oaga2asx-zoom-in-crop-mark:3024:0:0:0.awebp)\n\n如何更好地防范？沈杰表示，钱盾一直以来都在做努力，包括拦截刷单诈骗短信、加紧防诈骗的产品研发等。但目前，大部分刷单诈骗转移到QQ、微信甚至微博中，希望联合这些平台一起来治理，让年轻人知法、懂法、守法，提高年轻人的防护意识，共同构筑防范通讯网络诈骗的全流程屏障。\n\n**工作日骗子更活跃**\n\n**广东诈骗短信最多**\n\n《报告》还提到，接到诈骗短信最多的是广东省，且相较周末，工作日骗子更加活跃。一天中，诈骗电话活跃高峰时间段集中在上午9-11点，下午14-18点。而到了周末，诈骗电话量锐降三成。\n\n![01b4fcbead6fd5ddf1482b0e54a40473cb57a1a8](https://p1-jj.byteimg.com/tos-cn-i-t2oaga2asx/gold-user-assets/2017/12/29/160a12cee722c94f~tplv-t2oaga2asx-zoom-in-crop-mark:3024:0:0:0.awebp)\n\n沈杰分析，这个时间点，受害者一般都是一个人，家人不在身旁，所以容易受骗。此外，现在很多诈骗都是公司化运作，这个时间点，也是骗子们的工作时间，所以诈骗电话在工作日的数量，要比周末多。\n\n![8259a8730608313e265f73cb0703ed357627c44f](https://p1-jj.byteimg.com/tos-cn-i-t2oaga2asx/gold-user-assets/2017/12/29/160a12ceeb0588da~tplv-t2oaga2asx-zoom-in-crop-mark:3024:0:0:0.awebp)\n\n据此，沈杰提醒，这个时间段遭遇诈骗的几率更高，接到不明电话一定要谨慎，特别是像陌生人转账之类涉及金钱交易的，不要轻信，凡事多向家人确认。\n\n“经过公安部等政府部门的治理，2017年通讯网络诈骗案件相比2016年有非常显著的改善，整体案件量下降近2成，诈骗电话、短信等接收量也明显下降。”接下来，沈杰表示，希望借助“枫桥经验”让更多人参与到反诈骗中来。\n\n20世纪60年代初，浙江省诸暨市枫桥镇创造了发动和依靠群众的“枫桥经验”，成为全国政法战线脍炙人口的典型。而阿里巴巴集团安全部希望用“新枫桥经验”，使得打击“网络黑灰产”的行动更加有效，为网络安全与治理探索群防群治的社会综合治理新模式。\n\n\n\n原文发布时间为：2017-12-27\n\n本文作者：汪帆\n\n本文来自云栖社区合作伙伴“[天下网商](https://link.juejin.cn/?target=https%3A%2F%2Fmp.weixin.qq.com%2Fs%2FMK8HUw0HYEiwB-5Fhlcd1Q)”，了解相关信息可以关注“[天下网商](https://link.juejin.cn/?target=https%3A%2F%2Fmp.weixin.qq.com%2Fs%2FMK8HUw0HYEiwB-5Fhlcd1Q) ”微信公众号', 'https://p1-jj.byteimg.com/tos-cn-i-t2oaga2asx/gold-user-assets/2017/12/29/160a12ceb913514d~tplv-t2oaga2asx-zoom-in-crop-mark:3024:0:0:0.awebp', 1, NULL, 0, 1, 0, '[4]', 1011, '2023-03-13 11:50:05', '2023-05-03 08:10:52', 0, '别嘲笑老同志了！网络诈骗，19岁小鲜肉最容易中招');
INSERT INTO `post` VALUES (76, '近日，YY直播平台发布2022反诈年报。其中，2022年1月-11月期间，YY直播共处置涉诈账号 167749个，私信场景防骗提示日均16万余次；向公安机关输出诈骗类案件破案线索123条，协助公安机关破获诈骗案件1000余起，涉案金额1000余万元，抓获涉诈骗犯罪嫌疑人190余人。近年来，YY直播在科技反诈、警企联动、活动策划方面多管齐下，取得显著成果，在推动全民反诈、全社会反诈的重要进程中起到了良好的示范带头作用。', '![直播行业多维度打击网络诈骗](https://p9-juejin.byteimg.com/tos-cn-i-k3u1fbpfcp/5f12e33577204e3398da635b8ee2997b~tplv-k3u1fbpfcp-zoom-crop-mark:1512:1512:1512:851.awebp?)\n\n近日，YY直播平台发布2022反诈年报。其中，2022年1月-11月期间，YY直播共处置涉诈账号 167749个，私信场景防骗提示日均16万余次；向公安机关输出诈骗类案件破案线索123条，协助公安机关破获诈骗案件1000余起，涉案金额1000余万元，抓获涉诈骗犯罪嫌疑人190余人。近年来，YY直播在科技反诈、警企联动、活动策划方面多管齐下，取得显著成果，在推动全民反诈、全社会反诈的重要进程中起到了良好的示范带头作用。\n\n**不断强大的AI反诈防火墙“风盾”**\n\nYY直播作为一家技术实力强劲的互联网公司，在科技反诈方面自主研发出了一套行之有效的防诈反诈专属系统——“风盾” ，该系统2020年2月投入研发，2021年9月完成升级并正式命名为 “风盾”，2022年1月至11月期间，YY直播依托“风盾”系统，追踪诈骗事件总量22630件，挽回诈骗交易400余万元，拦截风险交易共计1500余万元。\n\n该系统拥有以AI技术手段构建起的完整自循环处理机制，事前通过大量用户行为分析建模，建立用户风险画像，事中通过实时规则策略进行风险挑战和拦截，事后通过报表看板、风控预警、客诉反馈监测风险走向并对画像和规则进行调整。\n\n经过两年多的升级发展，“风盾”系统不仅在原有基础上成功启用IP风险等级划分功能，并根据风险等级分别进行警告、拦截、限制交易、封禁等处理措施，减少涉诈风险交易发生率。此外，“风盾”系统还能根据风险用户在公屏发送的文本，命中关联诈骗的特定关键词，并即刻推送到内容安全中心进行审核，实现对风险用户的精准打击和控制。\n\n[IP数据云](https://link.juejin.cn/?target=https%3A%2F%2Fwww.ipdatacloud.com%2F%3Futm-source%3DLik%26utm-keyword%3D%3F1097)可提供[IP风险画像](https://link.juejin.cn/?target=)，包括IP地理位置、宿舍信息，ip风险等级等，全方位的判断风险用户，从源头屏蔽解决诈骗问题。\n\n![QQ截图20230214142054.png](https://p1-juejin.byteimg.com/tos-cn-i-k3u1fbpfcp/81ace0af31ec4a049e08cd400d854ee3~tplv-k3u1fbpfcp-zoom-in-crop-mark:4536:0:0:0.awebp?)\n\n**警企联动破获冒充亲友诈骗专案**\n\n近年来，不法分子利用现代化通讯技术和网络结算方式实施诈骗等犯罪活动愈发频繁，诈骗行为手段之多样、隐蔽性之强，让人防不胜防，警企联合打击网络黑产成为新常态。\n\nYY直播积极配合公安机关打击网络诈骗，协助公安机关破获多起诈骗类案件。2022年，持续强化警企配合力度，年内配合公安机关破获诈骗案件1000余起，抓获涉诈骗犯罪嫌疑人190余人。其中，在破获冒充YY语音好友实施网络诈骗专案中更是发挥重要作用。\n\n2022年6月，YY直播配合宁波鄞州、湖南吉首警方成功破获冒充YY语音好友实施网络诈骗专案，打掉犯罪窝点18个，抓获犯罪嫌疑人160人。在该案件侦破过程中，YY直播与鄞州公安建立深度合作机制。YY直播专门开辟绿色通道，优先对该类电信诈骗的数据和线索进行梳理和研判。平台内同步启动“打击冒充YY语音游戏好友进行诈骗”的专项行动。通过“风盾”系统进行关键词和风险可疑账号追踪锁定，并进行判研分类，整理汇总到公安部门，为破获这起特大电信网络诈骗案提供有力的数据支持和部分技术保障。\n\n**持续发挥平台优势，多措并举助力防诈反诈**\n\nYY直播法务中心运营安全负责人粟伟表示，近年来，以电信诈骗为代表的新型网络犯罪成为主流犯罪；电信网络诈骗犯罪链条长、有组织的特征越发明显。互联网企业作为承担反诈风险防控义务与责任的核心主体，只有在全链条、多维度同步启动防诈反诈工作，才能取得更好效果。\n\n今年6月，YY直播与国家反诈中心联合开展针对冒充熟人、亲友诈骗类案件的风控、防范、预警方面专项合作。YY直播依托“风盾”系统，对冒充亲友类诈骗作出有效的预警和拦截，并将电信诈骗相关的违法犯罪数据同步公安部门，对冒充亲友诈骗类案件实现精准打击。同样在6月，YY直播邀请了广州市番禺区公安局万博派出所民警开展了“YY直播护苗行动六一特辑：未成年人如何防范网络诈骗”专场直播。\n\n不仅如此，为有效预防和打击电信网络诈骗，YY直播由法务部、风控中心、内容安全、客服、支付等多个部门组成反电信诈骗专项团队，明确各部门责任和相关人员保障，完善电信网络诈骗案件的安全防范和的打击处理机制。在企业内部，制定了专门的反电信网络诈骗的内控制度，通过多个维度防范电信诈骗犯罪分子利用平台产品和服务实施违法犯罪；在用户方面，通过各种方式向用户开展防范电信诈骗的宣传，提升用户的防诈反诈意识。', 'https://p9-juejin.byteimg.com/tos-cn-i-k3u1fbpfcp/5f12e33577204e3398da635b8ee2997b~tplv-k3u1fbpfcp-zoom-crop-mark:1512:1512:1512:851.awebp?', 1, NULL, 0, 0, 0, '[4]', 1011, '2023-03-13 11:53:03', '2023-03-13 11:53:38', 0, '直播行业多维度打击网络诈骗');
INSERT INTO `post` VALUES (77, '11月10日下午15:00顶象数据科学家翼龙带来主题为《关联网络技术在业务安全中的应用》的直播。直播内容包括常见的团伙欺诈场景、关联网络在反团伙欺诈中的作用、关联网络的技术框架，并就关联图谱构建和复杂网络算法展开了具体的讨论，最后以案例的形式形象地展示了如何将关联网络技术应用到实际的业务中去。', '\n![直播回顾|关联网络如何反团伙欺诈——标准答案版](https://p1-juejin.byteimg.com/tos-cn-i-k3u1fbpfcp/5395808039194d98b5bbe27018105f9b~tplv-k3u1fbpfcp-zoom-crop-mark:1512:1512:1512:851.awebp?)\n\n11月10日下午15:00顶象数据科学家翼龙带来主题为《关联网络技术在业务安全中的应用》的直播。\n\n直播内容包括常见的团伙欺诈场景、关联网络在反团伙欺诈中的作用、关联网络的技术框架，并就关联图谱构建和复杂网络算法展开了具体的讨论，最后以案例的形式形象地展示了如何将关联网络技术应用到实际的业务中去。\n\n# 团伙欺诈具备哪些特征？\n\n[伴随着移动互联网等技术的发展以及新型支付方式的普及](https://link.juejin.cn/?target=https%3A%2F%2Fmp.weixin.qq.com%2Fs%3F__biz%3DMzU5Mzg3MTI5MA%3D%3D%26mid%3D2247485628%26idx%3D2%26sn%3D826fe025340b651b361eedb821075135%26chksm%3Dfe08a069c97f297fdae96da4302b9bc7475dc7b51a5d7276667f0fb7f7188d1be6987e9bcd10%26scene%3D21%23wechat_redirect)，出现了越来越多有着明确分工和缜密作战计划的欺诈团伙，他们娴熟运用各类技术升级欺诈手段，从线下到线上对各个业务场景展开立体化的攻击，对业务安全带来了挑战。\n\n2019年3月，南京鼓楼警方通报称，近日警方打掉了一个专门骗取银行贷款的团伙，抓获嫌疑人7名，涉案金额近百万元。经调查该诈骗团伙已形成了完整的犯罪链条，该团伙中，上游主要负责给贷款人“洗脑”，让其同意向银行骗取车贷；中游负责伪造贷款材料，指导贷款人如何申请贷款；下游负责联系买家，快速将新车倒卖套现。\n\n同年12月，[海南警方成功破获“6.06信用卡诈骗案”](https://link.juejin.cn/?target=https%3A%2F%2Fmp.weixin.qq.com%2Fs%3F__biz%3DMzU5Mzg3MTI5MA%3D%3D%26mid%3D2247485628%26idx%3D1%26sn%3D0b0d2418fef6b25a51e1af02a4955f13%26chksm%3Dfe08a069c97f297f3ac3b52ec2bcdf5020e01b3adbf4a4ca3608e6fba95b3e8f07ab802cbafb%26scene%3D21%23wechat_redirect)，共抓获犯罪嫌疑人12名，查处犯罪窝点5处，扣押POS机300余部，银行卡1700余张,初步统计涉案金额达5亿元人民币。经查，该团伙从非法收集公民个人信息到违规办理信用卡到利用POS机非法套取现金再到“养卡”，整个过程层级分明、分工明确。\n\n此前，我们曾在第五讲[《保险代打卡对抗实战》](https://juejin.cn/post/7142759293157113863)中提到保险行业虚拟打卡的风险。为了提升业绩，保险公司往往对表现优异的代理人团队提供高额的奖励和佣金。为了骗取这些奖励和佣金，某些代理人团队就会铤而走险，以虚假增员、虚开保单、虚假打卡等手段来伪造业绩，给保险公司带来了巨额的经济损失。在第七讲、第八讲谈及的电商行业中，也涉及团伙欺诈：黑产团伙会利用其技术优势，抢取电商发放的大额优惠券，然后分销获利。\n\n![img](https://p3-juejin.byteimg.com/tos-cn-i-k3u1fbpfcp/3953b956becc424dae5814a7ea1c228f~tplv-k3u1fbpfcp-zoom-in-crop-mark:4536:0:0:0.awebp)\n\n类似的案例数不胜数。在百度输入团伙欺诈，其相关案例多达74839条，且从以上案例不难看出:\n\n**团伙欺诈往往具有组织团伙化、内外勾结化、攻击隐蔽化和手段复杂化的特点。**\n\n![img](https://p3-juejin.byteimg.com/tos-cn-i-k3u1fbpfcp/075f55909ce442dcb9a4f52c53a7ef71~tplv-k3u1fbpfcp-zoom-in-crop-mark:4536:0:0:0.awebp)\n\n传统的反欺诈手段往往依赖于独立个体的反欺诈评分等方式，这些方式简单粗暴，非黑即白，没有充分利用个体与个体之间、个体在时间轴上的行为演变、个体在不同产品上的表现差异等更能反映全盘风险的信息，不能随着外部环境的变化而自动调整，无法对有潜在风险的用户进行动态科学判定，更无法对信用逐步恶化用户及时止损。\n\n此外，传统的反欺诈手段往往是以专家驱动的形式进行的，他们主要依赖于业务专家的专家经验，这样的防控机制效率比较低。并且，传统的反欺诈手段往往过度依赖于外部数据，比如人行的征信数据和第三方数据等等，对于自身积累的客户数据反而利用和挖掘得不够。\n\n![img](https://p3-juejin.byteimg.com/tos-cn-i-k3u1fbpfcp/ef76e196ae8f416f985a6cb483272c40~tplv-k3u1fbpfcp-zoom-in-crop-mark:4536:0:0:0.awebp)\n\n为了克服这些局限性，更好地应对团伙欺诈带来的风险，人们开始把眼光投向了关联网络技术。\n\n**关联网络技术指的是通过关联图谱识别团伙欺诈、补充个体风险的识别能力。**\n\n所谓图谱指的是由节点和节点之间错综复杂的关系构成的拓扑网络。关联网络技术的精髓就在于能够利用复杂网络算法对复杂的关联关系进行非线性的建模。\n\n![img](https://p3-juejin.byteimg.com/tos-cn-i-k3u1fbpfcp/ee97f1a275434e2c85430ef6bf6877e8~tplv-k3u1fbpfcp-zoom-in-crop-mark:4536:0:0:0.awebp)\n\n# 关联网络的技术框架\n\n一个基于关联网络的反团伙欺诈解决方案通常由关联图谱构建、关联关系挖掘、图谱展示查询和风险监测运营四个部分组成，通过充分挖掘客户自有数据的价值，建立起以数据和算法为驱动的风险防控机制。\n\n![img](https://p3-juejin.byteimg.com/tos-cn-i-k3u1fbpfcp/a9a17594e242494aab5a1f319b749b8b~tplv-k3u1fbpfcp-zoom-in-crop-mark:4536:0:0:0.awebp)\n\n从上图可以看到，整个关联网络的解决方案以业务数据为核心形成闭环。怎么理解呢？\n\n首先，从业务数据出发，我们可以构建出关联图谱。在图谱之上，我们运用各类图算法进行关联关系的挖掘，输出风险名单，以图谱的形式进行展示，并提供可视化的操作界面来辅助风控人员进行风险的日常监测和运营。在这个过程中，又会不断的积累出新的业务数据。\n\n此外，风控人员会对关联网络输出的风险名单进行人工确认。这些经过人工达标后的标签数据也会成为业务数据一部分，后续可用于优化算法，这便是一个闭环的路径。\n\n以网贷进件申请为例，我们重点关注关联网络技术是如何和实际的业务流程相结合的。从图中可以看到，当一个网贷进件申请进入行内的时候，会通过一系列的审批规则进行自动化审批。在这个过程中，通过关联图谱可以判断该申请人是否和已知的团伙有关联，如果有，则会提取出相关团伙的欺诈指标。通过策略和模型的形式预测风险，对那些风险比较高的申请会进一步进入到人工审批环节。在人工审批的环节，审批人员能够实时查询关联图谱，以可视化、交互式的方式去排查风险，最终通过或者拒绝。\n\n![img](https://p3-juejin.byteimg.com/tos-cn-i-k3u1fbpfcp/5ba6e1ddaaba446382dc2796db0fa19f~tplv-k3u1fbpfcp-zoom-in-crop-mark:4536:0:0:0.awebp)\n\n# 关联网络的技术流程\n\n通常在应用关联网络技术时，\n\n**第一步是构建关联图谱:**\n\n在这一环节，我们需要设计图谱中包含哪些类型的节点以及它们之间的关系，然后将业务数据加工成所需要的节点。\n\n![img](https://p3-juejin.byteimg.com/tos-cn-i-k3u1fbpfcp/62130759a92847608daa7af90feb4e64~tplv-k3u1fbpfcp-zoom-in-crop-mark:4536:0:0:0.awebp)\n\n在这个过程中，有时我们需要用到模糊匹配，特别是涉及到家庭地址、公司地址等一类地址信息的时候，有时我们还需要补全隐含关系。比如，两个客户如果都有同一个公司地址，那么他们很可能是同事关系，有时候，我们就需要把这种同事关系标注出来。\n\n构建完图谱之后，就进入\n\n**第二步——关联关系的挖掘:**\n\n它有两类常见的场景：风险传播和团伙挖掘。所谓风险传播是指根据已知的欺诈节点进行风险的传导计算，识别出与风险节点相关联的节点。而团伙挖掘算法是利用社区发现等算法将网络中的节点划分成各个具有聚集性的社区。然后计算风险指标，这些风险指标大致分为两类，一类是跟网络的拓朴结构相关，如节点的一度关系；第二类指标是社区类指标，如社区内的历史逾期指标。计算指标之后，利用策略或者模型对之前算法挖掘出的风险节点和风险团伙进行进一步预测，识别出高风险的节点和高风险的团伙。\n\n在关联关系挖掘完成之后，进入\n\n**第三步——分析及应用:**\n\n将关联关系挖掘出的结果，配制成风控策略；或者以图谱的形式展示风险名单，并提供查询、分析等功能，用于实时的风险监控和案件溯源。\n\n那么，具体来看，关联图谱如何构建？又需要掌握哪些算法？\n\n# 如何构建关联图谱？\n\n在介绍关联图谱构建之前，我们还需要进一步明确什么是关联图谱，这就不得不提及到知识图谱。顶象2019年发布的《反团伙欺诈白皮书》，详细介绍了关联网络与知识图谱关系及发展。\n\n知识图谱起源于20世纪70年代的专家系统和支持工程，直到2012年谷歌推出了面向互联网搜索的大规模知识图谱之后，才正式宣告诞生。\n\n![img](https://p3-juejin.byteimg.com/tos-cn-i-k3u1fbpfcp/3127e5048b174898916585fbee283e59~tplv-k3u1fbpfcp-zoom-in-crop-mark:4536:0:0:0.awebp)\n\n狭义的知识图谱特指一类知识表示本质上是一种大规模的语义网络。语义网络是一种通过点和边表示知识的方式，知识图谱中的边可以分为属性与关系两类。当实体的某个属性值也是一个实体时，这个属性实质上就是关系。\n\n广义的知识图谱是大数据时代知识工程一系列技术的总称。2017年我国首次出现了知识图谱学科方向，其定位是“大规模知识工程”。\n\n**基于知识图谱可以进行完成搜索、推荐、问答和推理等工作。**\n\n根据覆盖知识范围的不同，知识图谱一般可以分为通用知识图谱和领域知识图谱。零售金融知识图谱就是面向金融机构零售业务的领域知识图谱，其核心在于以用户为中心，跨渠道、跨业务、跨产品、跨场景，基于业务逻辑整合全行级数据。\n\n![img](https://p3-juejin.byteimg.com/tos-cn-i-k3u1fbpfcp/c285cc0408eb4d97a4179a0fa240b342~tplv-k3u1fbpfcp-zoom-in-crop-mark:4536:0:0:0.awebp)\n\n利用零售金融知识图谱，能够有效地帮助银行客户解决现有系统中数据分散、无法联动的问题，并以图谱的方式将数据与关系围绕着客户可视化方式展示出来，给予运营人员更加直观的数据探索模式，进而提高人工分析的效率与准确性。\n\n那么，什么是关联图谱呢？关联图谱和知识图谱又有什么差异呢？\n\n**关联图谱，可以理解为以图的形式表示的知识图谱。知识图谱除了图以外，还有三元组、实值向量等表示形式。**\n\n![img](https://p3-juejin.byteimg.com/tos-cn-i-k3u1fbpfcp/35b46dee0e674af08e4c6fc8f399ec52~tplv-k3u1fbpfcp-zoom-in-crop-mark:4536:0:0:0.awebp)\n\n相比之下，知识图谱覆盖面广，规模更大，更强调“知识”，即一个概念可以实例化出哪些实体、它们有哪些属性。而关联图谱往往是知识图谱的一个子集，仅覆盖一定的业务范围，并且更强调实体之间的关系，甚至可以是隐含的关系。\n\n在实际运用算法挖掘关联关系之前，往往需要利用隐含的关系，将复杂的关系图谱进一步简化为同构图或二部图。\n\n比如说在一个基本要素网络中，有身份证、手机号、设备等节点。根据同一个身份证关联的手机号和设备，可以构建出一个设备和手机号的共现网络。\n\n对于交易数据，则可以把一笔交易的转出帐号和转入账号进行关联，从而形成一个资金流向的网络。\n\n类似地，对于网贷申请，基于两份申请是否有同样的IP，或者是两个申请人是否就职于同一家公司等关联，我们可以构建出申请之间的关联网络，从中发现具有欺诈性的团伙。\n\n# 关联网络有哪些复杂算法？\n\n下图为常见的基于图数据的挖掘方向：\n\n![img](https://p3-juejin.byteimg.com/tos-cn-i-k3u1fbpfcp/2ecab317766d4a938d14bfedbac8d2d2~tplv-k3u1fbpfcp-zoom-in-crop-mark:4536:0:0:0.awebp)\n\n下面我们就其中常见的几类算法展开介绍。\n\n**1）社区发现**\n\n指的是一类从关联图谱中自动挖掘出群聚社区的算法。社区发现既可以是半监督式的，但更常见的是无监督式的。在一般情形下，聚集并不一定意味着风险；但对于金融这种社交属性很弱的场景来说，聚集往往意味着风险。\n\n![img](https://p3-juejin.byteimg.com/tos-cn-i-k3u1fbpfcp/2e6ab4b302994c72a4208d616df5204c~tplv-k3u1fbpfcp-zoom-in-crop-mark:4536:0:0:0.awebp)\n\n对于一个好的社区发现结果，我们希望每个社区内部节点联系紧密，而社区之间的连接较为稀疏，因此定义模块度（Modularity）来衡量社区的紧密程度，用Q表示。模块度可以简单理解为社区内部节点的连接边数与随机情况下边数的之差，值越大越好。模块度的定义并不是唯一的。\n\n以最大化全局模块度Q为目标，就有了经典的Louvain算法。Louvain分为两个阶段并且循环往复：\n\n第一个阶段遍历网络中的节点，将各个节点分配到相邻社区使得模块度增益最大，直到所有节点都不再变化；\n\n第二个阶段将生成的社区看作一个新的节点，边的权重重新计算为两个新的节点内所有原始节点的权重之和。\n\n重复这两个阶段直到整个图的模块度稳定。\n\n**2）标签传播**\n\n是基于关联图谱的半监督学习方式。主要目的是利用已标记的节点去预测为标记的节点的标签。在标签传播的过程中，各个节点根据周围节点标签的加权来更新自己标签的概率分布，当所有节点的概率分布趋于稳定之后停止更新。\n\n标签传播算法也可以被用于社区划分，初始需要假设每个节点都各属于独立的类别。\n\n![img](https://p3-juejin.byteimg.com/tos-cn-i-k3u1fbpfcp/2551315a43394f3fb994fceadcfe48ed~tplv-k3u1fbpfcp-zoom-in-crop-mark:4536:0:0:0.awebp)\n\n**3）节点中心度**\n\n在网络中，越是活跃或趋于网络中心的位置的人，在网络中的重要性越高。在社交网络中，活跃的节点通常意味着更强的社交能力；但在风控领域，活跃的节点通常意味着较大的风险。\n\n![img](https://p3-juejin.byteimg.com/tos-cn-i-k3u1fbpfcp/e2cd1d88528a40448d4874bc26eab61b~tplv-k3u1fbpfcp-zoom-in-crop-mark:4536:0:0:0.awebp)\n\n计算该类中心度的图算法有PageRank、Laplacian Centrality 等等。其中，PageRank算法作为计算互联网网页重要度的算法被提出，如图所示，图中节点代表网页，箭头代表超级链接，百分比的大小代表网页的重要程度。PageRank值依赖于网络的拓扑结构，一旦网络的拓扑(连接关系)确定，PageRank值就确定。\n\n**4）图嵌入和图神经网络。**\n\n图嵌入旨在通过学习图的结构或节点之间的邻接关系，对节点进行编码，将所有节点映射为等维度的向量，使其能够方便地应用于下游的聚类、分类等任务。\n\n图嵌入属于无监督学习算法，常见的图嵌入算法包括DeepWalk和Node2Vec等，前者的主要思想是通过随机游走生成节点序列，然后采用类似Word2Vec的计算方法，计算节点的嵌入式表示；后者是对前者的优化。\n\n![img](https://p3-juejin.byteimg.com/tos-cn-i-k3u1fbpfcp/2afb4f5a9fa74efb8e4351fa94f780c8~tplv-k3u1fbpfcp-zoom-in-crop-mark:4536:0:0:0.awebp)\n\n图嵌入有以下几点不足：\n\n**1）节点表示学习过程中，没有共享的参数。**\n\n因为训练过程中，其参数的学习与网络的节点数量相关。\n\n**2）图嵌入算法训练过程中，图嵌入利用图的拓扑结构信息为节点训练表示，没有考虑节点的属性信息。**\n\n**3）图嵌入算法属于直推式学习，而非归纳式学习。**\n\n因而其要求所有节点在训练学习期间存在，因此，不适用于图中节点不断变化的动态图。\n\n在这之后，受于卷积神经网络在图像处理取得巨大成功的启发，加上图嵌入的思想，图嵌入算法逐渐过渡到图神经网络时代，涌现出一大批优质的图神经网络模型，在工业界大放异彩。\n\n从此，基于神经网络的图嵌入算法不再仅仅局限于节点的邻接信息，而开始将节点本身的特征纳入模型考量，并逐渐从静态的直推式(transductive) 学习向动态的归纳式 (inductive) 学习演变，无论是拟合能力还是泛化能力，都大大提升。\n\n图神经网络的主要思想，是聚集某节点邻居的特征信息，并通过聚合函数学习该节点的embedding。图神经网络的最大贡献是将卷积计算扩展到图数据中，使卷积神经网络可以应用到“不规整”的数据结构上。所谓“不规整”，指的是在图中一个节点可以有任意多个邻居节点；而在图像中，一个节点的邻居节点数目是固定的，例如当采用3╳3的卷积核时，中间的节点一定有8个邻居节点。\n\n![img](https://p3-juejin.byteimg.com/tos-cn-i-k3u1fbpfcp/93057d58914946f2acde4a7aaee06e70~tplv-k3u1fbpfcp-zoom-in-crop-mark:4536:0:0:0.awebp)\n\n由于可解释性、计算复杂度等限制，图神经网络尚未被广泛地应用于业务安全领域。\n\n关于关联网络技术在实际业务中的应用案例，后续可关注顶象视频号获取，这里就不再赘述。\n\n最后再给大家简单介绍下顶象业务安全大讲堂。\n\n顶象业务安全大讲堂汇集了业内大咖，分享万亿级业务安全攻防经验，打造时下最专业的业务安全直播课，通过“技术+方案+实践”三大核心专题，带您全面了解金融、互联网、航旅出行、跨境电商以及目前大热的NFT等各类业务风险及防范手段，深入解析背后的产品技术，抽丝剥茧攻防实战，助您打造零风险的数字业务。\n\n![img](https://p3-juejin.byteimg.com/tos-cn-i-k3u1fbpfcp/960650b634574b4ab7f3ca7168541107~tplv-k3u1fbpfcp-zoom-in-crop-mark:4536:0:0:0.awebp)\n\n', 'https://p1-juejin.byteimg.com/tos-cn-i-k3u1fbpfcp/5395808039194d98b5bbe27018105f9b~tplv-k3u1fbpfcp-zoom-crop-mark:1512:1512:1512:851.awebp?', 1, NULL, 0, 0, 0, '[4]', 1011, '2023-03-13 11:56:32', '2023-03-13 11:58:09', 0, '直播回顾|关联网络如何反团伙欺诈——标准答案版');
INSERT INTO `post` VALUES (79, '平日里看到诈骗，我都是一概忽略，如今发生在身边，不得不引起我的关注，也让一直在更文的我，想要曝光这次事件，一来，希望能引起媒体重视，有一些舆论压力，警方能更快破案，同事也能安心一些。二来，诈骗案件我在网上看到类似的有很多，想着作为自媒体人，也要尽自己的一份力量，传播出去，让更多的人重视，尤其是在校大学生，以及初入职场的小年轻们。', '今天，也就是 4 月 7 日，发生在我身边一件大事，和我同一部门的同事被一名冒充京东金融的诈骗团伙累计诈骗 14 万。\n\n平日里看到诈骗，我都是一概忽略，如今发生在身边，不得不引起我的关注，也让一直在更文的我，想要曝光这次事件，一来，希望能引起媒体重视，有一些舆论压力，警方能更快破案，同事也能安心一些。二来，诈骗案件我在网上看到类似的有很多，想着作为自媒体人，也要尽自己的一份力量，传播出去，让更多的人重视，尤其是在校大学生，以及初入职场的小年轻们。\n\n### 详细记录诈骗全过程\n\n同事是一名 IT 从业人员，具体信息就不透露了，毕业两年多，北漂党，家庭条件一般，农村，可以说这次被骗，对他来说打击比较大。\n\n我也想通过记录整件事情的经过，能多帮助他一点。\n\n下面是讲述整个诈骗过程，可能你觉得本次诈骗疑点很多，但是也有不少人缺乏这种防范意识。\n\n下文中我将称呼同事为小 A。\n\n**电话谎称京东金融客服说明注销缘由**\n\n2020 年 4 月 6 号，星期一，下午 3 点 51 分，小 A 接到一谎称自己是京东金融客服中心的陌生男子电话，说其主要负责校园类京东账户注销业务。\n\n\n\n![img](https://p1-jj.byteimg.com/tos-cn-i-t2oaga2asx/gold-user-assets/2020/4/8/1715601f4cd3cb45~tplv-t2oaga2asx-zoom-in-crop-mark:4536:0:0:0.image)\n\n\n\n询问小 A 的京东账户是否是在校期间注册的，声称京东金融为响应国家网络征信要求，在校期间注册的账户，学生毕业后需要注销，原来的账户是针对在校生的，毕业后应该更新信息为社会类账户，这样才不会影响继续使用。\n\n男子说注销流程不是 App 上面的简单的账户注销，是人工后台对账户信息进行更正，注销完成后不影响京东购物以及京东金融使用，只需要花 20 分钟就可以完成注销，如果不完成注销，会影响以后白条、金条等借贷服务的使用。\n\n叫小 A 加上人工客服 QQ，一对一完成注销流程，全程保持语音通话畅通，系统会录音。\n\n**发证件证明是京东金融客服身份**\n\n\n\n![img](https://p1-jj.byteimg.com/tos-cn-i-t2oaga2asx/gold-user-assets/2020/4/8/1715601f511dbab7~tplv-t2oaga2asx-zoom-in-crop-mark:4536:0:0:0.image)\n\n\n\n\n\n![img](https://p1-jj.byteimg.com/tos-cn-i-t2oaga2asx/gold-user-assets/2020/4/8/1715601f4cbdb1fd~tplv-t2oaga2asx-zoom-in-crop-mark:4536:0:0:0.image)\n\n\n\n客服随即在 QQ 上给小 A 发了京东金融授权证书和京东商城工作证，京东金融授权证书上面详细介绍了京东金融注销中心所受理业务，并证明其合法性。工作证上详细写明姓名，部门，工号等信息，如果稍微不注意，就会信以为真。\n\n**核实京东白条额度信息**\n\n紧接着客服让其打开京东金条页面，发送截图，需要核实双方额度信息是否一致。\n\n\n\n![img](https://p1-jj.byteimg.com/tos-cn-i-t2oaga2asx/gold-user-assets/2020/4/8/1715601f57089854~tplv-t2oaga2asx-zoom-in-crop-mark:4536:0:0:0.image)\n\n\n\n对方之后又发送一张说是后台信息的截图，截图上的数值和我的金条额度相同，名字也是小 A 本人的名字。\n\n客服发送的截图内容显示有：\n\n收款理由：注销学生账户领取清空回收关闭通道（请勿私自非法占用以免产生利息）\n\n账单分类：注销专用资金，无需本人偿还。\n\n详细讲述了这张图是京东后台的截图，并且日期也是当天，并且强调这是注销专用资金，无需本人偿还，让人放心。\n\n\n\n![img](https://p1-jj.byteimg.com/tos-cn-i-t2oaga2asx/gold-user-assets/2020/4/8/1715601f57c6ae5b~tplv-t2oaga2asx-zoom-in-crop-mark:4536:0:0:0.image)\n\n\n\n对方要求小 A 先完成金条额度提现，小 A 便提现了京东的 3.6W 额度。\n\n\n\n![img](https://p1-jj.byteimg.com/tos-cn-i-t2oaga2asx/gold-user-assets/2020/4/8/1715601f5a5a244b~tplv-t2oaga2asx-zoom-in-crop-mark:4536:0:0:0.image)\n\n\n\n看到小 A 提现之后，便提供了一个转账银行账户谭文志，提示让他转账，提到需要转账到银行账户时，他本能的有点犹豫，客服察觉到了什么，马上用语音打断小 A 的思考，便提醒小 A ，系统检测到本次注销账号操作已经超时，谭文志的账户不能用于转账了，又分配了第二个账号林奇星，提醒小 A 不要再超时，赶快完成操作，否则又得等待系统刷新，这会延长客服时间。提示小 A 可以直接复制、粘贴的，方便又不出错。\n\n\n\n![img](https://p1-jj.byteimg.com/tos-cn-i-t2oaga2asx/gold-user-assets/2020/4/8/1715601f844afdeb~tplv-t2oaga2asx-zoom-in-crop-mark:4536:0:0:0.image)\n\n\n\n\n\n![img](https://p1-jj.byteimg.com/tos-cn-i-t2oaga2asx/gold-user-assets/2020/4/8/1715601f859834dc~tplv-t2oaga2asx-zoom-in-crop-mark:4536:0:0:0.image)\n\n\n\n**3 次诈骗全经过**\n\n对方要求通过京东金融转账，说转账完成后，就完成了京东金条的注销部分，就这样对本人实施第一笔 3.6W 的金条额度提现诈骗。\n\n客服说京东最高转账额度是 2W，分 2 次转，第一次转 2W 并且垫付了 15，第二笔因为多了服务费，就少交了 30 元的服务费，并声称注销完成后会将垫付的差额退回。\n\n\n\n![img](https://p1-jj.byteimg.com/tos-cn-i-t2oaga2asx/gold-user-assets/2020/4/8/1715601f89d11caa~tplv-t2oaga2asx-zoom-in-crop-mark:4536:0:0:0.image)\n\n\n\n小 A 转完帐后，对方发来人工审核结果，并且详细展示了当前注销账户进度。之后又发来两张截图，声称后台显示还未完成注销，账户与微博以及支付宝还有绑定，发给小 A 一张与微博和支付宝存在绑定的截图，需要继续完成额度提现以及财务回收流程。\n\n\n\n![img](https://p1-jj.byteimg.com/tos-cn-i-t2oaga2asx/gold-user-assets/2020/4/8/1715601f8ab8b36c~tplv-t2oaga2asx-zoom-in-crop-mark:4536:0:0:0.image)\n\n\n\n因此小 A 进行了第 2 笔 4W 的借呗额度提现诈骗。第一次借了 2W，截图给客服，客服说先转 13800，扣除手续费 20.7。因为客服知道小 A 借呗额度是 4W，还差 2W，又让其提现了 2W，转账 26200，合着第一次转账，总共 13800+26200=40000。\n\n\n\n![img](https://p1-jj.byteimg.com/tos-cn-i-t2oaga2asx/gold-user-assets/2020/4/8/1715601f929acae2~tplv-t2oaga2asx-zoom-in-crop-mark:4536:0:0:0.image)\n\n\n\n\n\n![img](https://p1-jj.byteimg.com/tos-cn-i-t2oaga2asx/gold-user-assets/2020/4/8/1715601f99d6f8ef~tplv-t2oaga2asx-zoom-in-crop-mark:4536:0:0:0.image)\n\n\n\n微博借钱认证很长一段时间不成功，对方说可以让小 A 用银行卡里的钱垫付 2W，并且操作完成之后会退还，后台收到到账后可以直接跳过认证这一步，先把系统流程更新一下，于是从自己的卡里给对方转账 2W 用于垫付。\n\n\n\n![img](https://p1-jj.byteimg.com/tos-cn-i-t2oaga2asx/gold-user-assets/2020/4/8/1715601fc2eff4ce~tplv-t2oaga2asx-zoom-in-crop-mark:4536:0:0:0.image)\n\n\n\n这一步之后，微博的 5W 额度到账，就这样，小 A 再次提现 5W，分 5 次转账。\n\n\n\n![img](https://p1-jj.byteimg.com/tos-cn-i-t2oaga2asx/gold-user-assets/2020/4/8/1715601fc7b49235~tplv-t2oaga2asx-zoom-in-crop-mark:4536:0:0:0.image)\n\n\n\n对方还不收手，说小 A 京东账户后台显示与小米金融、美团借钱还存在绑定，小 A 突然惊醒这是一个无底洞，前前后后已被这个大型的诈骗集团诈骗 14.6W，此时是下午 7 点 35 分，就即刻拨打北京 110 报警，到顺义光明派出所立案，警察先完成对诈骗银行账户的冻结，笔录完成后叫先回去，等接下来的消息。\n\n在完成一系列新的信息录入后，警察同志叫小 A 先回去，等候接下来的通知。小 A 好奇的问了一下警察同志，能否找回被骗钱，警察同志说：“我们已经通过公安系统冻结了你转账过去的账户，到底能不能找回，只能看被冻结的账户里面目前还有没有钱”。\n\n而且小 A 中午看到自己 QQ 空间的一条动态，同一所大学的学弟也被这个谎称是京东金融客服的诈骗集团实施过诈骗。\n\n本次诈骗过程中，客服先将京东的信息暴露，并且将小 A 的信息一五一十的交代得非常清楚，并且小 A 全程都没有暴露过自己的信息，让其误以为对方就是京东客服。客服一直催，说要尽快完成操作，不然系统要刷新，并且整个流程都让小 A 觉得借的钱是京东的，转账只是走个流程，其实自己并没有损失钱财，造成这种错觉。\n\n### 分析此次案件的疑点\n\n针对小 A 此次案件，我们来分析下有哪些疑点\n\n**1**：来电电话属于私人电话，官方客服人员不会私下联系客户\n\n**2**：发证件，让我觉得有点此地无银三百两，你是京东客服，还要发证明来证明吗？都没有人怀疑，自己先漏出马脚来，而且发的图片甚是模糊。\n\n全国学生资助管理中心发出 2020 年第 1 号预警：声称贷款账户需要注销是新的诈骗手段。值得注意的是，骗子的诈骗对象中，有的是办理过贷款的，有的没有办理过。即使过往没有网络借贷经历，骗子也会称消费者的身份信息被盗用，有贷款记录，需要配合注销，否则会影响个人征信。\n\n**3**：其实看到这里，我就想说，已经很明显了，作为一个互联网从业者，这些图片是真是假，其实一眼就能辨别，京东金融和支付宝和微博有什么关系？这都能扯在一起？\n\n**4**：对方在整个过程中不断的催促受害者尽快完成，让其来不及思考，整个操作过程都在语音，让其无法求助。\n\n**5**：一般，企业的转账账户都是固定不变的，此次案件中，客服竟然声称受害者操作太慢，系统超时，系统会重新分配转账账户，并且催促受害者尽快完成转账流程，以免再次刷新，浪费时间。\n\n据了解，类似以“注销网贷账户”诈骗案件近期有增多趋势，除了要求受害者借贷京东白条、金条资金外，还有蚂蚁花呗、借呗、美团、滴滴等。受骗对象以毕业大学生、职场新人为主。\n\n### 网络上存在大量类似诈骗\n\n很多事情，可能事后会觉得其实骗子的行骗手段一般，但是作为当事人，在没有人协助的情况下，很难识破骗局，只能平时多多留意，多关注一些法制信息。\n\n在写这篇文章的时候，我也在网上搜「**京东金额诈骗**」关键词，出现很多起，而且就是在近期，最早看到的诈骗案是在 3 月 1 日。\n\n\n\n![img](https://p1-jj.byteimg.com/tos-cn-i-t2oaga2asx/gold-user-assets/2020/4/8/1715601fca9f576b~tplv-t2oaga2asx-zoom-in-crop-mark:4536:0:0:0.image)\n\n\n\n\n\n![img](https://p1-jj.byteimg.com/tos-cn-i-t2oaga2asx/gold-user-assets/2020/4/8/1715601fda65934e~tplv-t2oaga2asx-zoom-in-crop-mark:4536:0:0:0.image)\n\n\n\n看到如此多的人受骗，大多数为毕业大学生、职场新人，他们大多都没有太多社会阅历，并且资金也不充足，一次诈骗，可能会影响今后的发展以及心态，希望本次的长文能够帮助其传播，能让大家注意身边的骗局，更多的希望大家能帮助传播，让受害者能找回损失的钱财。\n\n### 如何预防诈骗\n\n1. 一旦接到此类自称网贷平台工作人员的电话，一定要提高警惕，对于存疑的事项，要登陆官方平台或向官方客服咨询。\n2. 平时要保管好个人信息，不要为了蝇头小利交出自己宝贵的个人信息！涉及到身份证号、验证码、银行卡号和密码等信息，一律保密！千万不要把自己的银行卡密码、动态验证码提供给陌生人，切记切记！！！一旦出现索要验证码或是以任何理由要求转账的行为都可以直接将其 “拉黑”。\n3. 贷款并不需要交保证金、做银行流水账，一旦遇上了,一定是假的!\n4. 不要随意在网络上申请贷款，不要随便在网络上提供个人信息，更不要相信网页广告那些所谓的正规贷款APP，虽然这些 APP 看上去和正规渠道一样，但其实是一个不折不扣的 “陷阱”。只要你点进去输入个人资料,就会造成个人信息泄露，还有就是在拿到贷款之前，会被人要求提前支付利息、手续费、资料费等等，而正规贷款是不需要你缴纳任何费用的。\n5. 接到凡是主动给你贷款的陌生电话，一定要提高警惕！不要相信，因为他们都是骗子。如果不幸被骗，保存好相关材料，立刻报警！\n\n作者：随时学丫\n链接：https://juejin.cn/post/6844904117521891341\n来源：稀土掘金\n\n', 'http://cdn.haoyang666.fun/school/person/1011/img-3.jpg', 1, NULL, 0, 0, 0, '[4]', 1011, '2023-03-13 12:04:09', '2023-03-13 12:04:20', 0, '诈骗团伙冒充京东金融客服来注销账号，25岁职场小伙3次转账超过3万，累计被骗14万，警方立案在线等结果，急......');
INSERT INTO `post` VALUES (80, '在今日之中国，李笑来是个大名人。中国比特币首富；得到APP“财富自由之路”专栏作家；天使投资人；\n艾德睿智国际教育咨询创始人；虚拟货币交易平台云币网创始人；', '原文链接： [tech.ifeng.com](https://link.juejin.cn/?target=http%3A%2F%2Ftech.ifeng.com%2Fa%2F20170906%2F44673264_0.shtml)\n\n在今日之中国，李笑来是个大名人。\n\n中国比特币首富；\n\n得到APP“财富自由之路”专栏作家；\n\n天使投资人；\n\n艾德睿智国际教育咨询创始人；\n\n虚拟货币交易平台云币网创始人；\n\n……\n\n![img](https://p1-jj.byteimg.com/tos-cn-i-t2oaga2asx/gold-user-assets/2017/9/6/a4969beab311fdf6c6eb94beecd6b5b8~tplv-t2oaga2asx-zoom-in-crop-mark:4536:0:0:0.image)\n\n李笑来\n\n可惜，在我看来，李笑来与“雕爷牛腩”的那个雕爷，是我在中国这一大批新商业名人里，最恶心的两位——堪比陈安之和翟鸿燊。\n\n因为，他们纯粹的通过忽悠概念而收取大众的智商税。\n\n当然，恶心归恶心，只要有人愿意被收割，人家能收到智商税，关我屁事！\n\n但是，直到央行等7部门联合发布《关于防范代币发行融资风险的公告》（下文简称“《公告》”），我这才能把李笑来与金融诈骗对上号。\n\n《公告》里明确说明：代币发行融资（ICO），“本质上是一种未经批准非法公开融资的行为，涉嫌非法发售代币票券、非法发行证券以及非法集资、金融诈骗、传销等违法犯罪活动。”\n\n《公告》里继续要求：“本公告发布之日起，各类代币发行融资活动应当立即停止。已完成代币发行融资的组织和个人应当做出清退等安排，合理保护投资者权益，妥善处置风险。\n\n与李笑来能对上号的，是他自称创立的数字货币EOS（区块链操作系统）项目和Press.One项目。\n\n2017年6月底，李笑来的第一个ICO项目EOS白皮书问世，尽管面临种种质疑，但EOS短短五天内融到了1.85亿美元。2017年7月2日，EOS的整体市值达到了近50亿美元——有人称之为“价值50亿美元的空气”。\n\n必须强调的是，这1.85亿美元绝大部分来自国人的集资，正如《公告》所说，涉嫌非法发售代币票劵、涉嫌非法集资、金融诈骗……\n\nEOS币在7月3日达到最高点36.58元后，便开始一路的下跌，截止8月29日，EOS币的成交价已经跌到了8.74元，相比最高点下跌了76%——不难想象，李笑来成功套-现多少亿资金！\n\n![img](https://p1-jj.byteimg.com/tos-cn-i-t2oaga2asx/gold-user-assets/2017/9/6/052e79d5b6076158a1b6a971ec94a529~tplv-t2oaga2asx-zoom-in-crop-mark:4536:0:0:0.image)\n\n李笑来\n\n作为一个存心的诈骗人，李笑来的贪心绝不仅仅这一点。\n\n在EOS融资仅仅几天之后，7月10日，李笑来宣布了另一个更具争议的ICO项目——Press.One项目的融资。\n\n相比EOS，PressOne更让人难以理解，因为这一次根本没有白皮书，仅在官网有几百字的介绍——项目方给出的理由是：\n\n“不提供那个，即使提供了也没多少人看得懂，甚至没几个人看的东西。”\n\n可见，PressOne项目的金融诈骗，李笑来连一纸白皮书都懒得写了！\n\n根据PressOne官网放出的发售通知，据说李首富将发售220亿PressOne币，而其中100亿枚通过众筹完成，价值2亿美金——他自己仍然控股120亿枚。\n\n在诈骗之前，著名天使投资人薛蛮子，在微博上晒出跟李笑来的合影，笑的很开心的样子，并附上：“我终于找到争取财富自由之路啦！”\n\n李笑来点赞此条微博。\n\n![img](https://p1-jj.byteimg.com/tos-cn-i-t2oaga2asx/gold-user-assets/2017/9/6/9a7a55c26a51db0b4cadb42b935581c3~tplv-t2oaga2asx-zoom-in-crop-mark:4536:0:0:0.image)\n\n薛蛮子微博\n\n嗯，李笑来在得到App的课程，名字就叫做“通往财富自由之路”，无数人被收智商税（必须要进行说明的是，得到APP上有些专栏我还是相当认可的，比方万维钢的专栏）。\n\n也许是觉得公众太傻逼了，太好骗钱了，李笑来和薛蛮子开始戏弄大众。\n\n于是，他们共同站台一个宣称以草泥马为本位而的马勒戈币，仅仅只有一个概念（具体见我昨天的文章）。更让人没想到的是，真有人愿意为这个ICO项目出钱，有了李笑来和薛蛮子站台，以草泥马为本位而的马勒戈币，成功实现融资1500万元人民币！\n\n![img](https://p1-jj.byteimg.com/tos-cn-i-t2oaga2asx/gold-user-assets/2017/9/6/42f6ff5cba2d7a4b71214f681328aa65~tplv-t2oaga2asx-zoom-in-crop-mark:4536:0:0:0.image)\n\nmlgb项目\n\n我一开始提到，特别恶心李笑来和雕爷，为什么？\n\n因为，这两个人都在出名之后，极度蔑视公众的智商和判断力——\n\n由此，在社会上不断的花样秀着自己骗钱的能力！\n\n在极度蔑视公众的智商和判断力的同时，诈骗者们却都很会保护自己！\n\n这不，央行的《公告》刚一出来，李笑来立即开始撇清自己与ICO的关系：\n\n9月5日凌晨，ICO项目EOS发布公告，撇清了李笑来与EOS项目的关系：李笑来与EOS项目无关，并非项目联合创始人、董事或高级人员；\n\n此外，EOS项目团队同时宣布，因中国对ICO的监管政策发生变化，EOS项目今后将不再接受中国公民的购买，购买协议将做无效处理。\n\n卧槽，当初谁特么知道EOS是个什么鬼玩意儿，不就是你李笑来公开声称你自己创立了数字货币EOS（区块链操作系统）项目，你还顶着比特币首富的光环，要不然EOS代币怎么可能5天利用比特币融资1.85亿美元？\n\n诈骗犯们都是一个样：骗到钱之后，说自己和骗局没有任何关系！\n\n更何况，这已经不是李笑来第一次和别人配合演双簧了——\n\n当初，一个叫杨曜睿的比特币矿机出售商接受腾讯新闻采访的时候，说自己的ASICME矿机被比特币首富李笑来投资，随后，李笑来和杨曜睿一起参加了“品玩比特币”的圆桌沙龙，两人互动亲密——这场默认，为杨的矿机引来了成千上万的订单，狠狠的捞了一笔。\n\n然而，当四个月之后，杨曜睿的矿机不能按时交付遭遇比特币行业挖矿人群痛骂的时候，李笑来突然出来澄清，说自己并没有投资杨曜睿，而杨曜睿也在淘宝店撤下所有有关李笑来的宣传语——最后干脆一跑了之，被骗的矿机购买人都只能自认倒霉！\n\n被李笑来收割的韭菜们，面对出尔反尔的李首富，你们是怎么想的呢？\n\n在查遍网络上有关李笑来的资料之后，路财主现在开始怀疑，即便是“李笑来”这三个字的名字，都很有可能是假的！\n\n根据网络资料，1997年，李笑来任职沈阳博盛科技有限公司总经理——这是李笑来这个名字，第一次出现在网络之中；\n\n2001年-2008年，李笑来入职新东方教育集团，任职国外部高级教师，著有《TOEFL核心词汇21天突破》等英语辅导类书籍，据说销量不错；\n\n2008年，李笑来创立艾德睿智国际教育咨询有限公司，不知道干了什么；\n\n2013年，李笑来创立比特基金，据说专注于互联网相关领域的天使投资。\n\n![img](https://p1-jj.byteimg.com/tos-cn-i-t2oaga2asx/gold-user-assets/2017/9/6/86c19cee0d58df0d17f4083d1aca6105~tplv-t2oaga2asx-zoom-in-crop-mark:4536:0:0:0.image)\n\n李笑来\n\n不过，截止到2014年之前，没有几个人知道李笑来。\n\n为了博出位和出名，李笑来宣称，他是互联网名人罗永浩是发小，而且两人还同为新东方的前同事；\n\n为了博出位和出名，长春大学毕业的李笑来，2013年宣称把自己的著作《把时间当作朋友》一书稿费捐赠给北京大学，设立“把时间当作朋友”奖学金；\n\n为了博出位和出名，在当年的芦山地震中，他宣布要用比特币募捐善款，据说将募集到的比特币兑换为人民币，捐赠给受灾地区……\n\n就这样，通过贴名人、贴名校、贴热点事件的方式，李笑来有了一点名气。\n\n李笑来的真正出名，是在2015年之后的事情了。\n\n在比特币经过连续大涨之后，一个叫李笑来的前新东方老师突然跳出来宣布，他是中国的比特币首富——因为，他在比特币1美元的时候买了大量的比特币……\n\n卧槽，这特么谁啊，这么有先见之明？\n\n噢！原来是罗永浩的发小，还是他同事——\n\n罗永浩这么牛逼，怪不得李笑来也这么牛逼！\n\n回过头来再一查，人家李笑来在2013年已经创立比特基金，专门从事互联网领域的天使投资，打开网址一看，人家还是全英文的……\n\n![img](https://p1-jj.byteimg.com/tos-cn-i-t2oaga2asx/gold-user-assets/2017/9/6/f30e743dddcc212622e12cac7c2b88cf~tplv-t2oaga2asx-zoom-in-crop-mark:4536:0:0:0.image)\n\n详情\n\n牛啊，得，要关注比特币，一定要关注李笑来。\n\n实际上，鬼才知道李笑来的比特基金和比特币有什么关系，也从来没有什么能够证明，李笑来是全中国拥有比特币最多的人，所以可以自称“比特币首富”——从他捞钱那贪婪不顾吃相的样子，很难相信这人有“首富”的耐心，能持有比特币好几年。\n\n在有了不小的名气之后，李笑来开始到处走穴。\n\n2015年，互联网领域风头最劲的，是罗振宇的“罗辑思维”视频和微信公众号。\n\n不知怎的，李笑来和罗振宇勾搭上关系，到了2016年罗振宇的“得到APP”上线的时候，李笑来成为第一批入驻“得到app专栏”的作家，专栏名称就叫“通往财富自由之路”。\n\n![img](https://p1-jj.byteimg.com/tos-cn-i-t2oaga2asx/gold-user-assets/2017/9/6/b0493157eb66ba3897a862b23ea8ca9b~tplv-t2oaga2asx-zoom-in-crop-mark:4536:0:0:0.image)\n\n通往财富自由之路\n\n嗯，李笑来本人通过这一系列名气炒作，确实正迈向财富自由之路。\n\n不仅在得到上写专栏，李笑来还去知乎上做讲座，到处拿书送人，俨然一个已经“实现财富自由”的首富，给年轻人无私传授财富自由之路经验，致力于让一部分知识分子先富起来……\n\n别人有没有先富我不知道，但李笑来自己的确是慢慢先富起来了。\n\n拿着“比特币首富”的名头，他在知乎Live上做讲座，赚了一笔钱，回来之后，李笑来自己马上就仿造着知乎live做了一个问答APP，自己赚钱；\n\n拿着“比特币首富”的名头，打着“财富自由之路”的幌子，他在“得到APP”上的专栏订阅，又变现几百万乃至几千万元；\n\n拿着“比特币首富”的名头，李笑来建立了收费群，有人说他自己吹嘘，从收费群里得到的直接收入就高达2000万……\n\n可惜，几千万元的财富级别，在努力实现“财富自由”的李笑来看来，都特么太少太少了！\n\n终于等到你，还好没忘记——ICO！\n\n伴随着2016年下半年以来全球ICO的狂热，自称比特币首富的李笑来，自然成为各个虚拟币发行中名人站台的香饽饽——\n\n仅2017年以来，李笑来本人参与的ICO项目，比较知名的就有公信宝，量子链，菩提，EOS，ico.info，big.one，press.one，Oraclechain等……\n\n根据国家互联网金融安全技术专家委员会发布的报告，截止到2017年7月，整个ICO项目融资折合成人民币大约有26亿元左右——根据李笑来参与的情况，这26亿元中至少有1/3以上都被李笑来及其相关人员获得。\n\n![img](https://p1-jj.byteimg.com/tos-cn-i-t2oaga2asx/gold-user-assets/2017/9/6/46b37cb3c92b2340f6818d2b6b35403d~tplv-t2oaga2asx-zoom-in-crop-mark:4536:0:0:0.image)\n\n资料\n\n不妨拿李笑来自己发行的那个EOS币，来看看他如何实现“财富自由之路”。\n\nEOS币ICO众筹的是以太币（ETH），但项目却规定，美国籍人士无法参与——因为，美国金融监管最为严厉，而且美国有能力全球追债，骗了美国人，吃不了兜着走，李笑来很精明的先撇开了美国人。\n\nEOS币团队号称进行长达365天的ICO，目的很简单，以吸引最多的韭菜为目的，其实就是利用众筹来的ETH无成本地循环操纵EOS价格——不但剪韭菜，而且还用韭菜的钱和币来反复剪韭菜。\n\n具体怎么做的呢？\n\nEOS首轮ICO发布了2个亿的EOS，筹集了大约600多万ETH（以太币），此后每天发布200万个EOS——\n\n这样一来，EOS团队坐庄不要太容易哦，他们自己可以拿首批募集的这600万以太币想拉升EOS就拉升，想砸盘就砸盘，任何一天新进入EOS体系以太币都被绑架，新进来参与EOS众筹的以太币越多，EOS团队的操盘就越容易，而且是负成本，无限收益……\n\n实际上，在EOS暴跌之前一段时间，每天也就筹到几千个以太币而已，但在最后一小时，总是会出现2万个以上巨量以太币进入，把EOS的价格拉起来，让EOS保持在某一个价格之上，用来忽悠新的韭菜进入……\n\n是的，这就是李笑来的“财富自由之路”——\n\n而且，这还是李笑来在ICO初期已经卷走10多亿人民币之后的“财富自由之路”！\n\n……\n\n要知道，同样是新东方老师出身的罗永浩，人家也是卖知识、卖情怀、卖得到专栏，但人家至少还是辛辛苦苦的在写，还是实实在在苦哈哈的做手机，至今融资加起来不足2亿美元——而PressOne，一个不知所云的项目，白皮书都懒得写，相当于一个屁，竟然要募集2亿美元……\n\n真不知道这个市场有多疯狂！\n\n以路财主的脑子在想，你特么不一开始就是“比特币首富”么？\n\n从比尔盖茨到巴菲特，从李嘉诚到马云，哪怕是最近走得很是不顺的国民公公王健林，哪一个是像你这样獐头鼠目的首富，哪一个有你这样今天狠捞一把然后立即就决定明天要再狠狠捞一把的首富？不讲信用、不择手段的实施集资诈骗，还真好意思称首富！\n\n现在，在诈骗了中国民众1.85亿美元之后，EOS团队宣称，这个项目和李笑来没有什么关系，而且不再允许中国人参与众筹……\n\n李笑来，你们可真特么的够绝啊！\n\n从我的角度来说，那些被李笑来骗的人，也并不值得同情，迷信什么骗子告诉你的“通往财富自由之路”——当初又是谁把这种收割机当神来供着的？\n\n再想想当年吃下雕爷200元一碗牛腩面的人，何其相似？\n\n![img](https://p1-jj.byteimg.com/tos-cn-i-t2oaga2asx/gold-user-assets/2017/9/6/8bd1d42cbed6b3ca374abbc843561858~tplv-t2oaga2asx-zoom-in-crop-mark:4536:0:0:0.image)\n\n无论是李笑来还是雕爷，他们归根结底灌输给你的只有一个理念，就是让你自己觉得你自己很聪明、很不一样、很有特点，别人都是错的，只有你自己的选择都是对的——\n\n如果错了，那是你学习不够深入的原因，你需要再付费更加深入的学习……\n\n参与李笑来ICO项目中，陪着李笑来一起割到韭菜的人，自然是心里乐开了花，而更多亏钱的人醒悟过来，开始骂李笑来，但一开始你心里想的是什么呢？\n\n这世界上，太多人智商欠费却贪婪四溢，急需充值。\n\n根据网友总结，关于李笑来，有以下几个值得注意的事实：\n\n1）他说他自己是拥有比特币最多的人，是比特币首富，但从未有人见过；\n\n2）他现在虽然发了大财，但并非靠比特币升值，事实上，自始自终，他在币圈里唯一的资源是“比特币首富”这个标签，他在用这个标签实施诈骗活动；\n\n3）用“比特币首富”这个标签，李笑来卖卖收费课程，吹嘘吹嘘他的通往财富自由之路，挣个几百万、一两千万并非难事——可惜，这远远不能满足他的贪婪，草泥马的马勒戈币他都要参与，可见硕鼠之贪；\n\n4）如果说ICO开始并非骗人，但中国的ICO演变成纯粹的集资诈骗和庞氏骗局，首要责任人非李笑来莫属，几乎整个虚拟币圈子的韭菜收割，他都要参与一把，他一个人拿到了ICO币圈1/3以上的收入仍不满足，正是在他的强力抽血之下，ICO迅速演变成大规模的集资诈骗行为；\n\n5）如果李笑来不能把他集资过的所有人的资金（或比特币、以太币）全部清退，那么他已经触犯法律，是一个确定的非法集资诈骗嫌疑犯！\n\n最后，强烈建议金融监管部门调查李首富是否涉及ICO集资诈骗。[![img](https://p1-jj.byteimg.com/tos-cn-i-t2oaga2asx/gold-user-assets/2017/9/6/bb3e44a86d3a6dd5c31637469b2734b0~tplv-t2oaga2asx-zoom-in-crop-mark:4536:0:0:0.image)](https://link.juejin.cn/?target=http%3A%2F%2Fwww.ifeng.com%2F)', 'https://p1-jj.byteimg.com/tos-cn-i-t2oaga2asx/gold-user-assets/2017/9/6/f30e743dddcc212622e12cac7c2b88cf~tplv-t2oaga2asx-zoom-in-crop-mark:4536:0:0:0.image', 1, NULL, 0, 0, 0, '[4]', 1011, '2023-03-13 12:12:59', '2023-03-13 12:30:03', 0, '李笑来：一个诈骗者的财富自由之路');
INSERT INTO `post` VALUES (81, '不知道各位还记得上一次使用现金付款是什么时候吗？随着现在的线上支付功能越来越完善，曾经的我身上还会带点钱，现在浑身上下一毛钱都摸不出来了，上一次用现金还真不知道是啥时候呢。', '不知道各位还记得上一次使用现金付款是什么时候吗？随着现在的线上支付功能越来越完善，曾经的我身上还会带点钱，现在浑身上下一毛钱都摸不出来了，上一次用现金还真不知道是啥时候呢。\n\n![很可能是诈骗电话的4种号码，以这些数字开头的，你中过几个？](https://p1-jj.byteimg.com/tos-cn-i-t2oaga2asx/gold-user-assets/2019/10/22/16df14c155edeced~tplv-t2oaga2asx-zoom-in-crop-mark:4536:0:0:0.image)\n\n\n\n以前骗子进行诈骗是\"线下\"诈骗，而现在就出现了\"线上\"诈骗，那么接下来就和大家好好说一说，哪几种数字开头的号码可能是诈骗电话。\n\n![很可能是诈骗电话的4种号码，以这些数字开头的，你中过几个？](https://p1-jj.byteimg.com/tos-cn-i-t2oaga2asx/gold-user-assets/2019/10/22/16df14c155fc1e60~tplv-t2oaga2asx-zoom-in-crop-mark:4536:0:0:0.image)\n\n\n\n**1、超过5位数并且95开头的**\n\n95开头的电话并不稀奇，可以说也很常见，但是一般来说超过了5位数以上，那就不是\"好电话\"了，诈骗电话就是骚扰电话可能性很大。\n\n![很可能是诈骗电话的4种号码，以这些数字开头的，你中过几个？](https://p1-jj.byteimg.com/tos-cn-i-t2oaga2asx/gold-user-assets/2019/10/22/16df14c1560185f4~tplv-t2oaga2asx-zoom-in-crop-mark:4536:0:0:0.image)\n\n\n\n**2、400开头的号码**\n\n说起\"400\"开头的号码，很多有接触的人都会有了解，可能是一些正规企业的号码，但是有一点需要注意，正规企业的\"400\"号码只会作为接听方，不会作为拨打方，了解这个细节之后相信处理起来会方便很多。\n\n![很可能是诈骗电话的4种号码，以这些数字开头的，你中过几个？](https://p1-jj.byteimg.com/tos-cn-i-t2oaga2asx/gold-user-assets/2019/10/22/16df14c155c0ffd6~tplv-t2oaga2asx-zoom-in-crop-mark:4536:0:0:0.image)\n\n\n\n**3、\"00\"开头或者是\"+\"开头**\n\n对于这种形式开头的号码，有了解的朋友会知道是国际的长途电话，当然也可能是一些不法分子使用了特殊的软件对号码进行改写，就会出现这种清理，所以如果你并未有境外的熟人，对于这样的号码也可以不予理会。\n\n![很可能是诈骗电话的4种号码，以这些数字开头的，你中过几个？](https://p1-jj.byteimg.com/tos-cn-i-t2oaga2asx/gold-user-assets/2019/10/22/16df14c156008303~tplv-t2oaga2asx-zoom-in-crop-mark:4536:0:0:0.image)\n\n\n\n**4、不显示来电**\n\n如果接到的电话上面没有显示来电的话，怎么看都会感觉有问题吧，并且对于现在来说，哪怕是政府、银行等等都不会使用\"无显示号码\"的电话，那就更不要说一些企业、营销商等等了，这种电话完全可以不接。\n\n![很可能是诈骗电话的4种号码，以这些数字开头的，你中过几个？](https://p1-jj.byteimg.com/tos-cn-i-t2oaga2asx/gold-user-assets/2019/10/22/16df14c15611a2ca~tplv-t2oaga2asx-zoom-in-crop-mark:4536:0:0:0.image)\n\n', 'https://p1-jj.byteimg.com/tos-cn-i-t2oaga2asx/gold-user-assets/2019/10/22/16df14c155edeced~tplv-t2oaga2asx-zoom-in-crop-mark:4536:0:0:0.image', 1, NULL, 0, 0, 0, '[4]', 1011, '2023-03-13 12:30:53', '2023-03-13 12:31:08', 0, '很可能是诈骗电话的4种号码，以这些数字开头的，你中过几个？');
INSERT INTO `post` VALUES (82, '什么叫虚拟货币，就是非真实的货币。熟知的，比如腾讯公司的Q币，新浪推出的微币，这些可以用来在网络上玩游戏看书。还有就是从2013年流行起来的以比特币为代表的数字货币，比如莱特币，无限币，夸克币，便士币，隐形金条等等。这些都是互联网上的虚拟货币。比特币，是一种有开源的P2P软件产生的电子货币，主要用于互联网的金融投资。', '什么叫虚拟货币，就是非真实的货币。熟知的，比如腾讯公司的Q币，新浪推出的微币，这些可以用来在网络上玩游戏看书。还有就是从2013年流行起来的以比特币为代表的数字货币，比如莱特币，无限币，夸克币，便士币，隐形金条等等。这些都是互联网上的虚拟货币。比特币，是一种有开源的P2P软件产生的电子货币，主要用于互联网的金融投资。\n\n\n\n近年来比特币的暴涨让很多人看到商机，各种平台都开发了发币的业务，可以说目前的数字货币市场鱼龙混珠，95%以上的都是骗人的，只不过打着区块链的幌子而已。区块链是分布式数据储存，点对点传输，共识机制，加密算法等计算机技术的新型应用模式，也是比特币重要的概念， 它的本质是一个去中介化的数据库，同时作为比特币的底层技术，是一串使用密码学方法相关联产生的数据块，每一个数据块中包含一次比特币网络交易的信息。比特币将区块链机制与货币完美融合发行，但是由于缺乏行政监管，完全是靠市场化的定价，价格波动巨大，有各种潜在的风险，不仅影响国家的货币政策还会被黑客利用操纵市场。\n\n\n\n虚拟货币传销诈骗花样繁多， 一年涉案上千亿。因为2017年的暴涨，让人们开始贪婪，也失去了理性，才会被骗子和骗局欺骗。前两天央视刚刚曝光了一批涉嫌传销和诈骗的币种名单，还有此前约一千多种宣布死亡的数字货币。\n\n\n\n## 2018年最新空气币 传销币 归零币不完全名单曝光\n\n\n\n![归零币](https://p1-jj.byteimg.com/tos-cn-i-t2oaga2asx/gold-user-assets/2018/12/18/167c0b46ccf270bd~tplv-t2oaga2asx-zoom-in-crop-mark:4536:0:0:0.image)\n\n\n\n\n\n![传销币](https://p1-jj.byteimg.com/tos-cn-i-t2oaga2asx/gold-user-assets/2018/12/18/167c0b49550f7db0~tplv-t2oaga2asx-zoom-in-crop-mark:4536:0:0:0.image)\n\n\n\n\n\n![空气币](https://p1-jj.byteimg.com/tos-cn-i-t2oaga2asx/gold-user-assets/2018/12/18/167c0b520adeb1fb~tplv-t2oaga2asx-zoom-in-crop-mark:4536:0:0:0.image)\n\n\n\n\n\n## 已经发生哪些数字货币的骗局\n\n1，太空链 太空链这个数字货币骗局已经暴露，相关部门已经针对这个案件进行调查。\n\n\n\n2，红币。 去年，出现一个红币的数字货币的诈骗案，很多人被骗。\n\n\n\n3，南非的比特币。 南非比特币诈骗案，涉及全球人数达到2万多人。\n\n\n\n## 如何识破虚拟货币的骗局\n\n一部分人被骗都是抱着一夜暴富的心态进入虚拟货币市场，不幻想暴富，天上不会掉下馅饼的，没有那么幸运和容易的好事情。加强对区块链和虚拟货币的了解，掌握区块链的知识，就能够辨别和识破这些数字货币的骗局。知己知彼，才能百战不殆！！\n\n\n\n鉴别一个币是否是空气币和山寨币，看它的架构，目前通过上交易所判断已经不行了，交易所里的归零币和下架币越来越多，不要听说那个币上火币、OK、币安就觉得会成为千倍币，今年所有币都是破发+一轮游。看架构比较明显的有：云矿机+积分商城（说实话这就像你给我3万块钱，我分6个月给你返一个道理），第二就是邀请制成天发邀请码注册撸羊毛，这种币多数都是坑（除过ONT ENU CET等）。还有一下方式：\n\n1）发行方式。\n\n2）交易方式。\n\n3）实现方式。\n\n4）是否给出源代码链接。\n\n5）官网是否是https开头。\n\n6）开发运营团队的信息公开透明的\n\n7）多了解数字货币，和主流数字货币进行对比。\n\n', 'https://p1-jj.byteimg.com/tos-cn-i-t2oaga2asx/gold-user-assets/2019/10/22/16df14c155fc1e60~tplv-t2oaga2asx-zoom-in-crop-mark:4536:0:0:0.image', 1, NULL, 0, 0, 0, '[4]', 1011, '2023-03-13 12:32:50', '2023-03-13 12:32:58', 0, '2018年最新空气币 传销币 归零币不完全名单曝光');
INSERT INTO `post` VALUES (83, '随着移动互联网的发展，诈骗形式也逐渐向网络犯罪过渡。中国青年报社会调查中心进行的一项调查中显示，超七成受访青年表示遭遇过网络诈骗。从公开数据来看，在近年来举报的诈骗案情中，**金融理财类诈骗是涉案金额最高、造成人均损失最大的诈骗类型**。受害人通常采用钓鱼网站支付以及银行转账、第三方支付、扫二维码支付等方式主动向诈骗分子转账。按照劫财方式划分，在钓鱼网站支付的用户占比为64.3%，涉案金额累计2.2亿元；主动转账的用户占33.7%。', '\n![如何防范钓鱼网站诈骗？](https://p1-juejin.byteimg.com/tos-cn-i-k3u1fbpfcp/2dd4f453b94746d99121aa1edc2853e6~tplv-k3u1fbpfcp-zoom-crop-mark:1512:1512:1512:851.awebp?)\n\n随着移动互联网的发展，诈骗形式也逐渐向网络犯罪过渡。中国青年报社会调查中心进行的一项调查中显示，超七成受访青年表示遭遇过网络诈骗。从公开数据来看，在近年来举报的诈骗案情中，**金融理财类诈骗是涉案金额最高、造成人均损失最大的诈骗类型**。受害人通常采用钓鱼网站支付以及银行转账、第三方支付、扫二维码支付等方式主动向诈骗分子转账。按照劫财方式划分，在钓鱼网站支付的用户占比为64.3%，涉案金额累计2.2亿元；主动转账的用户占33.7%。\n\n![img](https://p3-juejin.byteimg.com/tos-cn-i-k3u1fbpfcp/f7cd416f80a6470c96458b09d4d2795a~tplv-k3u1fbpfcp-zoom-in-crop-mark:4536:0:0:0.awebp)\n\n通过这些数据，我们不难发现，钓鱼网站已经成为电信诈骗中最常见的诈骗手段，也是我们最容易见到的诈骗方式之一。那么，什么是钓鱼网站？诈骗者又是如何通过钓鱼网站来实现诈骗的呢？\n\n“钓鱼”是一种[**网络欺诈**](https://link.juejin.cn/?target=https%3A%2F%2Fwww.ipdatacloud.com%2F%3Futm-source%3DLJ%26utm-keyword%3D%3F1102)行为，指不法分子利用各种手段，仿冒真实网站的URL地址以及页面内容，或利用真实网站服务器程序上的漏洞在站点的某些网页中插入危险的HTML代码，以此来骗取用户银行或信用卡账号、密码等私人资料。\n\n钓鱼网站通常伪装成为银行网站，窃取访问者提交的账号和密码信息，一般通过电子邮件传播，此类邮件中一个经过伪装的链接将收件人联到钓鱼网站。\n\n也就是说，诈骗者会通过各种手段吸引受害人进入一个虚假网站，引导受害人在虚假网站中提交私人信息或完成虚假交易来实现诈骗。\n\n钓鱼网站诈骗之所以难以被发现，很大一部分原因是它的存在形式十分灵活，具有非常多的种类，让受害者防不胜防。\n\n![img](https://p3-juejin.byteimg.com/tos-cn-i-k3u1fbpfcp/df7f772e8da344148859df29491c2cc8~tplv-k3u1fbpfcp-zoom-in-crop-mark:4536:0:0:0.awebp)\n\n**以下是几种常见的钓鱼网站类型：**\n\n**虚拟中奖信息诈骗：** “中奖”是网络诈骗中的常见“钓鱼”欺诈，骗子冒充一些知名公司，通过一些电商或社交软件进行用户中奖信息的传播，诱导用户进入相似度高的虚假网页，进而获取用户的账号、密码或向其他账号汇款。\n\n**网络购物诈骗：** 骗子往往会利用低价产品诱惑用户进入钓鱼网站，等待用户放松警惕，骗取用户的相关信息完成诈骗。\n\n**退款诈骗：** 骗子谎称用户网购商品丢失，以此为用户提供“双倍赔偿”为诱饵，诱导用户登录“假支付宝网站”行骗。\n\n**搜索引擎诈骗：** 当用户遇到问题需要使用搜索引擎时，打开网页跳转到某个网站，骗子会要求用户安装软件来解决问题，诱使用户安装恶意软件，获取用户信息。\n\n**短信诈骗：** 利用短信向用户发送链接，当用户点击短信里的链接后，就会在手机上安装木马软件，或者拨通某个电话号码。常见的钓鱼短信是信用卡被盗，当用户回拨电话后要求用户输入信用卡账号，或向指定账户转账。\n\n![img](https://p3-juejin.byteimg.com/tos-cn-i-k3u1fbpfcp/0486145ea27f4d68938333be903fcbbe~tplv-k3u1fbpfcp-zoom-in-crop-mark:4536:0:0:0.awebp)\n\n随着诈骗手段的科技化、电子化、数据化，“反诈”也更加的科技化、便捷化。近年来，政府不断加强对电信诈骗的监控与惩罚力度，国家反诈中心APP也开始被越来越多的人熟知。那么，结合了互联网高端科技的国家反诈APP是如何预防诈骗？在国家反诈中心APP中，有一项**通过验证诈骗**[**IP地址**](https://link.juejin.cn/?target=https%3A%2F%2Fwww.ipdatacloud.com%2F%3Futm-source%3DLJ%26utm-keyword%3D%3F1102)**（** **[www.ipdatacloud.com/?utm-source…](https://link.juejin.cn/?target=https%3A%2F%2Fwww.ipdatacloud.com%2F%3Futm-source%3DLJ%26utm-keyword%3D%3F1102)** **）** **与QQ等信息来识别钓鱼网站**的功能，又是如何实现的？\n\n事实上，IP地理溯源对于预防电信诈骗有着重要的作用。当诈骗分子获取用户信息并尝试登录用户账号时，通过获取诈骗分子的IP地址，分析其IP地理位置，与用户信息中留存的所在地进行对比，可以快速发现异地登录的风险，有效预防诈骗。其次，对于一些高风险地区的IP或来自流量中心的IP，软件会自动进行标注，当这些风险IP尝试登录账号进行风险交易时，已标注的风险IP更容易引起反诈中心或交易后台的注意，以此来避免诈骗行为的发生。\n\n![img](https://p3-juejin.byteimg.com/tos-cn-i-k3u1fbpfcp/7e0b11bebfec4e1abacab4c58cdefdba~tplv-k3u1fbpfcp-zoom-in-crop-mark:4536:0:0:0.awebp)\n\nIP66 IP查询界面\n\n通过这两个小例子，我们可以知道通过[**IP地理位置溯源**](https://link.juejin.cn/?target=https%3A%2F%2Fwww.ipdatacloud.com%2F%3Futm-source%3DLJ%26utm-keyword%3D%3F1102)，可以分析攻击、欺诈、作弊的历史IP地址进行归属地、运营商等标签标注，后期同地区同类型IP出现时，会进行有效防范，降低攻击、欺诈等概率，从而保障人民的财产安全。\n\n除了借助一些工具之外，自身也要加强对钓鱼网站的警惕性，以保证个人财产安全。在涉及网络交易或需要点击链接进入页面时，要提高自己的防范意识，谨慎对待未知链接，及时与相关部门或企业进行核实。当遇到可疑“红包”链接或活动链接时，可以先与官方客服、平台进行联系确认，或通过专业平台查询，识别风险链接与IP地址。网络账号设置密码时，尽量避免敏感信息出现，如出生信息、身份信息、银行账户等。', 'https://p1-juejin.byteimg.com/tos-cn-i-k3u1fbpfcp/2dd4f453b94746d99121aa1edc2853e6~tplv-k3u1fbpfcp-zoom-crop-mark:1512:1512:1512:851.awebp?', 1, NULL, 1, 1, 1, '[4]', 1011, '2023-03-13 12:35:22', '2023-05-24 18:51:01', 0, '如何防范钓鱼网站诈骗？');
INSERT INTO `post` VALUES (84, '如今信息泄漏规模之大，我们似乎都没有预料到。在看过「回顾 2018 上半年十大数据泄漏事件」一文后，我就被文章中统计的泄漏数据量给惊到了，最大规模的一次竟然有 11 亿条的数据被泄漏。', '原文链接： [zhuanlan.zhihu.com](https://link.juejin.cn/?target=https%3A%2F%2Fzhuanlan.zhihu.com%2Fp%2F51415729)\n\n如今信息泄漏规模之大，我们似乎都没有预料到。在看过「回顾 2018 上半年十大数据泄漏事件」一文后，我就被文章中统计的泄漏数据量给惊到了，最大规模的一次竟然有 11 亿条的数据被泄漏。\n\n就在昨天，万豪国际集团在微博上发布 [声明](https://link.juejin.cn/?target=http%3A%2F%2Flink.zhihu.com%2F%3Ftarget%3Dhttps%3A%2F%2Fweibo.com%2Fmarriotthotels)，称喜达屋旗下酒店的客房预订数据库中包含的最多约 5 亿名客人的信息遭到了泄漏，而黑客甚至可以借此信息破解用户信用卡的密码。\n\n联想到这些信息泄漏的危害，我就觉得胆战心惊。一方面，不知道自己的信息是不是也已经被泄漏了？另一方面，我们完全不知道这些泄漏的信息会流向何处？如果被坏人利用了会对我们的生活造成何种影响？\n\n目前来看，我们生活中较为常见的诈骗行为就有可能会利用这些泄漏的信息。所以，为了防范这种风险，本文特地分析了信息泄漏的原委并为你指明信息泄漏后防诈骗的有效措施。\n\n## 什么是信息泄漏\n\n在了解防诈骗的有效措施之前，我们不妨先来了解一下信息是如何泄漏的，以及有哪些信息容易泄漏。\n\n## 信息是如何泄漏的\n\n一般来说，用户的信息都是加密过后存储在服务器的数据库中，同时访问数据库也有严格的权限控制。如果发生大规模的信息泄漏，那就意味着网站保存用户信息的数据库被攻破了。\n\n之所以网站会被脱库或者撞库 1 ，还是因为一些用户密码设置得过于简单，让黑客轻而易举地就爆出了用户登录密码，甚至是数据库登录密码。\n既然黑客如此有能力入侵数据库，那我们的信息岂不是都处在不安全的状态下？但现实并不是这样，为了更好地保护用户信息，网站的管理员们都会想方设法地给黑客入侵制造困难。\n\n## 哪些信息容易泄漏\n\n有哪些信息是容易泄漏的呢？在回答这个问题前，我们可以先通过读新闻的方式来回顾一下都有哪些网站发生过信息泄漏。\n根据我所搜索到的有关信息泄漏新闻显示，多数生活服务行业内的企业网站都有用户信息被盗的经历，其中就包括了邮件服务商、酒店、招聘网站、物流企业、航空公司、外卖平台、网购平台等等。\n\n![img](https://p1-jj.byteimg.com/tos-cn-i-t2oaga2asx/gold-user-assets/2018/12/3/167724a39f3fac1f~tplv-t2oaga2asx-zoom-in-crop-mark:4536:0:0:0.image)\n\n总之，生活信息是最容易被泄漏。因为这些泄漏的信息往往真实可靠且准确全面，既包括了姓名、住址、电话、身份证号等身份信息，也包括用户的常用的邮箱、用户名、密码等重要信息。而且，这些信息在日常生活里被重复使用的概率极高，也就很容易被黑客用来撞库、诈骗。\n\n## 我们遇到过的诈骗方式\n\n信息泄漏后放到黑市里流通倒卖的现象已经非常普遍。因此，诈骗者要想获得一些人的信息就变得十分容易。从黑市获得泄漏的信息后，诈骗方式就升级了。\n\n这些升级的诈骗方式都是利用的是这样一个心理：在信息沟通时只要对方掌握 2～3 项真实信息，我们就立刻倾向于相信这位陌生人。\n\n![img](https://p1-jj.byteimg.com/tos-cn-i-t2oaga2asx/gold-user-assets/2018/12/3/167724a39f4c5110~tplv-t2oaga2asx-zoom-in-crop-mark:4536:0:0:0.image)\n\n为了不那么轻易地就掉入陷阱，我为大家提示一些常见的诈骗方式以及特点，希望大家遇到这些小把戏能够轻松避开。\n\n我身边就有朋友曾经遇到过航班改签的骗局。事情是这样的，在起飞前一天突然收到机票取消的短信通知。因为临近起飞时间，心里就很慌。他就按照短信给的客服电话进行改签的操作，结果被告知需要支付 20 元工本费而且必须是 ATM 机转账。在对方的一步步指导下，最终不仅没有改签成功反而被骗走了钱。\n\n又比如生活中最常见的网购订单，虽然有时抢购被砍单也正常，但此时就会有人向你的手机发出订单更换信息的通知，文字口吻和客服相似，但内容却藏有猫腻。他们会把你转移到另外的平台，比如从淘宝换到微信，要求你使用扫描微信二维码支付钱款。\n\n类似的还有忽然通知你中大奖了，点击链接填写获奖信息或者先交定金再领奖。虽然这种骗局看似很明显，但是也有人怀着走运的心理去相信了。\n\n以上这些也只是我们在生活中遇到过的简单骗局。很显然，诈骗者利用的都是「人很贪婪」这样的思想来设计骗局，有的会利用大众想走运的心理，有的会在链接里动手脚，有的会用相似的服务流程来迷惑你。但是天上不会掉馅饼，所以希望大家在遇到疑似诈骗的信息时能够先进行简单的甄别。\n\n## 防诈骗的方法\n\n你永远无法想象人性会变得有多恶，骗术会变得多高明。这时候，沉着冷静地适用下面的应对方法才是最关键的。\n\n## 虚假信息不要轻易相信\n\n骗子通常会通过钓鱼链接、电话等方式来试探我们，所以在收到疑似诈骗信息时我们就要先甄别它们的真假。一些能够一眼看穿的假电话、假链接就不要再相信了。\n\n如何区分链接和电话的真假呢？我们可以通过搜索引擎查找到官网，然后在网页上找到联系方式，将诈骗信息与之比对。特别提醒，有些诈骗信息的链接会使用到短链接，而我们又不知道短链接背后是什么假网站，所以不明的链接最好不要点。同理，面对电话也是如此。\n\n## 寻找官方渠道反向确认信息\n\n即便对方提供了某些属实的信息，但也最好反向确认到底有没有这回事。你可以向官方渠道致电询问情况，或者找服务的提供商问清楚。千万不要按照诈骗信息提供的验证方式去看问题，因为这样你只会落入圈套。\n\n比如，当有信息告知你航班要改签时，你就可以向航旅纵横打电话确认航班信息然后再决定下一步操不。\n\n## 平常多注意密码安全\n\n上文有提到的撞库，就是利用已泄漏的其他网站的账户信息去尝试登录目标网站。如果你在不同的网站有使用了不同密码，那就不必担心你的信息在撞库攻击中被泄漏。\n\n所以，设置密码的时候千万不能掉以轻心，最好严格实行一户一码。因为密码的重要性，推荐大家使用 1Password 或者系统自带的密码管理工具，它们能够自动为你生成高强度的密码并保存在「钥匙串」中。\n\n而如果你想要自设密码，记得要做到随机，不要使用常用的信息，同时不要使用重复的密码。\n\n**关联阅读：**\n\n- [《你的账号又被泄露了？这里有一份「密码安全应急手册」》](https://link.juejin.cn/?target=http%3A%2F%2Flink.zhihu.com%2F%3Ftarget%3Dhttps%3A%2F%2Fsspai.com%2Fpost%2F45306)\n- [《避免被黑客攻击，用 1Password 一键查看你的账号密码是否被泄露》](https://link.juejin.cn/?target=http%3A%2F%2Flink.zhihu.com%2F%3Ftarget%3Dhttps%3A%2F%2Fsspai.com%2Fpost%2F43402)\n- [《科普：帐号泄露事件频发，到底什么样的密码才安全？》](https://link.juejin.cn/?target=http%3A%2F%2Flink.zhihu.com%2F%3Ftarget%3Dhttps%3A%2F%2Fsspai.com%2Fpost%2F31659)\n\n## 结语\n\n有一句古文说得好，亡羊补牢未为晚也。也就是说，羊跑了再去修补羊圈还是能弥补损失的。好在，信息泄漏的问题正在被各方重视起来，大众的防骗意识也正在逐步加强。\n\n最后，希望这篇「信息泄漏后的防骗指南」能对各位有所帮助。', 'https://p1-jj.byteimg.com/tos-cn-i-t2oaga2asx/gold-user-assets/2018/12/3/167724a39f4c5110~tplv-t2oaga2asx-zoom-in-crop-mark:4536:0:0:0.image', 1, NULL, 0, 0, 0, '[4]', 1011, '2023-03-13 13:07:31', '2023-03-13 13:07:46', 0, '信息泄漏后的「防诈骗指南」');
INSERT INTO `post` VALUES (85, '随着移动互联网的发展，诈骗形式也逐渐向网络犯罪过渡。中国青年报社会调查中心进行的一项调查中显示，超七成受访青年表示遭遇过网络诈骗。从公开数据来看，在近年来举报的诈骗案情中，**金融理财类诈骗是涉案金额最高、人均损失最大的诈骗类型。** 受害人通常采用钓鱼网站支付以及银行转账、第三方支付、扫二维码支付等方式主动向诈骗分子转账。按照劫财方式划分，在钓鱼网站支付的用户占比为64.3%，涉案金额累计2.2亿元；主动转账的用户占33.7%。', '\n![如何防范钓鱼网站诈骗？](https://p3-juejin.byteimg.com/tos-cn-i-k3u1fbpfcp/e8dec3403a3a46a3b97cf6587893c368~tplv-k3u1fbpfcp-zoom-crop-mark:1512:1512:1512:851.awebp?)\n\n随着移动互联网的发展，诈骗形式也逐渐向网络犯罪过渡。中国青年报社会调查中心进行的一项调查中显示，超七成受访青年表示遭遇过网络诈骗。从公开数据来看，在近年来举报的诈骗案情中，**金融理财类诈骗是涉案金额最高、人均损失最大的诈骗类型。** 受害人通常采用钓鱼网站支付以及银行转账、第三方支付、扫二维码支付等方式主动向诈骗分子转账。按照劫财方式划分，在钓鱼网站支付的用户占比为64.3%，涉案金额累计2.2亿元；主动转账的用户占33.7%。\n\n![图片6.png](https://p3-juejin.byteimg.com/tos-cn-i-k3u1fbpfcp/c6abb8bde47043ca94abaccdce308175~tplv-k3u1fbpfcp-zoom-in-crop-mark:4536:0:0:0.awebp?)\n\n通过这些数据，我们不难发现，钓鱼网站已经成为电信诈骗中最常见的诈骗手段，也是我们最容易见到的诈骗方式之一。那么，什么是钓鱼网站？诈骗者又是如何通过钓鱼网站来实现诈骗的呢？\n\n“钓鱼”是一种网络欺诈行为，指不法分子利用各种手段，仿冒真实网站的URL地址以及页面内容，或利用真实网站服务器程序上的漏洞在站点的某些网页中插入危险的HTML代码，以此来骗取用户银行或信用卡账号、密码等私人资料。\n\n![GettyImages-1050228750-78b205c15493434ca0fda93a37b0d095.jpg](https://p6-juejin.byteimg.com/tos-cn-i-k3u1fbpfcp/c336ef006522430e93c1a0ec6550a863~tplv-k3u1fbpfcp-zoom-in-crop-mark:4536:0:0:0.awebp?)\n\n钓鱼网站通常伪装成为银行网站，窃取访问者提交的账号和密码信息，一般通过电子邮件传播，此类邮件中一个经过伪装的链接将收件人联到钓鱼网站。\n\n也就是说，诈骗者会通过各种手段吸引受害人进入一个虚假网站，引导受害人在虚假网站中提交私人信息或完成虚假交易来实现诈骗。\n\n钓鱼网站诈骗之所以难以被发现，很大一部分原因是它的存在形式十分灵活，具有非常多的种类，让受害者防不胜防。\n\n**以下是几种常见的钓鱼网站类型：**\n\n**虚拟中奖信息诈骗：** “中奖”是网络诈骗中的常见“钓鱼”欺诈，骗子冒充一些知名公司，通过一些电商或社交软件进行用户中奖信息的传播，诱导用户进入相似度高的虚假网页，进而获取用户的账号、密码或向其他账号汇款。\n\n**网络购物诈骗：** 骗子往往会利用低价产品诱惑用户进入钓鱼网站，等待用户放松警惕，骗取用户的相关信息完成诈骗。\n\n**退款诈骗：** 骗子谎称用户网购商品丢失，以此为用户提供“双倍赔偿”为诱饵，诱导用户登录“假支付宝网站”行骗。\n\n**搜索引擎诈骗：** 当用户遇到问题需要使用搜索引擎时，打开网页跳转到某个网站，骗子会要求用户安装软件来解决问题，诱使用户安装恶意软件，获取用户信息。\n\n**短信诈骗：** 利用短信向用户发送链接，当用户点击短信里的链接后，就会在手机上安装木马软件，或者拨通某个电话号码。常见的钓鱼短信是信用卡被盗，当用户回拨电话后要求用户输入信用卡账号，或向指定账户转账。\n\n随着诈骗手段的科技化、电子化、数据化，“反诈”也更加的科技化、便捷化。近年来，政府不断加强对电信诈骗的监控与惩罚力度，国家反诈中心APP也开始被越来越多的人熟知。那么，结合了互联网高端科技的国家反诈APP是如何预防诈骗？在国家反诈中心APP中，有一项**通过验证诈骗IP地址与QQ等信息来** **识别钓鱼网站**的功能，又是如何实现的？\n\n事实上，[IP地理溯源](https://link.juejin.cn/?target=https%3A%2F%2Fwww.ipplus360.com%2F)对于预防电信诈骗有着重要的作用。当诈骗分子获取用户信息并尝试登录用户账号时，通过获取诈骗分子的IP地址，分析其IP地理位置，与用户信息中留存的所在地进行对比，可以快速发现异地登录的风险，有效预防诈骗。其次，对于一些高风险地区的IP或来自流量中心的IP，软件会自动进行标注，当这些风险IP尝试登录账号进行风险交易时，已标注的风险IP更容易引起反诈中心或交易后台的注意，以此来避免诈骗行为的发生。\n\nIPUU查询界面： ![图片7.png](https://p9-juejin.byteimg.com/tos-cn-i-k3u1fbpfcp/0f995b98f75541b5b23541b06818951f~tplv-k3u1fbpfcp-zoom-in-crop-mark:4536:0:0:0.awebp?)\n\n通过这两个小例子，我们可以知道通过IP地理位置溯源，可以分析攻击、欺诈、作弊的历史IP地址进行归属地、运营商等标签标注，后期同地区同类型IP出现时，会进行有效防范，降低攻击、欺诈等概率，从而保障人民的财产安全。\n\n除了借助一些工具之外，自身也要加强对钓鱼网站的警惕性，以保证个人财产安全。在涉及网络交易或需要点击链接进入页面时，要提高自己的防范意识，谨慎对待未知链接，及时与相关部门或企业进行核实。当遇到可疑“红包”链接或活动链接时，可以先与官方客服、平台进行联系确认，或通过专业平台查询，识别风险链接与[IP地址](https://link.juejin.cn/?target=https%3A%2F%2Fwww.ipuu.net%2FHome)。网络账号设置密码时，尽量避免敏感信息出现，如出生信息、身份信息、银行账户等。', 'https://p3-juejin.byteimg.com/tos-cn-i-k3u1fbpfcp/e8dec3403a3a46a3b97cf6587893c368~tplv-k3u1fbpfcp-zoom-crop-mark:1512:1512:1512:851.awebp?', 1, NULL, 0, 0, 0, '[4]', 1011, '2023-03-13 13:08:58', '2023-03-13 13:09:11', 0, '如何防范钓鱼网站诈骗？');
INSERT INTO `post` VALUES (86, '短视频已经占领了大部分人的生活，用户诈骗也在平台上层出不穷。公开数据显示，2022年1至10月累计有260种新诈骗手法出现，且呈现周期长、环节多、跨平台等特点。短视频相关负责人介绍，不法分子多将用户从短视频平台引流至第三方社交平台，再实施诈骗，在与平台相关的诈骗案件中，超过了90%例。此外，还有一些不发分子通过在评论区、粉丝群发布赌博链接等方式进行导流诈骗', '\n![网络诈骗不断，平台应如何治理？](https://p6-juejin.byteimg.com/tos-cn-i-k3u1fbpfcp/600f9394c3644e899a2b9c9d3d0cd88e~tplv-k3u1fbpfcp-zoom-crop-mark:1512:1512:1512:851.awebp?)\n\n短视频已经占领了大部分人的生活，用户诈骗也在平台上层出不穷。公开数据显示，2022年1至10月累计有260种新诈骗手法出现，且呈现周期长、环节多、跨平台等特点。\n\n短视频相关负责人介绍，不法分子多将用户从短视频平台引流至第三方社交平台，再实施诈骗，在与平台相关的诈骗案件中，超过了90%例。此外，还有一些不发分子通过在评论区、粉丝群发布赌博链接等方式进行导流诈骗。\n\n北京某法学院教授指出，相较于其他犯罪，互联网诈骗更难以治理，不仅仅是因为其利用的是新型电信网络技术手段，更重要的是其具有基于此而演变出的诈骗手段创新、诈骗对象精准、运作方式链条化等突出特征。\n\n面对此类网络诈骗平台应该怎么处理？\n\n第一，平台通过自身能力，不断进行技术升级，主动治理，尽力阻断用户与诈骗分子之间的联系。例如，某短视频平台建了直播防诈反诈专属系统“风盾”，通过IP数据云提供的[风险IP库](https://link.juejin.cn/?target=https%3A%2F%2Fwww.ipdatacloud.com%2F%3Futm-source%3DLik%26utm-keyword%3D%3F1097)，建立IP账号风险等级库，可精准识别风险用户并作相应分级处置，并根据用户风险等级进行警告、拦截、限制交易、封禁等处理措施，减少涉诈风险交易发生率。\n\n第二，平台对用户的反诈提示，强化风险识别，在风险来到前不断提醒、警醒用户，提升用户自身的防诈意识和反诈能力。短视频平台诈骗行为多发生在私聊和群聊等场景下，不法分子藉此试图将用户诱导至第三方平台，实施诈骗行为。在这里也呼吁大家，不要不要回复陌生人信息，也不通过第三方平台加联系方式。', 'https://p6-juejin.byteimg.com/tos-cn-i-k3u1fbpfcp/600f9394c3644e899a2b9c9d3d0cd88e~tplv-k3u1fbpfcp-zoom-crop-mark:1512:1512:1512:851.awebp?', 1, NULL, 0, 0, 0, '[4]', 1011, '2023-03-13 13:10:48', '2023-03-13 13:11:05', 0, '网络诈骗不断，平台应如何治理？');
INSERT INTO `post` VALUES (87, '互联网金融时代，精准的电话营销、短信推送，邀请您加入“炒股培训QQ群”“VIP实战Q群”入群，牛市？熊市？专业荐股，使用这款“APP”下一个财富神话就是你！', '\n![解密大型金融诈骗—严惩违法行为保护 公民个人信息安全](https://p6-juejin.byteimg.com/tos-cn-i-k3u1fbpfcp/a87e77fd6e514610950d7814f0f84b6b~tplv-k3u1fbpfcp-zoom-crop-mark:1512:1512:1512:851.awebp?)\n\n互联网金融时代，精准的电话营销、短信推送，邀请您加入“炒股培训QQ群”“VIP实战Q群”入群，牛市？熊市？专业荐股，使用这款“APP”下一个财富神话就是你！\n\n然而，当你下载这个APP开始投资，你的钱就会慢慢消失...\n\n一份来自融360维度的调查结果显示，30.22%的受访者遭遇过理财投资陷阱或骗局，53.61%的受访者在社交媒体遭遇过理财骗局，社交媒体App和短视频直播平台成重灾区；在遭遇投资理财骗局的受访者中，能够完全追回损失的仅占比11.34%， 46.39%的受访者没有追回任何损失。\n\n![解密1.png](https://p6-juejin.byteimg.com/tos-cn-i-k3u1fbpfcp/7d409833735c48888844a0d0b9afcfd9~tplv-k3u1fbpfcp-zoom-in-crop-mark:4536:0:0:0.awebp?)\n\n2021年9月，磁县磁州镇南开河的王某，在家休息的时候接到一通自称为“华泰证券”客服的电话，并表示可以向王某推荐股票，跃跃欲试的王某添加了对方微信。添加微信后，王某被拉入了对方建立的股票群，群内有助理，有股民，群内每日都有人发转款截图，并汇报自己炒股赚了多少钱。王某观察了几天，发现群里的股票预测很准，于是王某便联系群内助理，表示自己想进行投资。后王某通过对方发送的二维码下载“玖富证券”APP，陆续向APP充值3万余元。近日，王某想将APP账户的余额进行提现，发现已被对方客服、助理拉黑，自己也被群聊踢出。意识到不对的王某赶紧报警，共计被骗34100。\n\n而这样的金融诈骗却层出不穷。\n\n2021年5月17日，眉山市公安局破获一起大型“炒股”“投资”“理财”金融诈骗案。此次行动共抓获犯罪嫌疑人104人，采取刑事强制措施60人，扣押涉案电脑193台，手机227部、电话卡若干，涉及公民个人信息6亿余条，涉案资金3000余万元！\n\n2021年3月，四川眉山丹棱县公安局接到一事主报警，称自己被网友哄骗加入炒股群，在对方的指引下购买了十余万元股票。结果，等到她想提款的时候，却发现那个炒股APP关闭，“炒股”导师不知所踪。\n\n2021年以来，四川眉山丹棱县警方已经陆续接到多起类似报案，都是受害人被人诱骗到某些特定的群组实施投资诈骗，损失惨重。丹棱县公安局马上成立专案组，对相同诈骗手法的案件并案侦查，一个专门为境外诈骗团伙提供前端服务的犯罪团伙渐渐浮出水面。\n\n![解密2.png](https://p3-juejin.byteimg.com/tos-cn-i-k3u1fbpfcp/42a3ed0bf9ae4ccc92f052d9e2b6c766~tplv-k3u1fbpfcp-zoom-in-crop-mark:4536:0:0:0.awebp?) 图片来源：公安局网安部\n\n**民警解密“金融诈骗套路”**\n\n该犯罪团伙的主犯胡某某初中文化，2019年，他结识了肖某某等人后，便在成都某写字楼挂牌多家空壳公司，招募大量员工一起实施“吸粉”活动。\n\n这些员工根据胡某某提供的话术剧本和电话号码，冒充证券等公司工作人员拨打电话，邀约他人添加QQ好友，这就是传说中的“吸粉”。吸到“粉儿”后，他们再以150元至200元不等的价格将其拉入境外诈骗团伙建立的“炒股培训QQ群”“VIP实战Q群”等群组，由境外不法分子对受害人实施精准诈骗。\n\n**海量个人信息从何而来？**\n\n可犯罪分子又怎么知道谁是股票客户，海量个人信息从哪儿来呢？警方又开展了深入的调查。\n\n**源头1：撞库**\n\n经过警方调查，胡某某的上线之一是申某某，他利用黑客技术，开发撞库软件，针对目标网站漏洞提取有效用户手机号，非法获取公民个人信息进行售卖，同时也售卖撞库软件。\n\n2020年至今，其开发撞库软件10余个，通过撞库非法获取大量公民个人信息。目前，申某某已被移送起诉。\n\n**源头2：内鬼**\n\n通过该案的侦查发现，一些相关公司内部工作人员手中掌握着大量该行业的公民个人信息。\n\n个别人为了非法获取利益，不仅不履行保护公民个人信息安全的义务，反而沦为“内鬼”，将手中的公民个人信息进行盗卖。\n\n比如曾在某证券公司工作的杨某、李某、陈某等人利用工作之便，将公司客户信息导出售卖。目前相关人员也已被移送起诉。\n\n**源头3：暗网**\n\n经查，胡某某上线之一张某宝，2019年起便开始大量贩卖公民个人信息，至今共买卖公民个人信息数百万条，目前已被移送起诉。\n\n**《中华人民共和国个人信息保护法》正式实施**\n\n2021年11月1日，我国首部专门针对个人信息保护的综合性法律——《中华人民共和国个人信息保护法》正式实施，明确将个人信息保护纳入公益诉讼范畴。该法明确了 个人信息和敏感个人信息的处理规则，完善了个人信息保护投诉、举报工作机制，从严惩治违法行为，全方位保护公民的个人信息安全。\n\n![解密3.png](https://p9-juejin.byteimg.com/tos-cn-i-k3u1fbpfcp/2ecc64bda93f441ab347e37f2c179095~tplv-k3u1fbpfcp-zoom-in-crop-mark:4536:0:0:0.awebp?)\n\n个人信息保护法共八章七十四条，**明确了个人信息和敏感个人信息的处理规则**，完善个人信息保护投诉、举报工作机制，从严惩治违法行为，全方位保护你的信息安全。任何组织、个人**不得非法收集、使用、加工、传输他人个人信息**，**不得非法买卖、提供或者公开他人个人信息**；个人信息处理者利用个人信息进行自动化决策，不得对个人在交易价格等交易条件上实行不合理的差别待遇；提供重要互联网平台服务、用户数量巨大、业务类型复杂的个人信息处理者，应遵循公开、公平、公正的原则，制定平台规则，**明确平台内产品或者服务提供者处理个人信息的规范和保护个人信息的义务**。  \n\n公民个人信息受法律保护，任何侵犯公民个人信息的违法犯罪行为，必将受到法律的制裁。相关单位要加强内部人员管理，防止公民信息从内部泄露；加强系统安全和维护，安装[IP画像](https://link.juejin.cn/?target=https%3A%2F%2Fwww.ipplus360.com%2Fpros%2FIPPortrait%2F)，从源头预防撞库，防止黑客入侵造成信息泄露。', 'https://p6-juejin.byteimg.com/tos-cn-i-k3u1fbpfcp/a87e77fd6e514610950d7814f0f84b6b~tplv-k3u1fbpfcp-zoom-crop-mark:1512:1512:1512:851.awebp?', 1, NULL, 1, 0, 1, '[4]', 1011, '2023-03-13 13:12:23', '2023-03-13 13:22:27', 0, '解密大型金融诈骗—严惩违法行为保护 公民个人信息安全');
INSERT INTO `post` VALUES (88, '导语：随着数字化的深入普及，业务愈加开放互联。企业的关键数据、用户信息、基础设施、运营过程等均处于边界模糊且日益开放的环境中，涉及利益流和高附加值的业务面临多样的安全隐患，随时可能遭遇损失，进而影响企业运营和发展。一方面，业务安全隐患形式多样，在电商、支付、信贷、账户、交互、交易等形态的业务场景中，存在着各类等欺诈行为；另一方面，欺诈行为日益专业化、产业化，且具有团伙性、复杂性、隐蔽性和传染性等特点。为了让大家更全面的了解业务安全的风险，顶象自7月起将针对每月的业务安全热点事件进行盘点总结。', '\n![8月业务安全月报 | 多家科技企业遭勒索软件攻击；刷单诈骗暴增；苹果曝严重漏洞](https://p1-juejin.byteimg.com/tos-cn-i-k3u1fbpfcp/aef573b222ec438ba4ee0e826d9a3065~tplv-k3u1fbpfcp-zoom-crop-mark:1512:1512:1512:851.awebp?)\n\n导语：随着数字化的深入普及，业务愈加开放互联。企业的关键数据、用户信息、基础设施、运营过程等均处于边界模糊且日益开放的环境中，涉及利益流和高附加值的业务面临多样的安全隐患，随时可能遭遇损失，进而影响企业运营和发展。\n\n一方面，业务安全隐患形式多样，在电商、支付、信贷、账户、交互、交易等形态的业务场景中，存在着各类等欺诈行为；另一方面，欺诈行为日益专业化、产业化，且具有团伙性、复杂性、隐蔽性和传染性等特点。\n\n为了让大家更全面的了解业务安全的风险，顶象自7月起将针对每月的业务安全热点事件进行盘点总结。\n\n# 国内安全热点\n\n**1、网传用友等头部软件厂商遭勒索软件攻击，用友回应：仅少数客户受影响，建议升级**\n\n8月29日，据国内知名技术社区qidao123.com消息，多个安全技术社吐槽称以用友为代表的头部管理软件厂商遭遇大规模勒索攻击，从而影响到无数下游企业，引发了难以想象的危害，其损失暂时无法估计。\n\n由于病毒模块的投放时间与企业用户升级软件时间相近，因此有安全厂商表示，该勒索攻击事件有可能是黑客通过供应链污染或漏洞的方式进行投毒。简单来说，黑客首先通过漏洞或其他方式向受害者终端投放后门病毒模块，以此执行任意恶意模块（恶意模块数据被AES算法加密），再通过后门模块在内存中加载执行勒索病毒。\n\n据悉，一旦被攻击，用户计算机文件被.locked后缀的勒索病毒加密，攻击者索要0.2个BTC（约合2.7万+人民币）的赎金。\n\n目前受该勒索病毒影响的企业用户数量还在不断增加。根据现有的信息，该勒索病毒与之前流行的TellYouThePass勒索病毒为关联家族，甚至有可能就是TellYouThePass的最新变种。\n\n8月30日，用友旗下专注于小微企业云服务畅捷通T+软件的客户，昨日在社交平台反馈其服务器中招勒索病毒一事。\n\n![img](https://p3-juejin.byteimg.com/tos-cn-i-k3u1fbpfcp/f98888fd47484b01bee1823cb220ce3e~tplv-k3u1fbpfcp-zoom-in-crop-mark:4536:0:0:0.awebp)\n\n对此，畅捷通回应称：“目前已安排工程师协助解决，仅少数客户受影响。建议用户升级到畅捷通运营的公有云服务或采用畅云管家等云部署方式。”\n\n**友情提醒：**可能遭受攻击的企业用户应立即对本地数据进行手动备份和自动备份，一旦不幸中招也可通过备份对数据进行恢复，或者求助于安全厂商，寻找解决方案。\n\n**2、《网络安全标准实践指南——健康码防伪技术指南（征求意见稿）》发布**\n\n为指导健康码技术提供方提升健康码技术防伪能力，近日，全国信息安全标准化技术委员会秘书处发布了《网络安全标准实践指南——健康码防伪技术指南（征求意见稿）》（以下简称《指南》），面向社会公开征求意见。\n\n《指南》依据有关政策法规要求，做好支撑疫情防控工作，防止健康码伪造安全风险，对健康码防伪提供技术实践参考。当前，现场健康码伪造事件时有发生，特别是违法违规的伪造工具为动态清零工作带来困难，本实践指南围绕现场扫码这一最常见场景，提出技术建议，为提升健康码技术防伪能力、提高整体安全水平提供参考。\n\n《指南》提供方可采用的防伪技术措施包括但不限于：\n\n- 在扫码后显示的界面中，将被扫码地点所登记的个人身份信息脱敏后突出显示；\n- 在扫码后播报语音时，除正常播报扫码结果、核酸天数等信息外，还播报被扫码地点所登记的个人手机号后三位；\n- 在扫码及自查询后显示的界面中，每天变化显示界面背景的一部分，包括但不限于以下几种方式。扫码情况下，每天的变化应与扫码地点相关，使同一天内在不同地点扫码得到的显示界面可能在存在显著差异。\n\n**3、公安部：刷单类电信网络诈骗案持续高发，占全部电诈案四成**\n\n8 月 10 日消息，据公安部网站消息，为深入推进夏季治安打击整治“百日行动”，依法严厉打击电信网络诈骗等群众反映强烈的突出违法犯罪，近日，公安部组织指挥广东、河南、湖南等 30 个省区市公安机关同步开展为期一周的集中收网行动，成功打掉一批刷单类电信网络诈骗及提供返利收款、推广引流等服务的黑灰产犯罪团伙，**共抓获违法犯罪嫌疑人 1100 余名，缴获手机、电脑等作案工具 3000 余个 (台)。**\n\n![img](https://p3-juejin.byteimg.com/tos-cn-i-k3u1fbpfcp/33d78360aca549fb943b3b4247a1bbba~tplv-k3u1fbpfcp-zoom-in-crop-mark:4536:0:0:0.awebp)\n\n今年以来，**刷单类电信网络诈骗案件持续高发，发案数和资金损失均占全部电信网络诈骗案件的 40%**，已成为当前危害最突出的电信网络诈骗类型。公安机关工作中发现，为增强诈骗活动迷惑性、提高引流成功率，犯罪分子不断变换作案手法，引流方式从单一发布兼职广告向利用网络色情、免费领取礼品等多种方式转变，诈骗手法从传统购买商品、点赞返利向“做任务式”刷单、投资理财刷单演变。其中，“做任务式”刷单诈骗最为突出，犯罪分子通常打着“免费做任务得佣金”的幌子，吸引受害人尝试“做任务”，并在前期以小额返利骗取受害人信任，随后逐步诱导受害人下载诈骗 App 进行垫资充值，在受害人提现时以“任务未完成”“卡单”等为由拒不支付受害人本金和佣金，甚至诱骗其追加投入更多资金，最终导致受害人血本无归。\n\n**4、1.2万起！国家网信办曝光未成年人电信网络诈骗典型案例**\n\n8月8日，据中国网信办消息，今年以来，已处置涉未成年人电信网络诈骗案件1.2万余起。\n\n暑假期间，国家网信办反诈中心监测发现多起针对未成年人的电信网络诈骗事件。不法分子经常以加入“明星粉丝QQ群”为诱饵，声称完成任务可领取礼品或明星签名，诱导未成年人进行转账或刷单；有的宣称免费赠送游戏装备，再通过“激活费、认证费、验证费”骗取未成年人钱财，严重危害未成年人身心健康。\n\n并公布了七起典型案例。\n\n**5、工信部通报 47 款侵害用户权益 App 和 SDK**\n\n8 月 26 日，工信部发布了《关于侵害用户权益行为的App 通报（2022 年第 5 批，总第 25 批）》。\n\n工信部表示，依据《个人信息保护法》《网络安全法》《电信条例》《电信和互联网用户个人信息保护规定》等法律法规，工信部组织第三方检测机构对群众关注的酒店餐饮类、未成年人应用类等移动互联网应用程序（App）及第三方软件开发工具包（SDK）进行检查，对发现存在侵害用户权益行为的共 227 款 App（SDK）提出整改要求。截至目前，尚有 47 款 App（SDK）未按要求整改，现予以通报。\n\n![img](https://p3-juejin.byteimg.com/tos-cn-i-k3u1fbpfcp/703a1b5fcf834c0a9a381ea10d089b36~tplv-k3u1fbpfcp-zoom-in-crop-mark:4536:0:0:0.awebp)\n\n# 国外安全热点\n\n**1、员工被钓鱼，云通讯巨头Twilio客户数据遭泄露**\n\n据Bleeping Computer网站8月8日消息，云通讯巨头Twilio表示，有攻击者利用短信网络钓鱼攻击窃取了员工凭证，并潜入内部系统泄露了部分客户数据。\n\n![img](https://p3-juejin.byteimg.com/tos-cn-i-k3u1fbpfcp/73c54481cbc24d2588f7f5b090e1d21e~tplv-k3u1fbpfcp-zoom-in-crop-mark:4536:0:0:0.awebp)\n\n8月4日，Twilio首次注意到了这些旨在窃取员工凭证的复杂社会工程学攻击。这些攻击者冒充公司内部的IT部门人员，向公司员工发送短信，警告他们的系统密码已经过期，需要通过点击短信附带的URL进行修改。该URL带有“Twilio”、“Okta”和“SSO”等具有高仿真性的字段，受害员工一旦点击便会跳转到一个克隆的 Twilio 登录页面。\n\n当被问及有多少员工的帐户在网络钓鱼攻击中“失陷”，以及有多少客户数据受到泄露影响时，Twilio 的 EMEA 通讯总监 Katherine James 拒绝透露相关信息。Twilio 对外表示，已经与美国的短信供应商取得联系，封闭了发送钓鱼短信的账户。\n\n**2、TikTok 被曝 App 内浏览器“监控输入和点击的任何内容”**\n\n8 月 21 日消息，据安全研究员 Felix Krause 称，TikTok 在 iOS 上的自定义 App 内浏览器将 JavaScript 代码注入外部网站，允许 TikTok 在用户与给定网站交互时监控“所有键盘输入和点击”，但据报道 TikTok 公司否认了该代码被用于恶意行为。\n\nKrause 表示，当用户与外部网站交互时，TikTok App 内浏览器会“订阅”所有键盘输入，包括密码和信用卡信息等任何敏感细节，以及屏幕上的每次点击。\n\n“从技术角度来看，这相当于在第三方网站上安装键盘记录器，”Krause 在谈到 TikTok 注入的 JavaScript 代码时写道。然而，研究人员补充说，“仅仅是应用将 JavaScript 注入外部网站，但并不意味着该应用正在做任何恶意的事情。”\n\n在与福布斯分享的一份声明中，TikTok 发言人承认了有问题的 JavaScript 代码，但表示它仅用于调试、故障排除和性能监控，以确保“最佳用户体验”。\n\n“与其他平台一样，我们使用 App 内浏览器来提供最佳用户体验，但所讨论的 Javascript 代码仅用于调试、故障排除和性能监控 —— 例如检查页面加载速度或是否崩溃。”\n\n**3、针对微软企业电子邮件服务，大规模网络钓鱼攻击来袭**\n\n近期，来自ThreatLabz的安全研究人员发现了一批大规模的网络钓鱼活动，该活动使用中间人攻击 (AiTM) 技术以及多种规避策略。\n\n据分析，这些网络钓鱼活动和微软发现的活动如出一辙，它们不但使用AiTM绕过多因素身份验证 (MFA)，还在攻击的各个阶段使用了多种规避技术，旨在绕过典型的电子邮件安全和网络安全解决方案。\n\nThreatLabz认为该活动是专门为使用微软电子邮件服务的企业而设计的。“商业电子邮件泄露 (BEC) 对企业来说仍是一个威胁，此次活动进一步强调了防范此类攻击的必要性。”\n\nThreatLabz表示，这些网络钓鱼攻击第一步就是向受害者发送带有恶意链接的电子邮件，威胁参与者几乎每天都在注册新的网络钓鱼域名，并且大多数目标企业是金融科技、贷款、金融、保险、会计、能源和联邦信用合作社行业等行业。而且多数目标企业位于美国、英国、新西兰和澳大利亚。\n\n**4、新钓鱼平台Robin Banks出现，多国知名金融组织遭针对**\n\n近期出现了一个名为 \"Robin Banks \"的新型网络钓鱼服务（PhaaS）平台，提供现成的网络钓鱼工具包，目标是知名银行和在线服务的客户。该钓鱼平台的目标包括了花旗银行、美国银行、Capital One、Wells Fargo、PNC、美国银行、劳埃德银行、澳大利亚联邦银行和桑坦德银行等各国知名金融机构。\n\n此外，Robin Banks还提供了窃取微软、谷歌、Netflix和T-Mobile账户的模板。根据IronNet的相关报告显示，Robin Banks已经被部署在6月中旬开始的大规模钓鱼攻击活动中就已经出现了Robin Banks的身影，其通过短信和电子邮件针对受害者进行钓鱼攻击。\n\n**5、2021年，身份欺诈案例创下新记录**\n\n根据身份盗用资源中心 (ITRC) 的数据，谷歌语音诈骗在 2021 年的身份相关欺诈案例中创下新纪录。\n\n据统计，2021年共计收到14，947份来自消费者的报告，比2020年增加了26%，是有史以来处理的最多的一次。\n\n其中一半(50%)是诈骗受害者:也就是说，他们与攻击者共享个人身份信息(PII)。超过一半(53%)的这一组包括谷歌语音诈骗，是今年最流行的欺诈类型。\n\n欺诈者通常会寻找在网上销售商品的受害者。他们会向受害者发送一个谷歌验证码，并要求受害者分享该代码——表面上是为了验证他们是“真正的”卖家。\n\n事实上，如果受害者这样做，他们的电话号码将被链接到一个新创建的欺诈性谷歌语音帐户，该帐户将被用于诈骗他人。\n\n在其他地方，ITRC记录的“身份滥用”事件增加了8%，总数达到4168起。其中五分之二(40%)与金融账户滥用有关，其中大多数与新账户欺诈(64%)有关，其余与账户接管(36%)有关。\n\n**6、苹果安全漏洞登上热搜第一 涉及iPhone、iMac等**\n\n据美联社20日报道，美国苹果公司当地时间本周三发布两份安全报告，两份报告披露，公司旗下智能手机iPhone、平板电脑iPad和iMac电脑等产品存在严重安全漏洞。\n\n![img](https://p3-juejin.byteimg.com/tos-cn-i-k3u1fbpfcp/810a8fdf44674dbda635d7b54016f02a~tplv-k3u1fbpfcp-zoom-in-crop-mark:4536:0:0:0.awebp)\n\n这些漏洞可能会让潜在的攻击者入侵用户设备、获得管理权限甚至完全控制设备并运行其中的应用软件。\n\n值得一提的是，8 月17、18 日，苹果发布多个安全性更新，随后还建议用户尽快更新所有设备上的系统，以修补周三公布的漏洞，目前苹果安全漏洞已经修复，安全专家也呼吁苹果用户立即下载更新。\n\n据介绍，受本次漏洞影响的设备涵盖了几乎所有的苹果产品。其中，手机包括iPhone 6S及以后的型号；平板包括第五代及以后的iPad，所有iPad Pro，以及iPad Air 2；电脑则是运行MacOS Monterey的Mac。此外，该漏洞还能影响到部分型号的iPod。', 'https://p1-juejin.byteimg.com/tos-cn-i-k3u1fbpfcp/aef573b222ec438ba4ee0e826d9a3065~tplv-k3u1fbpfcp-zoom-crop-mark:1512:1512:1512:851.awebp?', 1, NULL, 1, 0, 1, '[]', 1011, '2023-03-13 13:27:51', '2023-03-21 21:32:52', 0, '8月业务安全月报 | 多家科技企业遭勒索软件攻击；刷单诈骗暴增；苹果曝严重漏洞');
INSERT INTO `post` VALUES (89, '国际刑警组织在最新市场报告中警告称，欺诈仍是整个非洲大陆网络犯罪分子的主要目标。一份新报告显示，在线诈骗仍然是非洲公民面临的最大网络威胁，尽管勒索软件攻击正在非洲大陆“迅速扩展”。国际刑警组织昨天（10 月 25 日）发布的这项研究(PDF) 发现，互联网欺诈是非洲国家面临的最大风险，这些国家报告的网上银行诈骗数量急剧增加，包括银行和信用卡诈骗欺诈，在 2021 年。', '![1.jpeg](https://p3-juejin.byteimg.com/tos-cn-i-k3u1fbpfcp/567b20ffecd840d09914d628792a035a~tplv-k3u1fbpfcp-zoom-in-crop-mark:4536:0:0:0.awebp?) *国际刑警组织在最新市场报告中警告称，欺诈仍是整个非洲大陆网络犯罪分子的主要目标*\n\n一份新报告显示，在线诈骗仍然是非洲公民面临的最大网络威胁，尽管勒索软件攻击正在非洲大陆“迅速扩展”。\n\n国际刑警组织昨天（10 月 25 日）发布的这项研究(PDF) 发现，互联网欺诈是非洲国家面临的最大风险，这些国家报告的网上银行诈骗数量急剧增加，包括银行和信用卡诈骗欺诈，在 2021 年。\n\n\n数字勒索——定义为“对性妥协图像或直接勒索活动的指控”——是记录的第二高网络威胁。\n\n虽然在 Covid-19 大流行期间，商业电子邮件泄露 (BEC) 诈骗也越来越突出，部分原因是依赖银行电汇的企业和组织的增加。\n\n \n\n### 更好的连接\n\n \n\n可以访问互联网的非洲公民人数估计约为 5 亿，这本身就是一个巨大的数字，尽管与总人口相比仅占 38%。\n\n领先的是肯尼亚，其 83% 的人口在线，尼日利亚为 60%，南非为 56%。\n\n\n欺诈历来是整个非洲大陆的一个问题——特别是网络钓鱼活动和浪漫诈骗——但报告发现，非洲数字化的增长为犯罪创造了新的途径。\n\n报告写道：“……向数字社会迈进——尤其是在非洲地区——为犯罪分子创造了新的攻击媒介，既可以混淆他们的身份，又可以瞄准新的受害者。”\n\n \n\n### 勒索软件崛起\n\n \n\n虽然社会工程学仍然是非洲最受欢迎的攻击媒介，但研究发现，勒索软件和僵尸网络攻击的实例也在增加。\n\n勒索软件是报告中确定的第四大最流行的网络攻击，该报告指出，仅在 2020 年，该地区就有超过 61% 的公司受到勒索软件的影响。\n\n“这些攻击针对的是一些非洲国家的关键基础设施，包括医疗保健和海事部门，”它写道。\n\n\n排在第五位的是僵尸网络，受感染机器的网络用作自动化大规模活动的工具，例如 DDoS 攻击、网络钓鱼和恶意软件分发。\n\n报告写道：“非洲 [2021 年] 检测到的僵尸网络受害者数量约为 50,000，每月平均检测到 3,900。”\n\n \n\n### 造成的伤害\n\n \n\n国际刑警组织将此策略转变部分归咎于该地区企业缺乏网络安全实践，尤其是由于网上银行的广泛采用而令人担忧。\n\n国际刑警组织在报告中声称，90% 的非洲企业在“没有必要的网络安全协议的情况下”运营。\n\n国际刑警组织表示，2016 年，网络犯罪使南非经济损失了 5.73 亿美元，而尼日利亚经济损失了 5 亿美元，肯尼亚经济损失估计为 3600 万美元。', 'https://p3-juejin.byteimg.com/tos-cn-i-k3u1fbpfcp/567b20ffecd840d09914d628792a035a~tplv-k3u1fbpfcp-zoom-in-crop-mark:4536:0:0:0.awebp?', 1, NULL, 2, 0, 2, '[]', 1011, '2023-03-13 13:34:41', '2023-05-12 23:59:11', 0, '非洲勒索软件、僵尸网络攻击有所增加——但在线诈骗仍构成最大威胁');
INSERT INTO `post` VALUES (90, '近日，小王接到了一个自称“京东客服”的电话，说她网购的银行卡有一些网贷需要注销。因为个人信息与她的真实情况相符，小王便也相信了。随后在短短三个小时内，为了注销那些根本不存在的网贷，小王被骗了392600元，这其中包括银行贷款和网贷。还有一笔20多万的招行贷款因为审批慢没有到账，否则损失还将更为巨大。', '\n![欺诈团伙遇上关联网络，邪不压正](https://p6-juejin.byteimg.com/tos-cn-i-k3u1fbpfcp/c00033175f87459eaf243a49d4113841~tplv-k3u1fbpfcp-zoom-crop-mark:1512:1512:1512:851.awebp?)\n\n你可能永远都想不到骗子有多狡猾、多专业。\n\n最近，小象看到这样一个案例：\n\n近日，小王接到了一个自称“京东客服”的电话，说她网购的银行卡有一些网贷需要注销。因为个人信息与她的真实情况相符，小王便也相信了。随后在短短三个小时内，为了注销那些根本不存在的网贷，小王被骗了392600元，这其中包括银行贷款和网贷。还有一笔20多万的招行贷款因为审批慢没有到账，否则损失还将更为巨大。\n\n意识到被骗的小王虽然选择了马上报警，但也知道追回损失的希望渺茫，于是便在网上分享了自己的受骗经历，收到了很多私信，其中一个网友还将他拉进了“难友群”，由于都是有相同被骗经历的人，小王并没有多加戒备，几番互相诉说宽慰之后，群友开始把话题转移到“怎么把钱追回来”。虽然觉得不可思议，但小王还是动心了，添加了那个自称能帮他追回钱的人。如果不是看到微信的系统提示：请注意核实对方的身份，谨防诈骗，小王很可能便再次走入骗子设置好的陷阱。\n\n而随着个人诈骗意识的提升，诈骗团伙们也将更多目标放到了有组织、有预谋的团伙欺诈上。\n\n不仅如此，欺诈团伙甚至还有专业的培训。\n\n据媒体报道，某骗贷团伙在北京五环外的地方租一个商铺，将商铺装修成一个茶庄。然后从南方某一大省运一整村的村民过来，培训村民各种关于茶庄经营状况的话术：茶庄一个月的流水多少、从哪里进货、卖给谁、毛利多少、 如何缴税等等。最后让村民扮演茶庄的老板，去北京数十家信贷机构贷款，拿到几百万之后各自分成，一起跑路。\n\n这其中也不乏高智商人群。\n\n2018年，新西兰警方公布不了华人黄康和妻子张燕成合同律师陈刚、BNZ贷款经理蒋宗良以及ANZ的贷款经理Peter Cheng的团伙欺诈案。\n\n黄康、张燕及律师陈刚办理了大量虚假的身份证明，并给这些假身份准备了详实的个人信息，工资单、其他收入和劳动合同等。随后，他们这些虚假信息和文件随后被提交给了ANZ、BNZ等多家银行，声称奥克兰和汉密尔顿地区的76套房屋有买卖交易，为此申请购房抵押贷款。BNZ贷款经理蒋宗良以及ANZ的贷款经理Peter Cheng，在帮助银行审查贷款资料时轻松通了审核。半年时间里，该团伙将5400万美元的贷款收入囊中。\n\n而这样的团伙欺诈手段，对他们来说已然是轻车熟路。打掉了一个欺诈团伙，还会有下一个欺诈团伙，那么，如何揪出欺诈团伙呢？\n\n# 关联网络如何实现网贷反团伙欺诈？\n\n在顶象第九期业务安全大讲堂系列课程之[《关联网络技术在业务安全中的应用》](https://juejin.cn/post/7166507271021658120)中我们曾详细的介绍过关联网络在团伙欺诈中的作用。\n\n关联网络技术指的是通过关联图谱识别团伙欺诈、补充个体风险的识别能力。在团伙欺诈申请中，多人多笔贷款申请往往会通过要素共现（如相同的设备、IP等）构成关联关系。于是，我们便可利用关联网络技术来识别这种关联关系，进而发现团伙性的逾期风险。\n\n其基本解决思路是**通过构建手机号和设备的共享网络，发现连通性社区，进而训练评分模型来判断社区是否具有团伙性的逾期风险，**整体流程如下图所示。\n\n![img](https://p3-juejin.byteimg.com/tos-cn-i-k3u1fbpfcp/490e40a710ae4938b161751091db9925~tplv-k3u1fbpfcp-zoom-in-crop-mark:4536:0:0:0.awebp)\n\n首先，我们可通过共现关系这一隐含关系，将订单要素的关联图谱简化为以手机号和设备为节点构成的二部图。\n\n![img](https://p3-juejin.byteimg.com/tos-cn-i-k3u1fbpfcp/32012d515aa444db862b871d38e05a4a~tplv-k3u1fbpfcp-zoom-in-crop-mark:4536:0:0:0.awebp)\n\n然后，根据图的连通性，划分出各个连通社区。\n\n![img](https://p3-juejin.byteimg.com/tos-cn-i-k3u1fbpfcp/87d7002ae49f4494b3f941d5435573df~tplv-k3u1fbpfcp-zoom-in-crop-mark:4536:0:0:0.awebp)\n\n最后，计算各类社区内的风险指标，如社区大小、城市数量、征信逾期笔数、命中黑名单笔数等等，通过训练评分模型来判断社区是否具有团伙性的逾期风险。\n\n# 警惕网贷诈骗风险，关联网络有妙招\n\n作为人工智能技术在反团伙欺诈的重要应用，顶象关联网络能够动态定位潜在欺诈及高风险团伙，从源头追溯解析作案手段，系统地预测出进化趋势，并精准定量评估欺诈等高风险操作的波及范围和影响力度，帮助金融机构快速识别异常操作，高效挖掘机构内外部的潜在欺诈及高风险团伙，增强对未知风险的防范能力，进一步完善和提高金融机构风险管理系统的可靠性和准确率。\n\n![img](https://p3-juejin.byteimg.com/tos-cn-i-k3u1fbpfcp/01777e8e2a0f4714ae98f5f70755cd9f~tplv-k3u1fbpfcp-zoom-in-crop-mark:4536:0:0:0.awebp)\n\n关联网络反团伙欺诈的解决方案主要有4个步骤**：关联图谱构建、关联关系挖掘、图谱展示查询和风险监测运营四个部分组成，**通过充分挖掘客户自有数据的价值，建立起以数据和算法为驱动的风险防控机制。\n\n首先，**关联图谱构建：**基于对场景需求和业务逻辑的理解，跨部门、跨产品构建覆盖个体、设备、组织、产品、交易等维度的复杂关联图谱。\n\n其次，**进行关联关系挖掘：**基于构建的关联图谱，抽取关联网络，运用标签传播、社区发现等复杂网络算法，进行风险节点和风险团伙的挖掘，并可结合个体和社区的风险指标，训练模型，进一步识别出高风险的个体和团伙。\n\n再次，**图谱展示：**将通过关联关系输出的风险名单以图谱的形式进行展示，提供可视化的操作界面来辅助风控人员进行风险的日常监测和运营。在这个过程中，又会不断的积累出新的业务数据。\n\n最后，**风险监测运营：**基于反团伙欺诈运营平台的可视化监控台、风控策略管理、黑名单标签库管理等服务，为业务安全保驾护航。此外，将关联网络技术输出的风险名单推送到打标系统，由专家进行进一步确认打标，确保在算法上线后，能够持续更新迭代。\n\n此外，个人也应时刻警惕，保护好个人隐私信息，不给犯罪分子可趁之机；对“自报家门”的陌生人保持警惕，立即向相关方核实对方身份；网贷需谨慎，提高对第三方平台的风险防范意识，加强法律意识；发现不妥或有疑问要及时咨询，切勿存有侥幸心理。', 'https://p6-juejin.byteimg.com/tos-cn-i-k3u1fbpfcp/c00033175f87459eaf243a49d4113841~tplv-k3u1fbpfcp-zoom-crop-mark:1512:1512:1512:851.awebp?', 1, NULL, 2, 6, 2, '[]', 1011, '2023-03-13 13:48:50', '2023-04-13 08:23:25', 0, '欺诈团伙遇上关联网络，邪不压正');
INSERT INTO `post` VALUES (91, '上月末，好朋友告诉我说，他弟弟被传销了，发信息向他求救，打电话向廊坊报警，得到的回复是必须要到当地才可以报警立案，随后在他家乡和杭州报警询问，得到的结果都是说要到当地报警。于是马上一起去了河北廊坊，去寻求警方的帮助，然而后几天的经历才发现，\'人民的名义\'中那些正气的警察真的只是在电视中才会出现的，至少说我们是没有遇到的。\r\n\r\n以下称朋友的弟弟为 A 。', '> **传销是指组织者发展人员，通过对被发展人员以其直接或者间接发展的人员数量或者业绩为依据计算和给付报酬，或者要求被发展人员以交纳一定费用为条件取得加入资格等方式获得财富的违法行为。 --摘自百度百科**\r\n\r\n上月末，好朋友告诉我说，他弟弟被传销了，发信息向他求救，打电话向廊坊报警，得到的回复是必须要到当地才可以报警立案，随后在他家乡和杭州报警询问，得到的结果都是说要到当地报警。于是马上一起去了河北廊坊，去寻求警方的帮助，然而后几天的经历才发现，\'人民的名义\'中那些正气的警察真的只是在电视中才会出现的，至少说我们是没有遇到的。\r\n\r\n以下称朋友的弟弟为 A 。\r\n\r\n- 5.31 上午到达河北廊坊。\r\n\r\n到廊坊后，第一件事就是去廊坊市公安局报案，然后却被拦在市公安局门口不让进，然后保安态度恶劣，让我们打 110 报案，然后我们就在市公安局门口打 110 报案，然后电话是廊坊市新开路派出所接的，然后让我们到哪里去，我们问为什么市公安局不让进，为什么不能去公安局报案，要去派出所，得到的回复是，市公安局是他们所在的派出所管辖的辖区，市公安局不接待访客，让我们去派出所。\r\n\r\n虽然有点生气，但是为了营救 A，还是去了派出所，然后到达派出所后，进行身份登记后，我们把情况都告诉他们了，说了我们现在有定位，有求救信息，有电话可以进行定位，然后询问能不能立案，得到的回复却依然是不能，民警说，立案需要取证，需要进行侦查，然后只能尽力给我们协助，但不会负责到底，有案件管辖权的问题，然后我们又说，举报传销可不可以立案，民警依然是说不能，需要取证才可以。\r\n\r\n然后另一个民警，抽着烟翘着二郎腿，和我们说，可以在走失地报人口失踪，我们讲因为我们现在有时候还可以联系到 A，所以报不了人口失踪，又因为我们知道 A 在廊坊，而且报警也是让我们来这边才会受理，我们才来的。\r\n\r\n然后民警问我们现在知道的位置，然后说位置属于北旺派出所，让我们去那边。而且还问我们为什么会接待我们，我们回答，是因为我们报了案，他说，是因为我们在市公安局报了案，属于他们辖区，他们才接待的。\r\n\r\n之后我们打车去北旺派出所，觉得这些民警都不在乎，不在意这事情。\r\n\r\n到达北旺派出所后，被拦在了接待室，只能在接待室进行报案，和这个接待的民警说了这些情况，这个民警说我们来之前不久，也有一个人来报案，也是关于传销，是他妹妹被传销了，然后说了些廊坊有几大传销窝点，打击了好几次了，然后让我们留下了三分照片材料，说会给三个班都说一下，然后会把信息给领导，排警察进行摸查，确定了位置就会去取缔，然后让我们等消息。\r\n\r\n**第一天感觉并不好，觉得警察都不在意，对于亲属来说这是件天大的事情，然而对于他们来讲，感觉就是件司空见惯的事情，给人的感觉就是敷衍过去就可以了。**\r\n\r\n- 6.1 日第二天， 绝望的一天，**比坏人更可恨的是，知道却不作为的警察。**\r\n\r\n上午去广阳区工商局进行举报传销，然后到工商局的经检大队进行了举报传销，然后把已知的信息提供了，然后随口问了下市公安局可不可以进入，得到的答案居然是可以。\r\n\r\n随后我们又去廊坊市政府，想咨询下市公安局能不能进入，按我们的想法是市公安局作为一个政府机构，为什么不能接收群众的报案，哪怕是接收后分派到各辖区，然而询问市政府门前的民警们，也没有得到明确的答案，到底能不能进入，我们把昨天报案传销的经历告诉他们，他们讲如果有不作为的警察，可以去督察局举报他们。 再次给了我们一个希望。\r\n\r\n下午去派出所询问案件情况，两点半警察才上班，等到两点半后，去询问的结果居然是，他不知道，说是昨天的班没有告诉他，然后我们讲昨天留了三分材料，他说昨天的班没有和他交接，可能是和别人，然后让他问一下，也没有问，就说不知道，还说有情况会和我们联系，搞笑，连案情都不知道，怎么和我们联系，之后，我们在北旺派出所的一阴凉处准备给督察局反应，但是却被这个接待的民警给赶出派出所，让我们出去打。\r\n\r\n打广阳区电话，说要举报派出所，问举报电话时，接线员说不知道，给挂断了，再次打，告知了电话，却打了十几二十个都没人接，**有点生气又绝望，警察不管，举报没人接，这就是真实的派出所吗。**\r\n\r\n后来又遇到四个人报案，同事被传销，然后三个同事和他父亲来报案，之后在那边聊了会，他们的报案路线和我们的一样。去市公安局报案不让进，转到新开路派出所，派出所再转到当地辖区。\r\n\r\n他们说已经去过大枣林看过，我们说了我们现在的情况，定位什么的都给他们看了，然后说想我们再一起去一下，但是他们却不想去了，也没有告诉我们多少信息，一直再问我们，同样的受害者却还不想相互帮助。\r\n\r\n再离派出所十几米的地方，有一个照相馆，传销报案需要把当事人照片打印出来，然后照相馆的人会给你个电话，是当地黑社会捞人的电话，给钱就可以把人捞出来。\r\n\r\n那个人的父亲好想是要通过这种方法来捞人。\r\n\r\n之后我们打算自己去看一下，没有找到好心的当地人，然后就打了一辆出租车去看，出租车司机知道我们的目的后，说他一侄女也被传销了，后来他去救的。我们跟着定位走，很轻易地就找到了定位上的地方，果然里面有一伙传销，但是却被发现了，打草惊蛇，本想让司机大哥帮助我们下，一起进去看看，但是司机不想去，我们只能冒着他们逃走的风险，去派出所报案。\r\n\r\n但是，遇到的居然是这种事情。\r\n\r\n**前段时间刚看完人民的名义，侯亮平带领几辆警车闯红灯，一路到机场拦截欧阳靖，我们本想，就算不是这样，第一时间赶到那里就可以了。**\r\n\r\n但是。\r\n\r\n去派出所报案，民警听了，一点不着急，然后不急不忙的去开警车和我们一起去，然后，他们居然要先去中途办一件民事纠纷！！！因为他们之前没时间去！！！\r\n\r\n里面有三个警察，两个快退休的了，一个年轻一点，就这三个人，简直是民警的耻辱，我们说能不能先处理我们的案件，传销，A 的人身安全，去晚了就跑了，他们说跑不了，能跑到那里。我们说这是关系到 A 人身安全的问题，那个年轻的警察说，他这个也是人命关天，万一纠纷打架打死人呢。\r\n\r\n？？？\r\n\r\n特生气，然后他们到了后，下车后，我们两个想自己去，但是警车被锁住了，我们开不了，我们一直砸门喊他们开，过了一会才开，我们两个马上出去就走，他们告诉我们，处理完了。\r\n\r\n我TM，这就是你们的案情紧急。\r\n\r\n然后**到那里，人跑了，留下一个人，****一看就是放风的，这么简单的事情，警察居然不管不问，我们问那个人问题，警察不让我们问，我们让那个人那身份证，证明他身份，警察不让我们管，我们想让警察把那个人带回派出所询问，警察不带，什么都不问，不管。**\r\n\r\n知道他们的处理方式吗。**就是拿锄头把那屋子里的水缸锅给砸了，呵呵，这就是办案方式？**\r\n\r\n**比坏人更可恨的是，知道还不作为的警察；知道是传销，却还不放在心上；人跑了，知道人说的是谎话，却连问都不问，敷衍了事的无作为；是一天天混吃等死，给警察拉低形象的混子。**\r\n\r\n最终无功而返，反而打草惊蛇。\r\n\r\n- 6.2 日，最后一天\r\n\r\n**在此要特别感谢以为朋友的老乡，做自媒体的老乡**，我们在去廊坊之前微博发过很多，联系很多微博大V，自媒体，回应的寥寥无几。这个老乡还是蛮好的，以个人身份给我们建议，给我们提供帮助，**再次感谢**。\r\n\r\n这天见到了他本人，聊了下关于传销的情况，廊坊这边很多很多。\r\n\r\n他也讲说把这件事和上面反应过，但是得到的回复是，现在廊坊在办书博会，不允许报道不好的事情。\r\n\r\n还有一件，当时我们看来很可怕的事情，6.1 日晚上，我朋友接到一短信，问我们是不是再找人，捞人可以找他，当时看到的时候，天呐，觉得廊坊这边太危险了，朋友电话除了在派出所和工商局留下过，其他就是滴滴打车时司机打过。\r\n\r\n据这个老乡讲，发短信这个是当地黑社会的。因为老乡L多次接触过传销，也救出来了一些人，他猜测捞人这么快的原因，一种可能是传销人员，然后他拉进去好多人，到一定的位置后，然后出来转行做这个，另一个是传销去找寻当地黑社会的保护，然后才会这么快找到。\r\n\r\n之后，去广阳区督察局，举报昨天遇到的民警的事情，因为我们都有录音，查证据我们也有，然而我们又想多了。\r\n\r\n1. 第一件是昨天去询问案情，民警的态度及处理方式，然后督查室只是记下来了。\r\n2. 第二件就是去传销窝点的事情，然后我们说警察在中途去处理了民事纠纷，没有第一时间去窝点，我们讲可以分下轻重去执行， 得到的回应是，我们**去派出所报案传销，派出所只能说协助，我们属于求助，然后其他人报案是属于派出所的案件，优先级比求助类高，派出所警力不够，只能按顺序来。** 然后说如果**没有出警**，我们**可以向上级反应**下，但是**已经出警**了，他们也**没办法**\r\n3. 第三件照相馆会给人捞人的电话，然后这个得到的回应是，有很多群众反应这个情况，但是这个事情在法律上并没有明确的规定，所以也很难监管。\r\n4. 第四件事情问现在的传销能不能立案，得到的回应是去派出所报案，现在的传销都是求助类，还没有上升到一定的高度，就算抓到一个窝点，属于传销人员下线的，也处罚不了，只能记录他们身份，然后询问回不回家，就没有其他的了。\r\n\r\n然后说他们新来的局长很重视这块，正在狠抓传销，北旺是重点区域。\r\n\r\n然后，反应完，也感觉并没有什么用。\r\n\r\n之后去火车站，打算回去。\r\n\r\n然后我们想到要不要骗A说，朋友自己来了这边，看他过不过来，开始不接电话，后来，说来。\r\n\r\n然后我们去求助火车站的警察，希望 A 来了后，可以帮忙一起抓住。\r\n\r\n后来人来了，然后也抓住他了。\r\n\r\n然后朋友和开始和他讲，不听。\r\n\r\n他说就算是带他回去，他也会再回来。\r\n\r\n然后我们打算强制带他回去，然后在火车站进站时，然后..我们就打起来了..\r\n\r\n> **中国式传销 是虚假的公司，虚构的产品，什么都是空的，就只是让你拉人头，从入会费或者加盟费中提取少量提成。或者控制人身自由，没收财物，让你无法与外界联系，天天学习那些传销培训教材，让你学会怎么骗人，然后列名单、电话或书信邀约、摊牌、跟进、直至以各种方式交齐入会费或者加盟费**。\r\n\r\n**现在的中国式传销是建立在精神控制的基础上，即让你通过他们的传销培训洗脑后自发的去组织进行传销；另外一些会控制你的人身自由，没收所有物品，并且通过暴力使你认可这些谎言。**\r\n\r\n> **摘自 百度百科 传销的发展形成**\r\n\r\n后来朋友一直在和他讲，A 也讲了一些事情，初中的时候被人打，回家又没敢讲，最终导致不读书了。\r\n\r\n然后 A 说是想为家里好，但是不承认自己做的是错的路，一直说不回去，回去也会回来，说之前求助是因为觉得自己受不了那苦，然后又说不回去是他不受苦将来家里就会受苦，然后我们讲，受苦但是要受对方向，然后我们告诉他方向错误了，他不信也不听，然后怎么说都不听，怎么着怎么着。\r\n\r\n然后后来朋友在和 A 一直讲，但是 A 就是不回去，说自己也搜过传销那些事情，但是他没有骗人去，所以才没有钱，是觉得在哪可以学到东西。\r\n\r\n然后后来朋友让他回家看下妈妈，他说会回去但不是现在。\r\n\r\n讲要是强行带他回去，他回去看一下，然后再回来。然后说一些不要干涉他之类的话，然后还说要和朋友断绝关系，去法院签断绝关系责任书，\r\n\r\n我们两个，商量，既然他要自己选，就让他自己选，回家看一下他妈妈，还是不回去。\r\n\r\n他选择了不回去，说自己的选择，你们拦住没有用。\r\n\r\n我们两个也决定既然他那么不肯回去，就给他自己选择的机会。\r\n\r\n也不知道这样是不是校园暴力给他造成的要想我，还是家庭教育造成的影响，还是自己走偏了。\r\n\r\n**第一次正面面对传销，感受深刻，不知道到底是什么手段，会让一个人如此相信，即使和最亲近的人断绝关系也要相信这个。**\r\n\r\n**我们也有想过可能会带不回来，结果虽然有点难过，但我们还是没有后悔的。**\r\n\r\n**最生气的是，对于警察这一块。**\r\n\r\n**警察的无作为，不在意，尤其是北旺派出所那几个民警，态度以及方法，都让人生气。**\r\n\r\n**第一次体会到一个普通人在进行报案，维权的时候，作为受人民信任的警察，在面对群众举报的时候，毫不在意，真的是一颗老鼠屎坏了一锅粥。**\r\n\r\n**从去廊坊时相信警察会帮忙找人，到自己这几天的经历，民警的敷衍，无作为，不在意，不追究，在去了传销窝点后，不去审问剩下的那一人，而是毫无责任感的砸掉水缸，赶走那人，但是这有什么意义呢。**\r\n\r\n**电视上到处都是，警察是好人，会帮助有难的人民，连电影审查都规定警察不能是坏人，但是电视剧电影中，警察形象树立的再好又有什么用呢，亲自体验一次之后，心中的形象越好，崩塌的越厉害。还是提高下警察的责任感，努力打击坏人坏事才是最重要的。**\r\n\r\n**经过这次事情，感想就是，在廊坊遇到的这些事情，导致我再也不想去那边。还有就是 相信警察都是好人，有事找警察 的这种思想，我应该已经没有了。**\r\n\r\n**以上。**', 'https://p3-juejin.byteimg.com/tos-cn-i-k3u1fbpfcp/567b20ffecd840d09914d628792a035a~tplv-k3u1fbpfcp-zoom-in-crop-mark:4536:0:0:0.awebp?', 1, NULL, 0, 0, 0, '[]', 1011, '2023-05-07 10:19:20', '2023-05-09 19:37:08', 0, '记第一次与传销的正面接触');
INSERT INTO `post` VALUES (92, '郭德纲有个相声叫做“蜂麻燕雀”，里面提到一些旧社会的骗人手段和案例。在过去，那些骗人的模式也叫做生意，属于捞偏门。\r\n\r\n偏门，也就是旁门、左道、非正途；捞偏门就是使用违法、犯戒、打法律政策擦边球等不正当的手段谋取利益。', '郭德纲有个相声叫做“蜂麻燕雀”，里面提到一些旧社会的骗人手段和案例。在过去，那些骗人的模式也叫做生意，属于捞偏门。\r\n\r\n偏门，也就是旁门、左道、非正途；捞偏门就是使用违法、犯戒、打法律政策擦边球等不正当的手段谋取利益。\r\n\r\n虽然道德和法律风险巨大，但是获得的收益却往往是正规合法渠道的几倍甚至几百倍。\r\n\r\n在移动互联网的今天，网络上捞偏门的手段很多。不仅表现在我们已经知道的钓鱼诈骗、电信诈骗、勒索病毒等，更有很多平常不容易察觉的方式。\r\n\r\n在这里，并不是鼓励网友去学习捞偏门，而是提醒企业和个人警惕这些不法的手段，并能够做好防范，尤其不要成为捞偏门不法一员的“猎物”。\r\n\r\n## 一、假账号\r\n\r\n近日，浙江东阳警方抓获一个46人的犯罪团伙，追缴赃款100多万元。该团伙假冒他人信息注册网约车账号，然后以一条80到300元不等的价格卖给想注册网约车、但不符合条件的人。\r\n\r\n不符合网约车规范的人去开网约车，由此造成的危害不再赘述。\r\n\r\n其实，这类情况比较普遍。凡是在一些用户量庞大的UGC平台 ，都会有各类仿冒账户的情况存在。\r\n\r\n例如：微博上有很多冒充大V的账号，一般是名字前后有个不起眼的符号，经常在热门微博下发布广告、给粉丝发私信荐股。\r\n\r\n![img](https://p1-jj.byteimg.com/tos-cn-i-t2oaga2asx/gold-user-assets/2018/10/26/166ae3fe2d03031a~tplv-t2oaga2asx-zoom-in-crop-mark:4536:0:0:0.awebp)\r\n\r\n还有，很多短视频直播平台上有一些假冒的明星账号。利用明星知名度和影响力吸引粉丝，向粉丝兜售商品、借钱、充话费、推荐产品，然后把积累的粉丝吸引到其他工具上，再进行深入的牟利或诈骗。最后可能讲虚假账号转售给其他个人或组织。\r\n\r\n短视频平台上假明星账号运作流程是这样：\r\n\r\n1. 购买信息或账号。从黑市买网站、平台上的账号、身份证等信息，进行注册、篡改、认证；\r\n2. 批量登录账号。利用电脑、软件、群控等工具批量注册、登录、修改账号；\r\n3. 养号吸粉。利用爬虫等工具，从媒体、微博、微信等各公开平台抓取目标人群的信息、照片等，并定期进行更新发布。并各种平台内推广，总之吸网友关注并成为粉丝；\r\n4. 牟利。针对粉丝进行广告宣传、商品销售，并建立粉丝群，进行进一步欺骗等。\r\n\r\n除了冒充明星，捞偏门的不法团伙还会冒充美女。\r\n\r\n> \r\n\r\n前几天，网上热传一红木销售同学与某“成功大师”的微信聊天记录，最后，“大师”崩溃的删除了该红木销售同学的微信号。其实冒充大师的微信号也加过我，由于自己缺乏耐心，只回复了一句“想看看你怎么骗人”就被对方毫不留情的删除了好友。\r\n\r\n![img](https://p1-jj.byteimg.com/tos-cn-i-t2oaga2asx/gold-user-assets/2018/10/26/166ae3fe2d15cdae~tplv-t2oaga2asx-zoom-in-crop-mark:4536:0:0:0.awebp)\r\n\r\n微信上假大师账号运作流程是这样：\r\n\r\n1. 购买信息或账号。从黑市买网站、平台上的账号、身份证等信息，进行注册、篡改、认证；\r\n2. 批量登录账号。利用电脑、软件、群控等工具批量注册、登录、修改账号；\r\n3. 批量添加好友。通过微信群、一对一、个别自媒体和网站诱导广告等，批量添加好友、批量加群、诱导添加好友；\r\n4. 策划答复。组织内容，策划剧本，在这些虚假账号上批量发送信息；有人应答，就一对一进行诱导回复；\r\n5. 牟利。通过索取红包、博取同情、推广商品等牟利；只要有1%的受骗也是一本万利。\r\n\r\n这些捞偏门的不法人员是通过技术手段的规模化操作，很多账号是一套自动化、并设定了详细流程和节奏的程序在运行。\r\n\r\n所以，你以为对面互动的是人，其实是一个僵尸号；你以为对面是美女，其实是一个抠脚大汉。\r\n\r\n## 二、虚假占座\r\n\r\n9月中旬，台风“山竹”携狂风暴雨来袭，深圳、广州、中山、江门、阳江等沿海多市采取“停工、停业、停产、停运”等措施严密防御，广东多个机场的航班大面积取消。\r\n\r\n也就是台风来临的那个周末，东海航空却通过官网和官方微博发布声明称，有人通过相关手段虚假购票、恶意占座、攻击官网，损害公司和正常旅客的权益，谋个人的私利。\r\n\r\n![img](https://p1-jj.byteimg.com/tos-cn-i-t2oaga2asx/gold-user-assets/2018/10/26/166ae3fe2d272f00~tplv-t2oaga2asx-zoom-in-crop-mark:4536:0:0:0.awebp)\r\n\r\n什么叫做虚假占座、恶意占座？说起来很简单，就是有人利用虚假个人信息购买囤积了大量台风过后的机票，然后借机加价出售。\r\n\r\n机票不是实名制嘛？怎么能够虚假购票呢？具体是如何操作的？\r\n\r\n说起机票销售恐怕大家熟悉的是携程、飞猪、去哪儿、同程艺龙等平台。其实，各个航空公司官网的机票性价比更高。\r\n\r\n因为，国资委在2015年有一个通知：国有航空公司每年在官方渠道销售的机票不得低于50%，但是这些大型航空公司官网的设体验是在无法跟上面提到的哪些OTA网站比。怎么吸引乘客到官网上去买机票呢？最有效的方式就是低价！\r\n\r\n例如，北京飞成都的经济票全价是1850元，如果官方网站和平台上卖价只要185元。相信大部分人会毫不犹豫的买下来，捞偏门的不法人员也是这个思维。\r\n\r\n他们通过网络爬虫抓取航空公司官网或客户端上的机票、订座等信息，这些低价机票放出来后（道理同12306抢春节火车票，个人是抢不过有无数账号和大量电脑的黄牛），他们利用大量电脑、账号和他人身份进行批量预定但不实际支付票款，以达到“占座”的目的。\r\n\r\n买下低价票后，不法人员把这些票加价，甚至加几倍的价格，放到旅游网站上去销售。\r\n\r\n真正的乘客提交购买信息后，他们立刻将原先虚假占座的身份证信息替换为该乘客的，然后再付款下订单。就这样，他们只占座、不付款、无库存交易方式，一张票轻松赚几百甚至上千块。\r\n\r\n这种虚假购票、恶意占座行为航空公司普遍都遭遇过。南方航空公司在2016年1月就对外公告称，对于囤积倒卖客票违规行为将被纳入非诚信用户名单，并对其采取相应的措施。\r\n\r\n![img](https://p1-jj.byteimg.com/tos-cn-i-t2oaga2asx/gold-user-assets/2018/10/26/166ae3fe2d376ca4~tplv-t2oaga2asx-zoom-in-crop-mark:4536:0:0:0.awebp)\r\n\r\n这不但让购票的旅客买不到优惠的票、甚至买不到票，也让影响了航空公司正常的售票计划，还会造成旅客个人信息的泄露。\r\n\r\n在此前的一次公开论坛上，某中型航空公司的相关负责人就曾表示，虚假购票每年给公司带来数千万的损失。\r\n\r\n除了虚假占座，还有人在暴雪、台风、大风等天气购买大量航空延误险牟利。此前有媒体报道，一人在突降暴雪天气，购买数百份航空延误险，一夜之间赚了数十万元。\r\n\r\n针对此，很多公司出台了每个乘客购买延误险的数量、恶劣天气停售等。\r\n\r\n## 三、薅羊毛\r\n\r\n张三是个做童装的小电商，为了吸引更多用户到网店，推出了20元折扣券，凡是第一次购物的用户能够直接扣减。\r\n\r\n捞偏门人员得知后会将这些折扣券抢走，然后再折价卖出去。一张20的券也许就卖几毛甚至几分钱，但是几千几万张折扣券积累下来也是不小的数字。这就是薅羊毛。\r\n\r\n薅羊毛是根据互联网的营销活动、以低成本甚至零成本换取高额奖励、高收益的一种方式。\r\n\r\n羊毛党们对搜集各大网贷、电子商城、银行、实体店等各渠道的优惠促销活动、免费业务之类的信息，通过各种手段抢走这些优惠，然后以相对较低成本甚至零成本换取物质上的实惠。\r\n\r\n![img](https://p1-jj.byteimg.com/tos-cn-i-t2oaga2asx/gold-user-assets/2018/10/26/166ae3fe2d3e1db4~tplv-t2oaga2asx-zoom-in-crop-mark:4536:0:0:0.awebp)\r\n\r\n早先“双十一”期间，天猫商城曾针对会员推出返还双倍积分的“生日礼包”，不法分子冒充10万多个天猫商城会员，假刷单14亿元获取7亿多积分，骗取天猫公司671万余元。最终，该团伙8人被以诈骗罪判处12年6个月至8年不等的刑罚。\r\n\r\n> \r\n\r\n随着互联网市场进入用户存量博弈时代，加强用户挖掘，提升用户体验尤其关键。针对用户的营销、促销活动会越来越频繁，这不仅将运营岗位提升到更重要位置，也让羊毛党有了更多赚钱的机会。\r\n\r\n换一个角度说，薅羊毛是市场经济环境下、唯利是图的本能驱动的行为，科技手段的进步让这一行为更加轻而易举。\r\n\r\n## 四、刷单刷粉\r\n\r\n2017年6月，全国“刷单炒信入刑第一案”宣判，嫌疑人被判处有期徒刑五年九个月，并处罚金92万元；今年9月，义乌一服饰公司负责人的钟某某雇人在对手网店刷单近两千单，被浙江金华中院以破坏生产经营罪，判钟某某有期徒刑2年3个月。\r\n\r\n为了提高销量和增加用户好评，商家雇佣网络刷手“购买”商品，然后将购买款返还并收回货物，从而达到增加人气、提升销量的目的。\r\n\r\n当消费者看到网店销量和买家高分评论后，网店的销量和信誉度会大幅提升，从而吸引用户过来消费。这就是刷单炒信。\r\n\r\n这类行为是商家与刷单的机构联手行动，也有时候是为了提升网店信誉，有时候打击竞争对手。不管前因是什么，最终损害的时候消费者以及电商平台的影响力，所以电商平台也会严查。\r\n\r\n除了上面讲到的网购的刷单炒信，还有微信上的刷粉刷阅读、网络上各种刷投票点刷赞等刷评论的情况，估计对这几类现象大家心知肚明。\r\n\r\n目前微信公众号有几千万，而超过300万粉丝的公众号据说只有不足200个。在短视频崛起、自媒体渠道分流、阅读整体下滑明显的今天，无数缺乏吸引力、阅读性差、同质化内容严重的内容却动辄10W+浏览，这自然离不开刷阅读的助攻。\r\n\r\n微信的真实阅读情况可以通过第三方监控平台的趋势图监测出来。相信微信官方对各个公众号的真实阅读情况也一清二楚。\r\n\r\n不过，对于各种刷的行为，微信还是才去了睁一只眼闭一只眼的方式来处理。因为水至清则无鱼，生态建立起来不易，一旦破坏规则损害巨大。\r\n 就如网购平台明知有大量假货销售，但是网购平台并不下架或关停，只在必要时期适当打击惩戒，然后继续保持发展态势。\r\n\r\n微信会定期条换下阅读接口，杀一杀刷量刷粉的势头，而每年“双十一”前后，电商平台总要抓几个刷单炒信的网店祭旗也是这个道理。\r\n\r\n## 五、捞偏门无法杜绝\r\n\r\n没有法律和规定不允许注册账号、抢红包吧？只要开门迎客，就不能杜绝网络捞偏门。而且，这些捞偏门的方式都是基于市场、企业、平台规则内的操作，只是利用了业务和管理上的漏洞。\r\n\r\n在赚钱创富的吸引力下，随着各类新技术的涌现，偏门的创新性越来越快，道高一尺魔高一丈。\r\n\r\n捞偏门固然无法杜绝，但可以通过管理、法规和技术手段来增加不法分子的操作成本，降低其营收，乃至迫使其放弃。任何事情都有一定的规律，捞偏门也一样。\r\n\r\n虚假账号注册、恶意抢座、刷单、刷粉薅羊毛的人目的是赚钱。少量的投入、大规模的覆盖、高效的运转，在流程和操控尽量节省成本，通过技术和电脑操控，减少人工干预这样才能维持利润最大化是他们的宗旨。\r\n\r\n比如， iPhone X确实好，但是捞偏门的人员会采购几百元的低价或二手手机。因为低价手机做虚假注册、薅羊毛成本回收快且投入低。\r\n\r\n再比如，捞偏门的设备操作时，海平高度、设备角度、LBS地址长期不变，行为轨迹、对设备的触发、对设备屏幕的按压力量等统一均匀，机器迹象明显。\r\n\r\n而真正用户使用设备时，可能坐在办公室、也可能是在地铁公交上、可能是躺在床上，地理位置、设备角度、海平高度、按压力量等总是在变。这些细小的特征为了防御提供了依据。\r\n\r\n防控体系会根据业务、流程、用户以及各类特征做综合分析，构建成模型策略做大脑。当不法团伙的设备进行注册、登录、验证、交互、交易时，防控体系会根据策略模型的的规则来判断是合法用户还是恶意行为，决定这些行为是通过、允许、拒绝、还是二次验证。\r\n\r\n是不是感觉跟银行的风控很像？是的，风控是防御以上的重要措施之一，而风控的判定真伪的关键是来自于其大脑——策略模型。\r\n\r\n策略模型是依据历史业务数据、用户数据、恶意特征、业务规则以及预期发展的分析和判定而制作。\r\n\r\n就如一个人不可能两次踏入同一条河流，任何两家企业的业务场景是不可能完全相这就要求策略模型必须符合企业的场景和需求，必须因地制宜。就如住建部的房产调控一样，不能一刀切，要因城施策。\r\n\r\n但是一个策略模型需要配置几个专业技术人员对大量数据进行分析，耗时一两个月才能够建设完成。这就导致策略配置建设更新缓慢，无法与不法攻击的瞬息万变相匹配。\r\n\r\n不过，已经有科技公司针对专业模型建设人才稀缺、模型建设平台应用复杂进行重点突破。例如，顶象技术将推出的一款自动化建模平台，将复杂的应用分析简化为简单的拖拽操作，让分析人员在所见即所得的界面下进行操作。这样，企业的技术人员再培训一天后，只需要一周时间就能完成模型策略的建设。\r\n\r\n这个平台将良好满足模型建设慢、更新不及时问题，也符合对外来老龄化来临的趋势：简单易用的专业产品奖弥补专业人才难以招募、行业人才短缺的问题。\r\n\r\n## 六、捞偏门人员触犯了哪些法律条款？\r\n\r\n捞偏门毕竟不是正规合法渠道，相关部门也有针对性的法律法规。\r\n\r\n针对刷单炒信：今年1月实施的《反不正当竞争法》修订版规定，刷单炒信行为将最高罚款200万。\r\n\r\n> \r\n\r\n![img](https://p1-jj.byteimg.com/tos-cn-i-t2oaga2asx/gold-user-assets/2018/10/26/166ae3fe2d43342f~tplv-t2oaga2asx-zoom-in-crop-mark:4536:0:0:0.awebp)\r\n\r\n针对用户信息的保护，去年6月1日实施《网络安全法》第四十二条有明文规定，网络运营者应当采取技术措施和其他必要措施，确保其收集的个人信息安全，防止信息泄露、毁损、丢失。在发生或者可能发生个人信息泄露、毁损、丢失的情况时，应当立即采取补救措施。所以，网络运营者有保护个人信息的义务和责任，\r\n\r\n因此，盗用他人身份证注册虚假账号涉嫌违反《中华人民共和国居民身份证法 》第十七条。\r\n\r\n针对用户个人信息泄露或被窃取的问题，《最高人民法院、最高人民检察院关于办理侵犯公民个人信息刑事案件适用法律若干问题的解释》中规定，非法获取、出售或者提供行踪轨迹信息、通信内容、征信信息、财产信息五十条以上的；非法获取、出售或者提供住宿信息、通信记录、健康生理信息、交易信息等其他可能影响人身、财产安全的公民个人信息五百条以上的；应当认定为刑法第二百五十三条之一规定的“情节严重”。\r\n\r\n“刑法第二百五十三条之一规定”是这样写的：违反国家有关规定，向他人出售或者提供公民个人信息，情节严重的，处三年以下有期徒刑或者拘役，并处或者单处罚金;情节特别严重的，处三年以上七年以下有期徒刑，并处罚金。违反国家有关规定，将在履行职责或者提供服务过程中获得的公民个人信息，出售或者提供给他人的，依照前款的规定从重处罚。\r\n\r\n好了，针对网络捞偏门的手段絮絮叨叨介绍了很多，当然还有更多没有罗列出来。下一篇会介绍金融行业捞偏门的那些手段和防御措施。', 'https://p1-jj.byteimg.com/tos-cn-i-t2oaga2asx/gold-user-assets/2018/10/26/166ae3fe2d06c54e~tplv-t2oaga2asx-zoom-in-crop-mark:4536:0:0:0.awebp', 1, NULL, 0, 0, 0, '[]', 1011, '2023-05-07 10:26:51', '2023-05-07 10:27:09', 0, '假账号、薅羊毛、刷单……细数互联网上那些“捞偏门”的手段');
INSERT INTO `post` VALUES (93, '为什么要写这篇文章呢，近些年培训这个话题也比较火，很多在看这篇文章的朋友身边也应该有从培训机构出来的同事或者同学，所以大家应该对培训机构并不陌生，刚好最近也在招人，也面试了不少人，过程暂且不表，就说说看法吧。', '### 前言\r\n\r\n> 本文只谈\"骗局\"，不谈其他，绝不引战，如有错误，希望指出我会及时改正，想要讨论的可以在留言区写下你的观点和经历。\r\n\r\n为什么要写这篇文章呢，近些年培训这个话题也比较火，很多在看这篇文章的朋友身边也应该有从培训机构出来的同事或者同学，所以大家应该对培训机构并不陌生，刚好最近也在招人，也面试了不少人，过程暂且不表，就说说看法吧。\r\n\r\n首先是水平不[高，其次是造假包装；然](https://link.juejin.cn?target=http%3A%2F%2Fmp.weixin.qq.com%2Fs%3F__biz%3DMzU5NTAzNjM0Mw%3D%3D%26mid%3D2247486439%26idx%3D2%26sn%3D440b3eb3b814e5ab8e25d986f13a233b%26chksm%3Dfe795a3fc90ed329372fa45ccab43a32ed0908cef4e8af06c8b16d18899da70c18a86785f655%26scene%3D21%23wechat_redirect)后就是简历雷同、项目经验惊人的相似。不止如此，面完后我也跟其中的一些人私信聊过，他们的经历也类似，毕业没找到工作。看到培训机构的宣传及各种诱人的保证进了培训机构，交了不少学费，学了一段时间之后从机构毕业，但是最终结果则是依然很难找工作…\r\n\r\n------\r\n\r\n### 就业压力\r\n\r\n![img](https://p1-jj.byteimg.com/tos-cn-i-t2oaga2asx/gold-user-assets/2019/8/21/16cb2210db8e4cb4~tplv-t2oaga2asx-zoom-in-crop-mark:4536:0:0:0.image)\r\n\r\n现在国内产业升级，很多行业的路举步维艰，尤其是近些年高校毕业生越来越多。对于新人来说，面临的就业压力越来越大，互联网行业近些年异常火爆，很多人都想在互联网时代分一杯羹，由此催生出了众多的培训机构。数量方面嘛，可以说是燎原之势，至于质量，只能说鱼龙混杂、泥沙俱下。本人也经常逛各种论坛或者群，由于写了几个项目和博客的原因，也认识了不少的行业内的朋友，在潜水和闲聊中也看到好多想入互联网这一行的初学者，被各种机构坑蒙拐骗，损失了时间和金钱却没有得到自己想要的结果，所以写这篇文章，帮初学者甄别下常见骗局，避一避坑。\r\n\r\n**以下内容可能会给你带来不适，不过现实往往就是这么残酷，有些事情就是这么发生了，文中也只是提到几种情况，并不是每个人都会遇到，写这篇文章也只是给新人提个醒，没有其他的想法了。**\r\n\r\n------\r\n\r\n### 骗局一：包就业\r\n\r\n今年都已经是2019年了，哪还有这一说，还说包就业的地方，非坑即骗。中国的几大高校也没说可以包就业了吧，一个培训机构，凭什么给你包就业？给你包到哪里？\r\n\r\n​            \r\n\r\n我也听说过一些情况，要么就是班里大部分人都选择了其他行业，要么就是机构安排了不相干的职业，客服、销售、内勤等不相干的工作，要么就是进了外包公司，工资不高加班多，要么就是干脆不管了，只能自己投简历，这些都是真实发生的事情。\r\n\r\n还有一种情况，岗前培训，这个大家应该都知道，不少的机构都是这个套路，投了简历，然后也有面试，最后被告知技术能力不行，不过可以通过交钱培训后再进行入职。（如果有朋友遇到这种公司，可以评论区留言，给新人少踩一些坑）\r\n\r\n真的是无所不用其极！\r\n\r\n招人的时候满嘴的高薪、好工作，花言巧语，收完钱之后就成了大爷。这些招人时所用的文案是不具备任何法律效益的，或者说语句中有漏洞的，只是一碗迷魂汤罢了，报名前的承诺的和实际相差甚远，我个人并不太了解相关的法律规定，描述有误的话会及时改正。\r\n\r\n------\r\n\r\n### 骗局二：与各种部门合作\r\n\r\n谎称与国家教育部门合作办学、或者是跟各种知名大学合作办学、或者与BAT等类似的知名企业合作办学。\r\n\r\n这种事情本人是亲身经历过的，记得当时是在大四的时候，被学校分配到一个实训基地，确实学校和培训机构有些合作，不过学校方面是为了就业率之类的数据，而培训机构则是为了趁机拉新，他们其实是利益双方，无非是把学生推来推去罢了，待了不到一个月完成学分之后，大部分同学就回学校了，不过也有人留了下来培训。\r\n\r\n当然，如果有时间的话，也可以对照着合作单位，只要哪家机构说它跟什么单位合作，比如说跟中国平安合作，就去中国平安的官网找到客服电话，打过去问一下是不是真的有合作，我想这应该是一个很崩溃的场景。\r\n\r\n------\r\n\r\n### 骗局三：颁发各种证书\r\n\r\n反正是各种忽悠，什么高级工程师、DBA、初级架构师….可以肯定的说，这些证证书作用几乎为0，如果你把这些证写到简历上，你很有可能连面试电话都收不到，有些人一眼就能看出其中的猫腻。\r\n\r\n收到简历，首先是看学历和你的毕业学校，其次是看你的项目经验，程序员，基本上是不需要什么证的，你又不是司机、律师、医生这些行业，需要一个资格证才能上岗。（极少数含金量高的证书除外，这种级别的证书培训机构是给不了的）\r\n\r\n就像去年比较火的一个证书哥，拿了n多的证却找不到工作，为什么呢？含金量差太多了，100张一毛钱的纸币也抵不了一张百元钞票的价值！最有用的证，就是大学毕业证、学位证，而不是其他乱七八糟的证书，这些就只是一张张的白纸一样，价值极低。\r\n\r\n![img](https://p1-jj.byteimg.com/tos-cn-i-t2oaga2asx/gold-user-assets/2019/8/21/16cb2210db681636~tplv-t2oaga2asx-zoom-in-crop-mark:4536:0:0:0.image)\r\n\r\n这里我要说一下，卖证书这个做法是培训机构让我最讨厌的一种行为，因为里面的学生不懂，所以就安利这些证书。虽然只有几百块，与高额学费相比的话显得很廉价，但是通过这种方式去剥削学生，无异于吸学生的血，这是在压榨他们最后的利用价值。为了利益连这种事情都做得出来，从一个还没有收入来源的学生身上榨取价值，我该以什么样的文字和表述来宣泄我的愤怒呢！！\r\n\r\n------\r\n\r\n### 骗局四：培训期间不收费\r\n\r\n不能说是骗局，只能说是培训机构的手段吧，招收学员的时候说保证找到工作后再交学费，甚至有的机构还给补贴。有的学生就信了，还以为是培训机构为了他着想，殊不知这只是一种手段而已--分期付款，你放心，钱是一分都不会让你少交的，当你签了合同之后就不由得你说了算了。\r\n\r\n想一想，有些同学从培训机构出来后，找不到工作，或者找到一份工资不高的工作，本就艰难的生活，还得去偿还分期贷款，他们踏入社会上的第一站太痛苦了。\r\n\r\n------\r\n\r\n### 骗局五：培训各种新技术\r\n\r\n比如现在什么比较火？人工智能，VR，机器学习，物联网，云计算等等，什么东西火，培训机构就培训什么课程，那么培训机构中的老师水平如何呢？\r\n\r\n我不止一次的听说过，有些班级的培训老师根本就是刚毕业的大学生或者毕业一年的大学生，官网介绍上的名师一个没有，那么这些人他自己会这些东西吗？无非是利用了一些噱头挂羊头卖狗肉罢了，进去也就是学习Java、Python、H5、安卓这些课程。\r\n\r\n大家也都知道近两年移动端市场行情的变化，后面演变成后端市场、前端市场，先是需求火热，相关开发人员供不应求，然后所有的培训机构都去蹭热点，接着就是大量的人涌入市场中，渐渐地市场饱和，但是招人依然火热，最终就演变成人员过剩了。\r\n\r\n------\r\n\r\n### 补充\r\n\r\n以上只是简单的说了一些，还有很多值得推敲和分析的东西，比如说培训机构官网上都会有的学员故事、就业薪资、就业率和平均就业薪资，如果认真对待的话，你应该会看到一些猫腻，言尽于此吧，水太深了，文章中其实是想放一些截图的，后来想了想也没放。\r\n\r\n------\r\n\r\n### 结语\r\n\r\n至于[说对新人的建议](https://link.juejin.cn?target=http%3A%2F%2Fmp.weixin.qq.com%2Fs%3F__biz%3DMzU5NTAzNjM0Mw%3D%3D%26mid%3D2247484081%26idx%3D4%26sn%3De7c54f3c0e40fe0fd718990aa9fae22f%26chksm%3Dfe795369c90eda7f071f0f354b9d9baa4f2171e7473b8e4e0c3d650a841b6d403c18de00fb13%26scene%3D21%23wechat_redirect)，本来打了一大段字，但是全是鸡汤，最终又一行一行删掉，无非就是认清自己，要知道每一条路的开头都不好走，熬个一年半载也就好了，大多数人都是这么过来的。\r\n\r\n![img](https://p1-jj.byteimg.com/tos-cn-i-t2oaga2asx/gold-user-assets/2019/8/21/16cb2210db740d8b~tplv-t2oaga2asx-zoom-in-crop-mark:4536:0:0:0.image)\r\n\r\n倒不是对培训机构中的人有偏见，大家都是满怀希望、对未来充满憧憬的人，既然选择了培训，多多少少证明你是一个有梦想并愿意为之付出努力而奋斗的人，对于努力的人，我只有尊重。\r\n\r\n而真正让人讨厌的是某些人的行为，最忍受不了的就[是过度包装，大家](https://link.juejin.cn?target=http%3A%2F%2Fmp.weixin.qq.com%2Fs%3F__biz%3DMzU5NTAzNjM0Mw%3D%3D%26mid%3D2247486439%26idx%3D2%26sn%3D440b3eb3b814e5ab8e25d986f13a233b%26chksm%3Dfe795a3fc90ed329372fa45ccab43a32ed0908cef4e8af06c8b16d18899da70c18a86785f655%26scene%3D21%23wechat_redirect)都懂我说的是什么意思，但是不包装又找不到工作，找不到工作就只能听信培训机构的教唆，去包装简历，所以，这貌似是一个死循环，解不开，这里就不讨论了，每个人都有每个人的想法和评价吧。', 'https://p1-jj.byteimg.com/tos-cn-i-t2oaga2asx/gold-user-assets/2019/8/21/16cb2210db8e4cb4~tplv-t2oaga2asx-zoom-in-crop-mark:4536:0:0:0.image', 1, NULL, 1, 4, 1, '[]', 1011, '2023-05-07 10:31:03', '2023-05-13 11:45:22', 0, '谈谈培训机构的骗局');
INSERT INTO `post` VALUES (94, '\n一份新报告显示，在线诈骗仍然是非洲公民面临的最大网络威胁，尽管勒索软件攻击正在非洲大陆“迅速扩展”。\n\n国际刑警组织昨天（10 月 25 日）发布的这项研究(PDF) 发现，互联网欺诈是非洲国家面临的最大风险，这些国家报告的网上银行诈骗数量急剧增加，包括银行和信用卡诈骗欺诈，在 2021 年。', '![1.jpeg](https://p3-juejin.byteimg.com/tos-cn-i-k3u1fbpfcp/567b20ffecd840d09914d628792a035a~tplv-k3u1fbpfcp-zoom-in-crop-mark:4536:0:0:0.awebp?) *国际刑警组织在最新市场报告中警告称，欺诈仍是整个非洲大陆网络犯罪分子的主要目标*\n\n一份新报告显示，在线诈骗仍然是非洲公民面临的最大网络威胁，尽管勒索软件攻击正在非洲大陆“迅速扩展”。\n\n国际刑警组织昨天（10 月 25 日）发布的这项研究(PDF) 发现，互联网欺诈是非洲国家面临的最大风险，这些国家报告的网上银行诈骗数量急剧增加，包括银行和信用卡诈骗欺诈，在 2021 年。\n\n\n数字勒索——定义为“对性妥协图像或直接勒索活动的指控”——是记录的第二高网络威胁。\n\n虽然在 Covid-19 大流行期间，商业电子邮件泄露 (BEC) 诈骗也越来越突出，部分原因是依赖银行电汇的企业和组织的增加。\n\n \n\n### 更好的连接\n\n \n\n可以访问互联网的非洲公民人数估计约为 5 亿，这本身就是一个巨大的数字，尽管与总人口相比仅占 38%。\n\n领先的是肯尼亚，其 83% 的人口在线，尼日利亚为 60%，南非为 56%。\n\n\n欺诈历来是整个非洲大陆的一个问题——特别是网络钓鱼活动和浪漫诈骗——但报告发现，非洲数字化的增长为犯罪创造了新的途径。\n\n报告写道：“……向数字社会迈进——尤其是在非洲地区——为犯罪分子创造了新的攻击媒介，既可以混淆他们的身份，又可以瞄准新的受害者。”\n\n \n\n### 勒索软件崛起\n\n \n\n虽然社会工程学仍然是非洲最受欢迎的攻击媒介，但研究发现，勒索软件和僵尸网络攻击的实例也在增加。\n\n勒索软件是报告中确定的第四大最流行的网络攻击，该报告指出，仅在 2020 年，该地区就有超过 61% 的公司受到勒索软件的影响。\n\n“这些攻击针对的是一些非洲国家的关键基础设施，包括医疗保健和海事部门，”它写道。\n\n\n排在第五位的是僵尸网络，受感染机器的网络用作自动化大规模活动的工具，例如 DDoS 攻击、网络钓鱼和恶意软件分发。\n\n报告写道：“非洲 [2021 年] 检测到的僵尸网络受害者数量约为 50,000，每月平均检测到 3,900。”\n\n \n\n### 造成的伤害\n\n \n\n国际刑警组织将此策略转变部分归咎于该地区企业缺乏网络安全实践，尤其是由于网上银行的广泛采用而令人担忧。\n\n国际刑警组织在报告中声称，90% 的非洲企业在“没有必要的网络安全协议的情况下”运营。\n\n国际刑警组织表示，2016 年，网络犯罪使南非经济损失了 5.73 亿美元，而尼日利亚经济损失了 5 亿美元，肯尼亚经济损失估计为 3600 万美元。', '', 0, NULL, 0, 0, 0, '[4]', 1011, '2023-05-12 23:26:04', '2023-05-12 23:26:04', 0, '传销');
INSERT INTO `post` VALUES (95, '杨濠是个小黑子杨濠是个小黑子杨濠是个小黑子杨濠是个小黑子', '杨濠是个小黑子', 'http://cdn.haoyang666.fun/school/post/1013/645e62a9e4b094cd14cfc5db.jpg', 2, '不通过', 0, 0, 0, '[2]', 1013, '2023-05-13 00:00:48', '2023-05-13 00:10:08', 0, '杨濠是个小黑子');
INSERT INTO `post` VALUES (96, '国际刑警组织昨天（10 月 25 日）发布的这项研究(PDF) 发现，互联网欺诈是非洲国家面临的最大风险，这些国家报告的网上银行诈骗数量急剧增加，包括银行和信用卡诈骗欺诈，在 2021 年。\n', '![1.jpeg](https://p3-juejin.byteimg.com/tos-cn-i-k3u1fbpfcp/567b20ffecd840d09914d628792a035a~tplv-k3u1fbpfcp-zoom-in-crop-mark:4536:0:0:0.awebp?) *国际刑警组织在最新市场报告中警告称，欺诈仍是整个非洲大陆网络犯罪分子的主要目标*\n\n一份新报告显示，在线诈骗仍然是非洲公民面临的最大网络威胁，尽管勒索软件攻击正在非洲大陆“迅速扩展”。\n\n国际刑警组织昨天（10 月 25 日）发布的这项研究(PDF) 发现，互联网欺诈是非洲国家面临的最大风险，这些国家报告的网上银行诈骗数量急剧增加，包括银行和信用卡诈骗欺诈，在 2021 年。\n\n\n数字勒索——定义为“对性妥协图像或直接勒索活动的指控”——是记录的第二高网络威胁。\n\n虽然在 Covid-19 大流行期间，商业电子邮件泄露 (BEC) 诈骗也越来越突出，部分原因是依赖银行电汇的企业和组织的增加。\n\n \n\n### 更好的连接\n\n \n\n可以访问互联网的非洲公民人数估计约为 5 亿，这本身就是一个巨大的数字，尽管与总人口相比仅占 38%。\n\n领先的是肯尼亚，其 83% 的人口在线，尼日利亚为 60%，南非为 56%。\n\n\n欺诈历来是整个非洲大陆的一个问题——特别是网络钓鱼活动和浪漫诈骗——但报告发现，非洲数字化的增长为犯罪创造了新的途径。\n\n报告写道：“……向数字社会迈进——尤其是在非洲地区——为犯罪分子创造了新的攻击媒介，既可以混淆他们的身份，又可以瞄准新的受害者。”\n\n \n\n### 勒索软件崛起\n\n \n\n虽然社会工程学仍然是非洲最受欢迎的攻击媒介，但研究发现，勒索软件和僵尸网络攻击的实例也在增加。\n\n勒索软件是报告中确定的第四大最流行的网络攻击，该报告指出，仅在 2020 年，该地区就有超过 61% 的公司受到勒索软件的影响。\n\n“这些攻击针对的是一些非洲国家的关键基础设施，包括医疗保健和海事部门，”它写道。\n\n\n排在第五位的是僵尸网络，受感染机器的网络用作自动化大规模活动的工具，例如 DDoS 攻击、网络钓鱼和恶意软件分发。\n\n报告写道：“非洲 [2021 年] 检测到的僵尸网络受害者数量约为 50,000，每月平均检测到 3,900。”\n\n \n\n### 造成的伤害\n\n \n\n国际刑警组织将此策略转变部分归咎于该地区企业缺乏网络安全实践，尤其是由于网上银行的广泛采用而令人担忧。\n\n国际刑警组织在报告中声称，90% 的非洲企业在“没有必要的网络安全协议的情况下”运营。\n\n国际刑警组织表示，2016 年，网络犯罪使南非经济损失了 5.73 亿美元，而尼日利亚经济损失了 5 亿美元，肯尼亚经济损失估计为 3600 万美元。\n\n\n\n\n\n\n\n\n\n\n\n\n\n而真正让人讨厌的是某些人的行为，最忍受不了的就是过度包装，大家都懂我说的是什么意思，但是不包装又找不到工作，找不到工作就只能听信培训机构的教唆，去包装简历，所以，这貌似是一个死循环，解不开，这里就不讨论了，每个人都有每个人的想法和评价吧。', '', 0, NULL, 0, 0, 0, '[4,6]', 1011, '2023-05-13 11:47:39', '2023-05-13 11:47:39', 0, ' 一份新报告显示，在线');

-- ----------------------------
-- Table structure for ques_record
-- ----------------------------
DROP TABLE IF EXISTS `ques_record`;
CREATE TABLE `ques_record`  (
  `id` bigint(20) NOT NULL AUTO_INCREMENT COMMENT 'id',
  `recordId` bigint(20) NOT NULL COMMENT '记录id',
  `questionId` bigint(20) NOT NULL COMMENT '问题id',
  `userId` bigint(20) NOT NULL COMMENT '用户id',
  `userAnswer` varchar(20) CHARACTER SET utf8mb4 COLLATE utf8mb4_general_ci NULL DEFAULT NULL COMMENT '用户答案',
  `isCorrect` tinyint(4) NULL DEFAULT NULL COMMENT '正确与否 0-错误  1-正确',
  `createTime` datetime(0) NULL DEFAULT CURRENT_TIMESTAMP(0) COMMENT '创建时间',
  `updateTime` datetime(0) NULL DEFAULT CURRENT_TIMESTAMP(0) ON UPDATE CURRENT_TIMESTAMP(0),
  `isDelete` tinyint(4) NOT NULL DEFAULT 0 COMMENT '是否删除',
  PRIMARY KEY (`id`) USING BTREE,
  INDEX `idx_ques`(`questionId`) USING BTREE
) ENGINE = InnoDB AUTO_INCREMENT = 471 CHARACTER SET = utf8mb4 COLLATE = utf8mb4_general_ci COMMENT = '题目记录关联' ROW_FORMAT = Dynamic;

-- ----------------------------
-- Records of ques_record
-- ----------------------------
INSERT INTO `ques_record` VALUES (1, 1, 11, 1011, 'c', 1, '2023-05-12 23:08:13', '2023-05-12 23:08:13', 0);
INSERT INTO `ques_record` VALUES (2, 1, 25, 1011, 'b', 1, '2023-05-12 23:08:13', '2023-05-12 23:08:13', 0);
INSERT INTO `ques_record` VALUES (3, 1, 6, 1011, NULL, 0, '2023-05-12 23:08:13', '2023-05-12 23:08:13', 0);
INSERT INTO `ques_record` VALUES (4, 1, 29, 1011, NULL, 0, '2023-05-12 23:08:13', '2023-05-12 23:08:13', 0);
INSERT INTO `ques_record` VALUES (5, 1, 30, 1011, NULL, 0, '2023-05-12 23:08:14', '2023-05-12 23:08:14', 0);
INSERT INTO `ques_record` VALUES (6, 1, 41, 1011, NULL, 0, '2023-05-12 23:08:14', '2023-05-12 23:08:14', 0);
INSERT INTO `ques_record` VALUES (7, 1, 43, 1011, NULL, 0, '2023-05-12 23:08:14', '2023-05-12 23:08:14', 0);
INSERT INTO `ques_record` VALUES (8, 1, 49, 1011, NULL, 0, '2023-05-12 23:08:14', '2023-05-12 23:08:14', 0);
INSERT INTO `ques_record` VALUES (9, 1, 52, 1011, NULL, 0, '2023-05-12 23:08:14', '2023-05-12 23:08:14', 0);
INSERT INTO `ques_record` VALUES (10, 1, 57, 1011, NULL, 0, '2023-05-12 23:08:14', '2023-05-12 23:08:14', 0);
INSERT INTO `ques_record` VALUES (11, 2, 19, 1011, 'b', 1, '2023-05-12 23:08:38', '2023-05-12 23:08:38', 0);
INSERT INTO `ques_record` VALUES (12, 2, 31, 1011, 'b', 1, '2023-05-12 23:08:38', '2023-05-12 23:08:38', 0);
INSERT INTO `ques_record` VALUES (13, 2, 43, 1011, 'b', 1, '2023-05-12 23:08:38', '2023-05-12 23:08:38', 0);
INSERT INTO `ques_record` VALUES (14, 2, 48, 1011, 'c', 1, '2023-05-12 23:08:38', '2023-05-12 23:08:38', 0);
INSERT INTO `ques_record` VALUES (15, 2, 1, 1011, NULL, 0, '2023-05-12 23:08:39', '2023-05-12 23:08:39', 0);
INSERT INTO `ques_record` VALUES (16, 2, 2, 1011, 'c', 0, '2023-05-12 23:08:39', '2023-05-12 23:08:39', 0);
INSERT INTO `ques_record` VALUES (17, 2, 4, 1011, NULL, 0, '2023-05-12 23:08:39', '2023-05-12 23:08:39', 0);
INSERT INTO `ques_record` VALUES (18, 2, 5, 1011, 'b', 0, '2023-05-12 23:08:39', '2023-05-12 23:08:39', 0);
INSERT INTO `ques_record` VALUES (19, 2, 8, 1011, NULL, 0, '2023-05-12 23:08:39', '2023-05-12 23:08:39', 0);
INSERT INTO `ques_record` VALUES (20, 2, 9, 1011, NULL, 0, '2023-05-12 23:08:39', '2023-05-12 23:08:39', 0);
INSERT INTO `ques_record` VALUES (21, 2, 18, 1011, 'c', 0, '2023-05-12 23:08:39', '2023-05-12 23:08:39', 0);
INSERT INTO `ques_record` VALUES (22, 2, 22, 1011, 'b', 0, '2023-05-12 23:08:39', '2023-05-12 23:08:39', 0);
INSERT INTO `ques_record` VALUES (23, 2, 24, 1011, NULL, 0, '2023-05-12 23:08:40', '2023-05-12 23:08:40', 0);
INSERT INTO `ques_record` VALUES (24, 2, 25, 1011, NULL, 0, '2023-05-12 23:08:40', '2023-05-12 23:08:40', 0);
INSERT INTO `ques_record` VALUES (25, 2, 26, 1011, 'a', 0, '2023-05-12 23:08:40', '2023-05-12 23:08:40', 0);
INSERT INTO `ques_record` VALUES (26, 2, 28, 1011, 'a', 0, '2023-05-12 23:08:40', '2023-05-12 23:08:40', 0);
INSERT INTO `ques_record` VALUES (27, 2, 30, 1011, NULL, 0, '2023-05-12 23:08:40', '2023-05-12 23:08:40', 0);
INSERT INTO `ques_record` VALUES (28, 2, 33, 1011, NULL, 0, '2023-05-12 23:08:40', '2023-05-12 23:08:40', 0);
INSERT INTO `ques_record` VALUES (29, 2, 36, 1011, NULL, 0, '2023-05-12 23:08:40', '2023-05-12 23:08:40', 0);
INSERT INTO `ques_record` VALUES (30, 2, 56, 1011, NULL, 0, '2023-05-12 23:08:40', '2023-05-12 23:08:40', 0);
INSERT INTO `ques_record` VALUES (31, 3, 1, 1011, 'a', 1, '2023-05-12 23:09:06', '2023-05-12 23:09:06', 0);
INSERT INTO `ques_record` VALUES (32, 3, 2, 1011, 'b', 1, '2023-05-12 23:09:06', '2023-05-12 23:09:06', 0);
INSERT INTO `ques_record` VALUES (33, 3, 25, 1011, 'b', 1, '2023-05-12 23:09:06', '2023-05-12 23:09:06', 0);
INSERT INTO `ques_record` VALUES (34, 3, 49, 1011, 'b', 1, '2023-05-12 23:09:06', '2023-05-12 23:09:06', 0);
INSERT INTO `ques_record` VALUES (35, 3, 5, 1011, 'b', 0, '2023-05-12 23:09:06', '2023-05-12 23:09:06', 0);
INSERT INTO `ques_record` VALUES (36, 3, 6, 1011, 'd', 0, '2023-05-12 23:09:06', '2023-05-12 23:09:06', 0);
INSERT INTO `ques_record` VALUES (37, 3, 26, 1011, 'a', 0, '2023-05-12 23:09:06', '2023-05-12 23:09:06', 0);
INSERT INTO `ques_record` VALUES (38, 3, 28, 1011, NULL, 0, '2023-05-12 23:09:06', '2023-05-12 23:09:06', 0);
INSERT INTO `ques_record` VALUES (39, 3, 41, 1011, NULL, 0, '2023-05-12 23:09:07', '2023-05-12 23:09:07', 0);
INSERT INTO `ques_record` VALUES (40, 3, 56, 1011, 'a', 0, '2023-05-12 23:09:07', '2023-05-12 23:09:07', 0);
INSERT INTO `ques_record` VALUES (41, 4, 22, 1011, 'a', 1, '2023-05-12 23:09:26', '2023-05-12 23:09:26', 0);
INSERT INTO `ques_record` VALUES (42, 4, 26, 1011, 'b', 1, '2023-05-12 23:09:26', '2023-05-12 23:09:26', 0);
INSERT INTO `ques_record` VALUES (43, 4, 1, 1011, 'd', 0, '2023-05-12 23:09:26', '2023-05-12 23:09:26', 0);
INSERT INTO `ques_record` VALUES (44, 4, 4, 1011, 'b', 0, '2023-05-12 23:09:26', '2023-05-12 23:09:26', 0);
INSERT INTO `ques_record` VALUES (45, 4, 5, 1011, 'c', 0, '2023-05-12 23:09:26', '2023-05-12 23:09:26', 0);
INSERT INTO `ques_record` VALUES (46, 4, 6, 1011, NULL, 0, '2023-05-12 23:09:26', '2023-05-12 23:09:26', 0);
INSERT INTO `ques_record` VALUES (47, 4, 8, 1011, NULL, 0, '2023-05-12 23:09:26', '2023-05-12 23:09:26', 0);
INSERT INTO `ques_record` VALUES (48, 4, 9, 1011, NULL, 0, '2023-05-12 23:09:26', '2023-05-12 23:09:26', 0);
INSERT INTO `ques_record` VALUES (49, 4, 18, 1011, 'c', 0, '2023-05-12 23:09:26', '2023-05-12 23:09:26', 0);
INSERT INTO `ques_record` VALUES (50, 4, 24, 1011, 'a', 0, '2023-05-12 23:09:27', '2023-05-12 23:09:27', 0);
INSERT INTO `ques_record` VALUES (51, 4, 25, 1011, NULL, 0, '2023-05-12 23:09:27', '2023-05-12 23:09:27', 0);
INSERT INTO `ques_record` VALUES (52, 4, 28, 1011, NULL, 0, '2023-05-12 23:09:27', '2023-05-12 23:09:27', 0);
INSERT INTO `ques_record` VALUES (53, 4, 29, 1011, 'a', 0, '2023-05-12 23:09:27', '2023-05-12 23:09:27', 0);
INSERT INTO `ques_record` VALUES (54, 4, 30, 1011, NULL, 0, '2023-05-12 23:09:27', '2023-05-12 23:09:27', 0);
INSERT INTO `ques_record` VALUES (55, 4, 33, 1011, NULL, 0, '2023-05-12 23:09:27', '2023-05-12 23:09:27', 0);
INSERT INTO `ques_record` VALUES (56, 4, 36, 1011, NULL, 0, '2023-05-12 23:09:27', '2023-05-12 23:09:27', 0);
INSERT INTO `ques_record` VALUES (57, 4, 49, 1011, NULL, 0, '2023-05-12 23:09:27', '2023-05-12 23:09:27', 0);
INSERT INTO `ques_record` VALUES (58, 4, 52, 1011, NULL, 0, '2023-05-12 23:09:27', '2023-05-12 23:09:27', 0);
INSERT INTO `ques_record` VALUES (59, 4, 56, 1011, NULL, 0, '2023-05-12 23:09:27', '2023-05-12 23:09:27', 0);
INSERT INTO `ques_record` VALUES (60, 4, 57, 1011, NULL, 0, '2023-05-12 23:09:27', '2023-05-12 23:09:27', 0);
INSERT INTO `ques_record` VALUES (61, 5, 2, 1011, 'b', 1, '2023-05-12 23:09:45', '2023-05-12 23:09:45', 0);
INSERT INTO `ques_record` VALUES (62, 5, 22, 1011, 'a', 1, '2023-05-12 23:09:45', '2023-05-12 23:09:45', 0);
INSERT INTO `ques_record` VALUES (63, 5, 30, 1011, 'b', 1, '2023-05-12 23:09:45', '2023-05-12 23:09:45', 0);
INSERT INTO `ques_record` VALUES (64, 5, 33, 1011, 'b', 1, '2023-05-12 23:09:45', '2023-05-12 23:09:45', 0);
INSERT INTO `ques_record` VALUES (65, 5, 36, 1011, 'c', 1, '2023-05-12 23:09:45', '2023-05-12 23:09:45', 0);
INSERT INTO `ques_record` VALUES (66, 5, 4, 1011, 'b', 0, '2023-05-12 23:09:45', '2023-05-12 23:09:45', 0);
INSERT INTO `ques_record` VALUES (67, 5, 5, 1011, 'b', 0, '2023-05-12 23:09:45', '2023-05-12 23:09:45', 0);
INSERT INTO `ques_record` VALUES (68, 5, 9, 1011, 'ab', 0, '2023-05-12 23:09:45', '2023-05-12 23:09:45', 0);
INSERT INTO `ques_record` VALUES (69, 5, 18, 1011, 'c', 0, '2023-05-12 23:09:45', '2023-05-12 23:09:45', 0);
INSERT INTO `ques_record` VALUES (70, 5, 52, 1011, 'c', 0, '2023-05-12 23:09:45', '2023-05-12 23:09:45', 0);
INSERT INTO `ques_record` VALUES (71, 6, 28, 1011, 'b', 1, '2023-05-12 23:10:05', '2023-05-12 23:10:05', 0);
INSERT INTO `ques_record` VALUES (72, 6, 45, 1011, 'd', 1, '2023-05-12 23:10:05', '2023-05-12 23:10:05', 0);
INSERT INTO `ques_record` VALUES (73, 6, 1, 1011, NULL, 0, '2023-05-12 23:10:05', '2023-05-12 23:10:05', 0);
INSERT INTO `ques_record` VALUES (74, 6, 4, 1011, NULL, 0, '2023-05-12 23:10:05', '2023-05-12 23:10:05', 0);
INSERT INTO `ques_record` VALUES (75, 6, 9, 1011, NULL, 0, '2023-05-12 23:10:05', '2023-05-12 23:10:05', 0);
INSERT INTO `ques_record` VALUES (76, 6, 10, 1011, NULL, 0, '2023-05-12 23:10:05', '2023-05-12 23:10:05', 0);
INSERT INTO `ques_record` VALUES (77, 6, 14, 1011, 'a', 0, '2023-05-12 23:10:05', '2023-05-12 23:10:05', 0);
INSERT INTO `ques_record` VALUES (78, 6, 18, 1011, NULL, 0, '2023-05-12 23:10:05', '2023-05-12 23:10:05', 0);
INSERT INTO `ques_record` VALUES (79, 6, 27, 1011, NULL, 0, '2023-05-12 23:10:06', '2023-05-12 23:10:06', 0);
INSERT INTO `ques_record` VALUES (80, 6, 29, 1011, 'a', 0, '2023-05-12 23:10:06', '2023-05-12 23:10:06', 0);
INSERT INTO `ques_record` VALUES (81, 6, 32, 1011, 'b', 0, '2023-05-12 23:10:06', '2023-05-12 23:10:06', 0);
INSERT INTO `ques_record` VALUES (82, 6, 34, 1011, 'b', 0, '2023-05-12 23:10:06', '2023-05-12 23:10:06', 0);
INSERT INTO `ques_record` VALUES (83, 6, 38, 1011, NULL, 0, '2023-05-12 23:10:06', '2023-05-12 23:10:06', 0);
INSERT INTO `ques_record` VALUES (84, 6, 43, 1011, NULL, 0, '2023-05-12 23:10:06', '2023-05-12 23:10:06', 0);
INSERT INTO `ques_record` VALUES (85, 6, 44, 1011, 'b', 0, '2023-05-12 23:10:06', '2023-05-12 23:10:06', 0);
INSERT INTO `ques_record` VALUES (86, 6, 46, 1011, NULL, 0, '2023-05-12 23:10:06', '2023-05-12 23:10:06', 0);
INSERT INTO `ques_record` VALUES (87, 6, 47, 1011, 'b', 0, '2023-05-12 23:10:07', '2023-05-12 23:10:07', 0);
INSERT INTO `ques_record` VALUES (88, 6, 50, 1011, 'd', 0, '2023-05-12 23:10:07', '2023-05-12 23:10:07', 0);
INSERT INTO `ques_record` VALUES (89, 6, 55, 1011, NULL, 0, '2023-05-12 23:10:07', '2023-05-12 23:10:07', 0);
INSERT INTO `ques_record` VALUES (90, 6, 58, 1011, 'b', 0, '2023-05-12 23:10:07', '2023-05-12 23:10:07', 0);
INSERT INTO `ques_record` VALUES (91, 7, 14, 1011, 'd', 1, '2023-05-12 23:10:22', '2023-05-12 23:10:22', 0);
INSERT INTO `ques_record` VALUES (92, 7, 26, 1011, 'b', 1, '2023-05-12 23:10:22', '2023-05-12 23:10:22', 0);
INSERT INTO `ques_record` VALUES (93, 7, 4, 1011, 'b', 0, '2023-05-12 23:10:22', '2023-05-12 23:10:22', 0);
INSERT INTO `ques_record` VALUES (94, 7, 5, 1011, 'b', 0, '2023-05-12 23:10:22', '2023-05-12 23:10:22', 0);
INSERT INTO `ques_record` VALUES (95, 7, 9, 1011, NULL, 0, '2023-05-12 23:10:22', '2023-05-12 23:10:22', 0);
INSERT INTO `ques_record` VALUES (96, 7, 27, 1011, 'a', 0, '2023-05-12 23:10:22', '2023-05-12 23:10:22', 0);
INSERT INTO `ques_record` VALUES (97, 7, 29, 1011, 'a', 0, '2023-05-12 23:10:23', '2023-05-12 23:10:23', 0);
INSERT INTO `ques_record` VALUES (98, 7, 36, 1011, 'b', 0, '2023-05-12 23:10:23', '2023-05-12 23:10:23', 0);
INSERT INTO `ques_record` VALUES (99, 7, 44, 1011, 'c', 0, '2023-05-12 23:10:23', '2023-05-12 23:10:23', 0);
INSERT INTO `ques_record` VALUES (100, 7, 58, 1011, 'b', 0, '2023-05-12 23:10:23', '2023-05-12 23:10:23', 0);
INSERT INTO `ques_record` VALUES (101, 8, 22, 1011, 'a', 1, '2023-05-12 23:10:32', '2023-05-12 23:10:32', 0);
INSERT INTO `ques_record` VALUES (102, 8, 24, 1011, 'b', 1, '2023-05-12 23:10:32', '2023-05-12 23:10:32', 0);
INSERT INTO `ques_record` VALUES (103, 8, 29, 1011, 'b', 1, '2023-05-12 23:10:32', '2023-05-12 23:10:32', 0);
INSERT INTO `ques_record` VALUES (104, 8, 6, 1011, 'c', 0, '2023-05-12 23:10:33', '2023-05-12 23:10:33', 0);
INSERT INTO `ques_record` VALUES (105, 8, 9, 1011, 'c', 0, '2023-05-12 23:10:33', '2023-05-12 23:10:33', 0);
INSERT INTO `ques_record` VALUES (106, 8, 27, 1011, NULL, 0, '2023-05-12 23:10:33', '2023-05-12 23:10:33', 0);
INSERT INTO `ques_record` VALUES (107, 8, 36, 1011, 'b', 0, '2023-05-12 23:10:33', '2023-05-12 23:10:33', 0);
INSERT INTO `ques_record` VALUES (108, 8, 43, 1011, NULL, 0, '2023-05-12 23:10:33', '2023-05-12 23:10:33', 0);
INSERT INTO `ques_record` VALUES (109, 8, 55, 1011, NULL, 0, '2023-05-12 23:10:33', '2023-05-12 23:10:33', 0);
INSERT INTO `ques_record` VALUES (110, 8, 57, 1011, 'a', 0, '2023-05-12 23:10:33', '2023-05-12 23:10:33', 0);
INSERT INTO `ques_record` VALUES (111, 9, 1, 1011, 'a', 1, '2023-05-12 23:10:50', '2023-05-12 23:10:50', 0);
INSERT INTO `ques_record` VALUES (112, 9, 2, 1011, 'b', 1, '2023-05-12 23:10:50', '2023-05-12 23:10:50', 0);
INSERT INTO `ques_record` VALUES (113, 9, 24, 1011, 'b', 1, '2023-05-12 23:10:50', '2023-05-12 23:10:50', 0);
INSERT INTO `ques_record` VALUES (114, 9, 5, 1011, 'c', 0, '2023-05-12 23:10:50', '2023-05-12 23:10:50', 0);
INSERT INTO `ques_record` VALUES (115, 9, 8, 1011, NULL, 0, '2023-05-12 23:10:50', '2023-05-12 23:10:50', 0);
INSERT INTO `ques_record` VALUES (116, 9, 14, 1011, 'c', 0, '2023-05-12 23:10:50', '2023-05-12 23:10:50', 0);
INSERT INTO `ques_record` VALUES (117, 9, 18, 1011, 'a', 0, '2023-05-12 23:10:50', '2023-05-12 23:10:50', 0);
INSERT INTO `ques_record` VALUES (118, 9, 22, 1011, 'b', 0, '2023-05-12 23:10:51', '2023-05-12 23:10:51', 0);
INSERT INTO `ques_record` VALUES (119, 9, 25, 1011, 'a', 0, '2023-05-12 23:10:51', '2023-05-12 23:10:51', 0);
INSERT INTO `ques_record` VALUES (120, 9, 26, 1011, 'a', 0, '2023-05-12 23:10:51', '2023-05-12 23:10:51', 0);
INSERT INTO `ques_record` VALUES (121, 9, 30, 1011, NULL, 0, '2023-05-12 23:10:51', '2023-05-12 23:10:51', 0);
INSERT INTO `ques_record` VALUES (122, 9, 32, 1011, NULL, 0, '2023-05-12 23:10:51', '2023-05-12 23:10:51', 0);
INSERT INTO `ques_record` VALUES (123, 9, 34, 1011, NULL, 0, '2023-05-12 23:10:51', '2023-05-12 23:10:51', 0);
INSERT INTO `ques_record` VALUES (124, 9, 38, 1011, NULL, 0, '2023-05-12 23:10:51', '2023-05-12 23:10:51', 0);
INSERT INTO `ques_record` VALUES (125, 9, 41, 1011, NULL, 0, '2023-05-12 23:10:51', '2023-05-12 23:10:51', 0);
INSERT INTO `ques_record` VALUES (126, 9, 46, 1011, NULL, 0, '2023-05-12 23:10:51', '2023-05-12 23:10:51', 0);
INSERT INTO `ques_record` VALUES (127, 9, 50, 1011, NULL, 0, '2023-05-12 23:10:51', '2023-05-12 23:10:51', 0);
INSERT INTO `ques_record` VALUES (128, 9, 52, 1011, NULL, 0, '2023-05-12 23:10:51', '2023-05-12 23:10:51', 0);
INSERT INTO `ques_record` VALUES (129, 9, 56, 1011, NULL, 0, '2023-05-12 23:10:51', '2023-05-12 23:10:51', 0);
INSERT INTO `ques_record` VALUES (130, 9, 58, 1011, NULL, 0, '2023-05-12 23:10:51', '2023-05-12 23:10:51', 0);
INSERT INTO `ques_record` VALUES (131, 10, 49, 1011, 'b', 1, '2023-05-12 23:17:37', '2023-05-12 23:17:37', 0);
INSERT INTO `ques_record` VALUES (132, 10, 2, 1011, NULL, 0, '2023-05-12 23:17:37', '2023-05-12 23:17:37', 0);
INSERT INTO `ques_record` VALUES (133, 10, 3, 1011, NULL, 0, '2023-05-12 23:17:37', '2023-05-12 23:17:37', 0);
INSERT INTO `ques_record` VALUES (134, 10, 7, 1011, NULL, 0, '2023-05-12 23:17:37', '2023-05-12 23:17:37', 0);
INSERT INTO `ques_record` VALUES (135, 10, 10, 1011, NULL, 0, '2023-05-12 23:17:37', '2023-05-12 23:17:37', 0);
INSERT INTO `ques_record` VALUES (136, 10, 14, 1011, NULL, 0, '2023-05-12 23:17:37', '2023-05-12 23:17:37', 0);
INSERT INTO `ques_record` VALUES (137, 10, 17, 1011, NULL, 0, '2023-05-12 23:17:37', '2023-05-12 23:17:37', 0);
INSERT INTO `ques_record` VALUES (138, 10, 19, 1011, NULL, 0, '2023-05-12 23:17:37', '2023-05-12 23:17:37', 0);
INSERT INTO `ques_record` VALUES (139, 10, 24, 1011, NULL, 0, '2023-05-12 23:17:38', '2023-05-12 23:17:38', 0);
INSERT INTO `ques_record` VALUES (140, 10, 28, 1011, NULL, 0, '2023-05-12 23:17:38', '2023-05-12 23:17:38', 0);
INSERT INTO `ques_record` VALUES (141, 10, 29, 1011, NULL, 0, '2023-05-12 23:17:38', '2023-05-12 23:17:38', 0);
INSERT INTO `ques_record` VALUES (142, 10, 30, 1011, NULL, 0, '2023-05-12 23:17:38', '2023-05-12 23:17:38', 0);
INSERT INTO `ques_record` VALUES (143, 10, 32, 1011, NULL, 0, '2023-05-12 23:17:38', '2023-05-12 23:17:38', 0);
INSERT INTO `ques_record` VALUES (144, 10, 33, 1011, NULL, 0, '2023-05-12 23:17:38', '2023-05-12 23:17:38', 0);
INSERT INTO `ques_record` VALUES (145, 10, 35, 1011, NULL, 0, '2023-05-12 23:17:38', '2023-05-12 23:17:38', 0);
INSERT INTO `ques_record` VALUES (146, 10, 46, 1011, NULL, 0, '2023-05-12 23:17:38', '2023-05-12 23:17:38', 0);
INSERT INTO `ques_record` VALUES (147, 10, 52, 1011, NULL, 0, '2023-05-12 23:17:38', '2023-05-12 23:17:38', 0);
INSERT INTO `ques_record` VALUES (148, 10, 54, 1011, NULL, 0, '2023-05-12 23:17:38', '2023-05-12 23:17:38', 0);
INSERT INTO `ques_record` VALUES (149, 10, 55, 1011, NULL, 0, '2023-05-12 23:17:38', '2023-05-12 23:17:38', 0);
INSERT INTO `ques_record` VALUES (150, 10, 56, 1011, NULL, 0, '2023-05-12 23:17:38', '2023-05-12 23:17:38', 0);
INSERT INTO `ques_record` VALUES (151, 11, 2, 1013, NULL, 0, '2023-05-12 23:17:39', '2023-05-12 23:17:39', 0);
INSERT INTO `ques_record` VALUES (152, 11, 3, 1013, NULL, 0, '2023-05-12 23:17:39', '2023-05-12 23:17:39', 0);
INSERT INTO `ques_record` VALUES (153, 11, 7, 1013, NULL, 0, '2023-05-12 23:17:39', '2023-05-12 23:17:39', 0);
INSERT INTO `ques_record` VALUES (154, 11, 10, 1013, NULL, 0, '2023-05-12 23:17:39', '2023-05-12 23:17:39', 0);
INSERT INTO `ques_record` VALUES (155, 11, 14, 1013, NULL, 0, '2023-05-12 23:17:39', '2023-05-12 23:17:39', 0);
INSERT INTO `ques_record` VALUES (156, 11, 17, 1013, NULL, 0, '2023-05-12 23:17:39', '2023-05-12 23:17:39', 0);
INSERT INTO `ques_record` VALUES (157, 11, 19, 1013, NULL, 0, '2023-05-12 23:17:39', '2023-05-12 23:17:39', 0);
INSERT INTO `ques_record` VALUES (158, 11, 24, 1013, NULL, 0, '2023-05-12 23:17:39', '2023-05-12 23:17:39', 0);
INSERT INTO `ques_record` VALUES (159, 11, 28, 1013, NULL, 0, '2023-05-12 23:17:39', '2023-05-12 23:17:39', 0);
INSERT INTO `ques_record` VALUES (160, 11, 29, 1013, NULL, 0, '2023-05-12 23:17:39', '2023-05-12 23:17:39', 0);
INSERT INTO `ques_record` VALUES (161, 11, 30, 1013, NULL, 0, '2023-05-12 23:17:39', '2023-05-12 23:17:39', 0);
INSERT INTO `ques_record` VALUES (162, 11, 32, 1013, NULL, 0, '2023-05-12 23:17:39', '2023-05-12 23:17:39', 0);
INSERT INTO `ques_record` VALUES (163, 11, 33, 1013, NULL, 0, '2023-05-12 23:17:40', '2023-05-12 23:17:40', 0);
INSERT INTO `ques_record` VALUES (164, 11, 35, 1013, NULL, 0, '2023-05-12 23:17:40', '2023-05-12 23:17:40', 0);
INSERT INTO `ques_record` VALUES (165, 11, 46, 1013, NULL, 0, '2023-05-12 23:17:40', '2023-05-12 23:17:40', 0);
INSERT INTO `ques_record` VALUES (166, 11, 49, 1013, NULL, 0, '2023-05-12 23:17:40', '2023-05-12 23:17:40', 0);
INSERT INTO `ques_record` VALUES (167, 11, 52, 1013, NULL, 0, '2023-05-12 23:17:40', '2023-05-12 23:17:40', 0);
INSERT INTO `ques_record` VALUES (168, 11, 54, 1013, NULL, 0, '2023-05-12 23:17:40', '2023-05-12 23:17:40', 0);
INSERT INTO `ques_record` VALUES (169, 11, 55, 1013, NULL, 0, '2023-05-12 23:17:40', '2023-05-12 23:17:40', 0);
INSERT INTO `ques_record` VALUES (170, 11, 56, 1013, NULL, 0, '2023-05-12 23:17:40', '2023-05-12 23:17:40', 0);
INSERT INTO `ques_record` VALUES (171, 12, 13, 1011, 'd', 1, '2023-05-12 23:18:21', '2023-05-12 23:18:21', 0);
INSERT INTO `ques_record` VALUES (172, 12, 18, 1011, 'b', 1, '2023-05-12 23:18:21', '2023-05-12 23:18:21', 0);
INSERT INTO `ques_record` VALUES (173, 12, 7, 1011, NULL, 0, '2023-05-12 23:18:21', '2023-05-12 23:18:21', 0);
INSERT INTO `ques_record` VALUES (174, 12, 12, 1011, NULL, 0, '2023-05-12 23:18:21', '2023-05-12 23:18:21', 0);
INSERT INTO `ques_record` VALUES (175, 12, 16, 1011, NULL, 0, '2023-05-12 23:18:21', '2023-05-12 23:18:21', 0);
INSERT INTO `ques_record` VALUES (176, 12, 17, 1011, NULL, 0, '2023-05-12 23:18:22', '2023-05-12 23:18:22', 0);
INSERT INTO `ques_record` VALUES (177, 12, 21, 1011, NULL, 0, '2023-05-12 23:18:22', '2023-05-12 23:18:22', 0);
INSERT INTO `ques_record` VALUES (178, 12, 31, 1011, NULL, 0, '2023-05-12 23:18:22', '2023-05-12 23:18:22', 0);
INSERT INTO `ques_record` VALUES (179, 12, 33, 1011, NULL, 0, '2023-05-12 23:18:22', '2023-05-12 23:18:22', 0);
INSERT INTO `ques_record` VALUES (180, 12, 36, 1011, NULL, 0, '2023-05-12 23:18:22', '2023-05-12 23:18:22', 0);
INSERT INTO `ques_record` VALUES (181, 12, 39, 1011, NULL, 0, '2023-05-12 23:18:22', '2023-05-12 23:18:22', 0);
INSERT INTO `ques_record` VALUES (182, 12, 40, 1011, NULL, 0, '2023-05-12 23:18:22', '2023-05-12 23:18:22', 0);
INSERT INTO `ques_record` VALUES (183, 12, 45, 1011, NULL, 0, '2023-05-12 23:18:22', '2023-05-12 23:18:22', 0);
INSERT INTO `ques_record` VALUES (184, 12, 48, 1011, NULL, 0, '2023-05-12 23:18:22', '2023-05-12 23:18:22', 0);
INSERT INTO `ques_record` VALUES (185, 12, 49, 1011, NULL, 0, '2023-05-12 23:18:22', '2023-05-12 23:18:22', 0);
INSERT INTO `ques_record` VALUES (186, 12, 50, 1011, NULL, 0, '2023-05-12 23:18:22', '2023-05-12 23:18:22', 0);
INSERT INTO `ques_record` VALUES (187, 12, 54, 1011, NULL, 0, '2023-05-12 23:18:22', '2023-05-12 23:18:22', 0);
INSERT INTO `ques_record` VALUES (188, 12, 55, 1011, NULL, 0, '2023-05-12 23:18:22', '2023-05-12 23:18:22', 0);
INSERT INTO `ques_record` VALUES (189, 12, 57, 1011, NULL, 0, '2023-05-12 23:18:23', '2023-05-12 23:18:23', 0);
INSERT INTO `ques_record` VALUES (190, 12, 60, 1011, NULL, 0, '2023-05-12 23:18:23', '2023-05-12 23:18:23', 0);
INSERT INTO `ques_record` VALUES (191, 13, 13, 1013, 'd', 1, '2023-05-12 23:18:23', '2023-05-12 23:18:23', 0);
INSERT INTO `ques_record` VALUES (192, 13, 7, 1013, NULL, 0, '2023-05-12 23:18:23', '2023-05-12 23:18:23', 0);
INSERT INTO `ques_record` VALUES (193, 13, 12, 1013, NULL, 0, '2023-05-12 23:18:23', '2023-05-12 23:18:23', 0);
INSERT INTO `ques_record` VALUES (194, 13, 16, 1013, NULL, 0, '2023-05-12 23:18:24', '2023-05-12 23:18:24', 0);
INSERT INTO `ques_record` VALUES (195, 13, 17, 1013, NULL, 0, '2023-05-12 23:18:24', '2023-05-12 23:18:24', 0);
INSERT INTO `ques_record` VALUES (196, 13, 18, 1013, NULL, 0, '2023-05-12 23:18:24', '2023-05-12 23:18:24', 0);
INSERT INTO `ques_record` VALUES (197, 13, 21, 1013, NULL, 0, '2023-05-12 23:18:24', '2023-05-12 23:18:24', 0);
INSERT INTO `ques_record` VALUES (198, 13, 31, 1013, NULL, 0, '2023-05-12 23:18:24', '2023-05-12 23:18:24', 0);
INSERT INTO `ques_record` VALUES (199, 13, 33, 1013, NULL, 0, '2023-05-12 23:18:24', '2023-05-12 23:18:24', 0);
INSERT INTO `ques_record` VALUES (200, 13, 36, 1013, NULL, 0, '2023-05-12 23:18:24', '2023-05-12 23:18:24', 0);
INSERT INTO `ques_record` VALUES (201, 13, 39, 1013, NULL, 0, '2023-05-12 23:18:24', '2023-05-12 23:18:24', 0);
INSERT INTO `ques_record` VALUES (202, 13, 40, 1013, NULL, 0, '2023-05-12 23:18:24', '2023-05-12 23:18:24', 0);
INSERT INTO `ques_record` VALUES (203, 13, 45, 1013, NULL, 0, '2023-05-12 23:18:24', '2023-05-12 23:18:24', 0);
INSERT INTO `ques_record` VALUES (204, 13, 48, 1013, NULL, 0, '2023-05-12 23:18:24', '2023-05-12 23:18:24', 0);
INSERT INTO `ques_record` VALUES (205, 13, 49, 1013, NULL, 0, '2023-05-12 23:18:24', '2023-05-12 23:18:24', 0);
INSERT INTO `ques_record` VALUES (206, 13, 50, 1013, NULL, 0, '2023-05-12 23:18:24', '2023-05-12 23:18:24', 0);
INSERT INTO `ques_record` VALUES (207, 13, 54, 1013, NULL, 0, '2023-05-12 23:18:25', '2023-05-12 23:18:25', 0);
INSERT INTO `ques_record` VALUES (208, 13, 55, 1013, NULL, 0, '2023-05-12 23:18:25', '2023-05-12 23:18:25', 0);
INSERT INTO `ques_record` VALUES (209, 13, 57, 1013, NULL, 0, '2023-05-12 23:18:25', '2023-05-12 23:18:25', 0);
INSERT INTO `ques_record` VALUES (210, 13, 60, 1013, NULL, 0, '2023-05-12 23:18:25', '2023-05-12 23:18:25', 0);
INSERT INTO `ques_record` VALUES (211, 14, 51, 1013, 'd', 1, '2023-05-12 23:18:58', '2023-05-12 23:18:58', 0);
INSERT INTO `ques_record` VALUES (212, 14, 8, 1013, NULL, 0, '2023-05-12 23:18:58', '2023-05-12 23:18:58', 0);
INSERT INTO `ques_record` VALUES (213, 14, 16, 1013, NULL, 0, '2023-05-12 23:18:58', '2023-05-12 23:18:58', 0);
INSERT INTO `ques_record` VALUES (214, 14, 19, 1013, NULL, 0, '2023-05-12 23:18:58', '2023-05-12 23:18:58', 0);
INSERT INTO `ques_record` VALUES (215, 14, 20, 1013, NULL, 0, '2023-05-12 23:18:58', '2023-05-12 23:18:58', 0);
INSERT INTO `ques_record` VALUES (216, 14, 23, 1013, NULL, 0, '2023-05-12 23:18:58', '2023-05-12 23:18:58', 0);
INSERT INTO `ques_record` VALUES (217, 14, 24, 1013, NULL, 0, '2023-05-12 23:18:58', '2023-05-12 23:18:58', 0);
INSERT INTO `ques_record` VALUES (218, 14, 32, 1013, NULL, 0, '2023-05-12 23:18:58', '2023-05-12 23:18:58', 0);
INSERT INTO `ques_record` VALUES (219, 14, 33, 1013, NULL, 0, '2023-05-12 23:18:58', '2023-05-12 23:18:58', 0);
INSERT INTO `ques_record` VALUES (220, 14, 40, 1013, NULL, 0, '2023-05-12 23:18:58', '2023-05-12 23:18:58', 0);
INSERT INTO `ques_record` VALUES (221, 14, 41, 1013, NULL, 0, '2023-05-12 23:18:58', '2023-05-12 23:18:58', 0);
INSERT INTO `ques_record` VALUES (222, 14, 44, 1013, NULL, 0, '2023-05-12 23:18:59', '2023-05-12 23:18:59', 0);
INSERT INTO `ques_record` VALUES (223, 14, 45, 1013, NULL, 0, '2023-05-12 23:18:59', '2023-05-12 23:18:59', 0);
INSERT INTO `ques_record` VALUES (224, 14, 47, 1013, NULL, 0, '2023-05-12 23:18:59', '2023-05-12 23:18:59', 0);
INSERT INTO `ques_record` VALUES (225, 14, 49, 1013, NULL, 0, '2023-05-12 23:18:59', '2023-05-12 23:18:59', 0);
INSERT INTO `ques_record` VALUES (226, 14, 50, 1013, NULL, 0, '2023-05-12 23:18:59', '2023-05-12 23:18:59', 0);
INSERT INTO `ques_record` VALUES (227, 14, 52, 1013, NULL, 0, '2023-05-12 23:18:59', '2023-05-12 23:18:59', 0);
INSERT INTO `ques_record` VALUES (228, 14, 53, 1013, NULL, 0, '2023-05-12 23:18:59', '2023-05-12 23:18:59', 0);
INSERT INTO `ques_record` VALUES (229, 14, 58, 1013, NULL, 0, '2023-05-12 23:18:59', '2023-05-12 23:18:59', 0);
INSERT INTO `ques_record` VALUES (230, 14, 60, 1013, NULL, 0, '2023-05-12 23:18:59', '2023-05-12 23:18:59', 0);
INSERT INTO `ques_record` VALUES (231, 15, 8, 1011, NULL, 0, '2023-05-12 23:19:00', '2023-05-12 23:19:00', 0);
INSERT INTO `ques_record` VALUES (232, 15, 16, 1011, NULL, 0, '2023-05-12 23:19:00', '2023-05-12 23:19:00', 0);
INSERT INTO `ques_record` VALUES (233, 15, 19, 1011, NULL, 0, '2023-05-12 23:19:00', '2023-05-12 23:19:00', 0);
INSERT INTO `ques_record` VALUES (234, 15, 20, 1011, NULL, 0, '2023-05-12 23:19:00', '2023-05-12 23:19:00', 0);
INSERT INTO `ques_record` VALUES (235, 15, 23, 1011, NULL, 0, '2023-05-12 23:19:00', '2023-05-12 23:19:00', 0);
INSERT INTO `ques_record` VALUES (236, 15, 24, 1011, NULL, 0, '2023-05-12 23:19:00', '2023-05-12 23:19:00', 0);
INSERT INTO `ques_record` VALUES (237, 15, 32, 1011, NULL, 0, '2023-05-12 23:19:00', '2023-05-12 23:19:00', 0);
INSERT INTO `ques_record` VALUES (238, 15, 33, 1011, NULL, 0, '2023-05-12 23:19:00', '2023-05-12 23:19:00', 0);
INSERT INTO `ques_record` VALUES (239, 15, 40, 1011, NULL, 0, '2023-05-12 23:19:00', '2023-05-12 23:19:00', 0);
INSERT INTO `ques_record` VALUES (240, 15, 41, 1011, NULL, 0, '2023-05-12 23:19:00', '2023-05-12 23:19:00', 0);
INSERT INTO `ques_record` VALUES (241, 15, 44, 1011, NULL, 0, '2023-05-12 23:19:01', '2023-05-12 23:19:01', 0);
INSERT INTO `ques_record` VALUES (242, 15, 45, 1011, NULL, 0, '2023-05-12 23:19:01', '2023-05-12 23:19:01', 0);
INSERT INTO `ques_record` VALUES (243, 15, 47, 1011, NULL, 0, '2023-05-12 23:19:01', '2023-05-12 23:19:01', 0);
INSERT INTO `ques_record` VALUES (244, 15, 49, 1011, NULL, 0, '2023-05-12 23:19:01', '2023-05-12 23:19:01', 0);
INSERT INTO `ques_record` VALUES (245, 15, 50, 1011, NULL, 0, '2023-05-12 23:19:01', '2023-05-12 23:19:01', 0);
INSERT INTO `ques_record` VALUES (246, 15, 51, 1011, NULL, 0, '2023-05-12 23:19:01', '2023-05-12 23:19:01', 0);
INSERT INTO `ques_record` VALUES (247, 15, 52, 1011, NULL, 0, '2023-05-12 23:19:01', '2023-05-12 23:19:01', 0);
INSERT INTO `ques_record` VALUES (248, 15, 53, 1011, NULL, 0, '2023-05-12 23:19:01', '2023-05-12 23:19:01', 0);
INSERT INTO `ques_record` VALUES (249, 15, 58, 1011, NULL, 0, '2023-05-12 23:19:01', '2023-05-12 23:19:01', 0);
INSERT INTO `ques_record` VALUES (250, 15, 60, 1011, NULL, 0, '2023-05-12 23:19:01', '2023-05-12 23:19:01', 0);
INSERT INTO `ques_record` VALUES (251, 16, 1, 1013, NULL, 0, '2023-05-12 23:19:35', '2023-05-12 23:19:35', 0);
INSERT INTO `ques_record` VALUES (252, 16, 3, 1013, NULL, 0, '2023-05-12 23:19:35', '2023-05-12 23:19:35', 0);
INSERT INTO `ques_record` VALUES (253, 16, 5, 1013, NULL, 0, '2023-05-12 23:19:35', '2023-05-12 23:19:35', 0);
INSERT INTO `ques_record` VALUES (254, 16, 7, 1013, NULL, 0, '2023-05-12 23:19:35', '2023-05-12 23:19:35', 0);
INSERT INTO `ques_record` VALUES (255, 16, 10, 1013, NULL, 0, '2023-05-12 23:19:35', '2023-05-12 23:19:35', 0);
INSERT INTO `ques_record` VALUES (256, 16, 15, 1013, NULL, 0, '2023-05-12 23:19:35', '2023-05-12 23:19:35', 0);
INSERT INTO `ques_record` VALUES (257, 16, 17, 1013, NULL, 0, '2023-05-12 23:19:35', '2023-05-12 23:19:35', 0);
INSERT INTO `ques_record` VALUES (258, 16, 22, 1013, NULL, 0, '2023-05-12 23:19:36', '2023-05-12 23:19:36', 0);
INSERT INTO `ques_record` VALUES (259, 16, 23, 1013, NULL, 0, '2023-05-12 23:19:36', '2023-05-12 23:19:36', 0);
INSERT INTO `ques_record` VALUES (260, 16, 24, 1013, NULL, 0, '2023-05-12 23:19:36', '2023-05-12 23:19:36', 0);
INSERT INTO `ques_record` VALUES (261, 16, 27, 1013, NULL, 0, '2023-05-12 23:19:36', '2023-05-12 23:19:36', 0);
INSERT INTO `ques_record` VALUES (262, 16, 29, 1013, NULL, 0, '2023-05-12 23:19:36', '2023-05-12 23:19:36', 0);
INSERT INTO `ques_record` VALUES (263, 16, 30, 1013, NULL, 0, '2023-05-12 23:19:36', '2023-05-12 23:19:36', 0);
INSERT INTO `ques_record` VALUES (264, 16, 31, 1013, NULL, 0, '2023-05-12 23:19:36', '2023-05-12 23:19:36', 0);
INSERT INTO `ques_record` VALUES (265, 16, 36, 1013, NULL, 0, '2023-05-12 23:19:36', '2023-05-12 23:19:36', 0);
INSERT INTO `ques_record` VALUES (266, 16, 38, 1013, NULL, 0, '2023-05-12 23:19:36', '2023-05-12 23:19:36', 0);
INSERT INTO `ques_record` VALUES (267, 16, 52, 1013, NULL, 0, '2023-05-12 23:19:36', '2023-05-12 23:19:36', 0);
INSERT INTO `ques_record` VALUES (268, 16, 56, 1013, NULL, 0, '2023-05-12 23:19:36', '2023-05-12 23:19:36', 0);
INSERT INTO `ques_record` VALUES (269, 16, 57, 1013, NULL, 0, '2023-05-12 23:19:36', '2023-05-12 23:19:36', 0);
INSERT INTO `ques_record` VALUES (270, 16, 59, 1013, NULL, 0, '2023-05-12 23:19:36', '2023-05-12 23:19:36', 0);
INSERT INTO `ques_record` VALUES (271, 17, 1, 1011, NULL, 0, '2023-05-12 23:19:37', '2023-05-12 23:19:37', 0);
INSERT INTO `ques_record` VALUES (272, 17, 3, 1011, NULL, 0, '2023-05-12 23:19:37', '2023-05-12 23:19:37', 0);
INSERT INTO `ques_record` VALUES (273, 17, 5, 1011, NULL, 0, '2023-05-12 23:19:37', '2023-05-12 23:19:37', 0);
INSERT INTO `ques_record` VALUES (274, 17, 7, 1011, NULL, 0, '2023-05-12 23:19:37', '2023-05-12 23:19:37', 0);
INSERT INTO `ques_record` VALUES (275, 17, 10, 1011, NULL, 0, '2023-05-12 23:19:37', '2023-05-12 23:19:37', 0);
INSERT INTO `ques_record` VALUES (276, 17, 15, 1011, NULL, 0, '2023-05-12 23:19:37', '2023-05-12 23:19:37', 0);
INSERT INTO `ques_record` VALUES (277, 17, 17, 1011, NULL, 0, '2023-05-12 23:19:37', '2023-05-12 23:19:37', 0);
INSERT INTO `ques_record` VALUES (278, 17, 22, 1011, NULL, 0, '2023-05-12 23:19:37', '2023-05-12 23:19:37', 0);
INSERT INTO `ques_record` VALUES (279, 17, 23, 1011, NULL, 0, '2023-05-12 23:19:38', '2023-05-12 23:19:38', 0);
INSERT INTO `ques_record` VALUES (280, 17, 24, 1011, NULL, 0, '2023-05-12 23:19:38', '2023-05-12 23:19:38', 0);
INSERT INTO `ques_record` VALUES (281, 17, 27, 1011, NULL, 0, '2023-05-12 23:19:38', '2023-05-12 23:19:38', 0);
INSERT INTO `ques_record` VALUES (282, 17, 29, 1011, NULL, 0, '2023-05-12 23:19:38', '2023-05-12 23:19:38', 0);
INSERT INTO `ques_record` VALUES (283, 17, 30, 1011, NULL, 0, '2023-05-12 23:19:38', '2023-05-12 23:19:38', 0);
INSERT INTO `ques_record` VALUES (284, 17, 31, 1011, NULL, 0, '2023-05-12 23:19:38', '2023-05-12 23:19:38', 0);
INSERT INTO `ques_record` VALUES (285, 17, 36, 1011, NULL, 0, '2023-05-12 23:19:38', '2023-05-12 23:19:38', 0);
INSERT INTO `ques_record` VALUES (286, 17, 38, 1011, NULL, 0, '2023-05-12 23:19:38', '2023-05-12 23:19:38', 0);
INSERT INTO `ques_record` VALUES (287, 17, 52, 1011, NULL, 0, '2023-05-12 23:19:38', '2023-05-12 23:19:38', 0);
INSERT INTO `ques_record` VALUES (288, 17, 56, 1011, NULL, 0, '2023-05-12 23:19:38', '2023-05-12 23:19:38', 0);
INSERT INTO `ques_record` VALUES (289, 17, 57, 1011, NULL, 0, '2023-05-12 23:19:38', '2023-05-12 23:19:38', 0);
INSERT INTO `ques_record` VALUES (290, 17, 59, 1011, NULL, 0, '2023-05-12 23:19:38', '2023-05-12 23:19:38', 0);
INSERT INTO `ques_record` VALUES (291, 18, 16, 1011, 'c', 1, '2023-05-12 23:20:25', '2023-05-12 23:20:25', 0);
INSERT INTO `ques_record` VALUES (292, 18, 4, 1011, NULL, 0, '2023-05-12 23:20:25', '2023-05-12 23:20:25', 0);
INSERT INTO `ques_record` VALUES (293, 18, 5, 1011, NULL, 0, '2023-05-12 23:20:25', '2023-05-12 23:20:25', 0);
INSERT INTO `ques_record` VALUES (294, 18, 21, 1011, NULL, 0, '2023-05-12 23:20:25', '2023-05-12 23:20:25', 0);
INSERT INTO `ques_record` VALUES (295, 18, 22, 1011, NULL, 0, '2023-05-12 23:20:25', '2023-05-12 23:20:25', 0);
INSERT INTO `ques_record` VALUES (296, 18, 26, 1011, NULL, 0, '2023-05-12 23:20:25', '2023-05-12 23:20:25', 0);
INSERT INTO `ques_record` VALUES (297, 18, 30, 1011, NULL, 0, '2023-05-12 23:20:25', '2023-05-12 23:20:25', 0);
INSERT INTO `ques_record` VALUES (298, 18, 31, 1011, NULL, 0, '2023-05-12 23:20:25', '2023-05-12 23:20:25', 0);
INSERT INTO `ques_record` VALUES (299, 18, 32, 1011, NULL, 0, '2023-05-12 23:20:25', '2023-05-12 23:20:25', 0);
INSERT INTO `ques_record` VALUES (300, 18, 35, 1011, NULL, 0, '2023-05-12 23:20:25', '2023-05-12 23:20:25', 0);
INSERT INTO `ques_record` VALUES (301, 18, 37, 1011, NULL, 0, '2023-05-12 23:20:25', '2023-05-12 23:20:25', 0);
INSERT INTO `ques_record` VALUES (302, 18, 39, 1011, NULL, 0, '2023-05-12 23:20:25', '2023-05-12 23:20:25', 0);
INSERT INTO `ques_record` VALUES (303, 18, 42, 1011, NULL, 0, '2023-05-12 23:20:25', '2023-05-12 23:20:25', 0);
INSERT INTO `ques_record` VALUES (304, 18, 43, 1011, NULL, 0, '2023-05-12 23:20:25', '2023-05-12 23:20:25', 0);
INSERT INTO `ques_record` VALUES (305, 18, 51, 1011, NULL, 0, '2023-05-12 23:20:25', '2023-05-12 23:20:25', 0);
INSERT INTO `ques_record` VALUES (306, 18, 52, 1011, NULL, 0, '2023-05-12 23:20:26', '2023-05-12 23:20:26', 0);
INSERT INTO `ques_record` VALUES (307, 18, 53, 1011, NULL, 0, '2023-05-12 23:20:26', '2023-05-12 23:20:26', 0);
INSERT INTO `ques_record` VALUES (308, 18, 54, 1011, NULL, 0, '2023-05-12 23:20:26', '2023-05-12 23:20:26', 0);
INSERT INTO `ques_record` VALUES (309, 18, 56, 1011, NULL, 0, '2023-05-12 23:20:26', '2023-05-12 23:20:26', 0);
INSERT INTO `ques_record` VALUES (310, 18, 60, 1011, NULL, 0, '2023-05-12 23:20:26', '2023-05-12 23:20:26', 0);
INSERT INTO `ques_record` VALUES (311, 19, 4, 1013, NULL, 0, '2023-05-12 23:20:26', '2023-05-12 23:20:26', 0);
INSERT INTO `ques_record` VALUES (312, 19, 5, 1013, NULL, 0, '2023-05-12 23:20:26', '2023-05-12 23:20:26', 0);
INSERT INTO `ques_record` VALUES (313, 19, 16, 1013, NULL, 0, '2023-05-12 23:20:26', '2023-05-12 23:20:26', 0);
INSERT INTO `ques_record` VALUES (314, 19, 21, 1013, NULL, 0, '2023-05-12 23:20:27', '2023-05-12 23:20:27', 0);
INSERT INTO `ques_record` VALUES (315, 19, 22, 1013, NULL, 0, '2023-05-12 23:20:27', '2023-05-12 23:20:27', 0);
INSERT INTO `ques_record` VALUES (316, 19, 26, 1013, NULL, 0, '2023-05-12 23:20:27', '2023-05-12 23:20:27', 0);
INSERT INTO `ques_record` VALUES (317, 19, 30, 1013, NULL, 0, '2023-05-12 23:20:27', '2023-05-12 23:20:27', 0);
INSERT INTO `ques_record` VALUES (318, 19, 31, 1013, NULL, 0, '2023-05-12 23:20:27', '2023-05-12 23:20:27', 0);
INSERT INTO `ques_record` VALUES (319, 19, 32, 1013, NULL, 0, '2023-05-12 23:20:27', '2023-05-12 23:20:27', 0);
INSERT INTO `ques_record` VALUES (320, 19, 35, 1013, NULL, 0, '2023-05-12 23:20:27', '2023-05-12 23:20:27', 0);
INSERT INTO `ques_record` VALUES (321, 19, 37, 1013, NULL, 0, '2023-05-12 23:20:27', '2023-05-12 23:20:27', 0);
INSERT INTO `ques_record` VALUES (322, 19, 39, 1013, NULL, 0, '2023-05-12 23:20:27', '2023-05-12 23:20:27', 0);
INSERT INTO `ques_record` VALUES (323, 19, 42, 1013, NULL, 0, '2023-05-12 23:20:27', '2023-05-12 23:20:27', 0);
INSERT INTO `ques_record` VALUES (324, 19, 43, 1013, NULL, 0, '2023-05-12 23:20:27', '2023-05-12 23:20:27', 0);
INSERT INTO `ques_record` VALUES (325, 19, 51, 1013, NULL, 0, '2023-05-12 23:20:27', '2023-05-12 23:20:27', 0);
INSERT INTO `ques_record` VALUES (326, 19, 52, 1013, NULL, 0, '2023-05-12 23:20:27', '2023-05-12 23:20:27', 0);
INSERT INTO `ques_record` VALUES (327, 19, 53, 1013, NULL, 0, '2023-05-12 23:20:27', '2023-05-12 23:20:27', 0);
INSERT INTO `ques_record` VALUES (328, 19, 54, 1013, NULL, 0, '2023-05-12 23:20:27', '2023-05-12 23:20:27', 0);
INSERT INTO `ques_record` VALUES (329, 19, 56, 1013, NULL, 0, '2023-05-12 23:20:27', '2023-05-12 23:20:27', 0);
INSERT INTO `ques_record` VALUES (330, 19, 60, 1013, NULL, 0, '2023-05-12 23:20:28', '2023-05-12 23:20:28', 0);
INSERT INTO `ques_record` VALUES (331, 20, 23, 1011, 'b', 1, '2023-05-12 23:21:07', '2023-05-12 23:21:07', 0);
INSERT INTO `ques_record` VALUES (332, 20, 48, 1011, 'c', 1, '2023-05-12 23:21:07', '2023-05-12 23:21:07', 0);
INSERT INTO `ques_record` VALUES (333, 20, 1, 1011, NULL, 0, '2023-05-12 23:21:07', '2023-05-12 23:21:07', 0);
INSERT INTO `ques_record` VALUES (334, 20, 4, 1011, NULL, 0, '2023-05-12 23:21:07', '2023-05-12 23:21:07', 0);
INSERT INTO `ques_record` VALUES (335, 20, 13, 1011, NULL, 0, '2023-05-12 23:21:07', '2023-05-12 23:21:07', 0);
INSERT INTO `ques_record` VALUES (336, 20, 14, 1011, NULL, 0, '2023-05-12 23:21:07', '2023-05-12 23:21:07', 0);
INSERT INTO `ques_record` VALUES (337, 20, 19, 1011, NULL, 0, '2023-05-12 23:21:07', '2023-05-12 23:21:07', 0);
INSERT INTO `ques_record` VALUES (338, 20, 20, 1011, NULL, 0, '2023-05-12 23:21:08', '2023-05-12 23:21:08', 0);
INSERT INTO `ques_record` VALUES (339, 20, 22, 1011, NULL, 0, '2023-05-12 23:21:08', '2023-05-12 23:21:08', 0);
INSERT INTO `ques_record` VALUES (340, 20, 27, 1011, NULL, 0, '2023-05-12 23:21:08', '2023-05-12 23:21:08', 0);
INSERT INTO `ques_record` VALUES (341, 20, 30, 1011, NULL, 0, '2023-05-12 23:21:08', '2023-05-12 23:21:08', 0);
INSERT INTO `ques_record` VALUES (342, 20, 31, 1011, NULL, 0, '2023-05-12 23:21:08', '2023-05-12 23:21:08', 0);
INSERT INTO `ques_record` VALUES (343, 20, 38, 1011, NULL, 0, '2023-05-12 23:21:08', '2023-05-12 23:21:08', 0);
INSERT INTO `ques_record` VALUES (344, 20, 39, 1011, NULL, 0, '2023-05-12 23:21:08', '2023-05-12 23:21:08', 0);
INSERT INTO `ques_record` VALUES (345, 20, 40, 1011, NULL, 0, '2023-05-12 23:21:08', '2023-05-12 23:21:08', 0);
INSERT INTO `ques_record` VALUES (346, 20, 44, 1011, NULL, 0, '2023-05-12 23:21:08', '2023-05-12 23:21:08', 0);
INSERT INTO `ques_record` VALUES (347, 20, 46, 1011, NULL, 0, '2023-05-12 23:21:08', '2023-05-12 23:21:08', 0);
INSERT INTO `ques_record` VALUES (348, 20, 47, 1011, NULL, 0, '2023-05-12 23:21:08', '2023-05-12 23:21:08', 0);
INSERT INTO `ques_record` VALUES (349, 20, 54, 1011, NULL, 0, '2023-05-12 23:21:08', '2023-05-12 23:21:08', 0);
INSERT INTO `ques_record` VALUES (350, 20, 57, 1011, NULL, 0, '2023-05-12 23:21:08', '2023-05-12 23:21:08', 0);
INSERT INTO `ques_record` VALUES (351, 21, 48, 1013, 'c', 1, '2023-05-12 23:21:09', '2023-05-12 23:21:09', 0);
INSERT INTO `ques_record` VALUES (352, 21, 1, 1013, NULL, 0, '2023-05-12 23:21:09', '2023-05-12 23:21:09', 0);
INSERT INTO `ques_record` VALUES (353, 21, 4, 1013, NULL, 0, '2023-05-12 23:21:09', '2023-05-12 23:21:09', 0);
INSERT INTO `ques_record` VALUES (354, 21, 13, 1013, NULL, 0, '2023-05-12 23:21:09', '2023-05-12 23:21:09', 0);
INSERT INTO `ques_record` VALUES (355, 21, 14, 1013, NULL, 0, '2023-05-12 23:21:09', '2023-05-12 23:21:09', 0);
INSERT INTO `ques_record` VALUES (356, 21, 19, 1013, NULL, 0, '2023-05-12 23:21:09', '2023-05-12 23:21:09', 0);
INSERT INTO `ques_record` VALUES (357, 21, 20, 1013, NULL, 0, '2023-05-12 23:21:09', '2023-05-12 23:21:09', 0);
INSERT INTO `ques_record` VALUES (358, 21, 22, 1013, NULL, 0, '2023-05-12 23:21:09', '2023-05-12 23:21:09', 0);
INSERT INTO `ques_record` VALUES (359, 21, 23, 1013, NULL, 0, '2023-05-12 23:21:09', '2023-05-12 23:21:09', 0);
INSERT INTO `ques_record` VALUES (360, 21, 27, 1013, NULL, 0, '2023-05-12 23:21:09', '2023-05-12 23:21:09', 0);
INSERT INTO `ques_record` VALUES (361, 21, 30, 1013, NULL, 0, '2023-05-12 23:21:09', '2023-05-12 23:21:09', 0);
INSERT INTO `ques_record` VALUES (362, 21, 31, 1013, NULL, 0, '2023-05-12 23:21:10', '2023-05-12 23:21:10', 0);
INSERT INTO `ques_record` VALUES (363, 21, 38, 1013, NULL, 0, '2023-05-12 23:21:10', '2023-05-12 23:21:10', 0);
INSERT INTO `ques_record` VALUES (364, 21, 39, 1013, NULL, 0, '2023-05-12 23:21:10', '2023-05-12 23:21:10', 0);
INSERT INTO `ques_record` VALUES (365, 21, 40, 1013, NULL, 0, '2023-05-12 23:21:10', '2023-05-12 23:21:10', 0);
INSERT INTO `ques_record` VALUES (366, 21, 44, 1013, NULL, 0, '2023-05-12 23:21:10', '2023-05-12 23:21:10', 0);
INSERT INTO `ques_record` VALUES (367, 21, 46, 1013, NULL, 0, '2023-05-12 23:21:10', '2023-05-12 23:21:10', 0);
INSERT INTO `ques_record` VALUES (368, 21, 47, 1013, NULL, 0, '2023-05-12 23:21:10', '2023-05-12 23:21:10', 0);
INSERT INTO `ques_record` VALUES (369, 21, 54, 1013, NULL, 0, '2023-05-12 23:21:10', '2023-05-12 23:21:10', 0);
INSERT INTO `ques_record` VALUES (370, 21, 57, 1013, NULL, 0, '2023-05-12 23:21:10', '2023-05-12 23:21:10', 0);
INSERT INTO `ques_record` VALUES (371, 22, 22, 1011, 'a', 1, '2023-05-12 23:22:29', '2023-05-12 23:22:29', 0);
INSERT INTO `ques_record` VALUES (372, 22, 27, 1011, 'b', 1, '2023-05-12 23:22:29', '2023-05-12 23:22:29', 0);
INSERT INTO `ques_record` VALUES (373, 22, 2, 1011, NULL, 0, '2023-05-12 23:22:29', '2023-05-12 23:22:29', 0);
INSERT INTO `ques_record` VALUES (374, 22, 5, 1011, NULL, 0, '2023-05-12 23:22:29', '2023-05-12 23:22:29', 0);
INSERT INTO `ques_record` VALUES (375, 22, 6, 1011, NULL, 0, '2023-05-12 23:22:29', '2023-05-12 23:22:29', 0);
INSERT INTO `ques_record` VALUES (376, 22, 8, 1011, NULL, 0, '2023-05-12 23:22:29', '2023-05-12 23:22:29', 0);
INSERT INTO `ques_record` VALUES (377, 22, 9, 1011, NULL, 0, '2023-05-12 23:22:29', '2023-05-12 23:22:29', 0);
INSERT INTO `ques_record` VALUES (378, 22, 12, 1011, NULL, 0, '2023-05-12 23:22:30', '2023-05-12 23:22:30', 0);
INSERT INTO `ques_record` VALUES (379, 22, 15, 1011, NULL, 0, '2023-05-12 23:22:30', '2023-05-12 23:22:30', 0);
INSERT INTO `ques_record` VALUES (380, 22, 17, 1011, NULL, 0, '2023-05-12 23:22:30', '2023-05-12 23:22:30', 0);
INSERT INTO `ques_record` VALUES (381, 22, 23, 1011, NULL, 0, '2023-05-12 23:22:30', '2023-05-12 23:22:30', 0);
INSERT INTO `ques_record` VALUES (382, 22, 31, 1011, 'a', 0, '2023-05-12 23:22:30', '2023-05-12 23:22:30', 0);
INSERT INTO `ques_record` VALUES (383, 22, 36, 1011, NULL, 0, '2023-05-12 23:22:30', '2023-05-12 23:22:30', 0);
INSERT INTO `ques_record` VALUES (384, 22, 40, 1011, NULL, 0, '2023-05-12 23:22:30', '2023-05-12 23:22:30', 0);
INSERT INTO `ques_record` VALUES (385, 22, 42, 1011, NULL, 0, '2023-05-12 23:22:30', '2023-05-12 23:22:30', 0);
INSERT INTO `ques_record` VALUES (386, 22, 44, 1011, NULL, 0, '2023-05-12 23:22:30', '2023-05-12 23:22:30', 0);
INSERT INTO `ques_record` VALUES (387, 22, 47, 1011, NULL, 0, '2023-05-12 23:22:30', '2023-05-12 23:22:30', 0);
INSERT INTO `ques_record` VALUES (388, 22, 50, 1011, NULL, 0, '2023-05-12 23:22:30', '2023-05-12 23:22:30', 0);
INSERT INTO `ques_record` VALUES (389, 22, 58, 1011, NULL, 0, '2023-05-12 23:22:31', '2023-05-12 23:22:31', 0);
INSERT INTO `ques_record` VALUES (390, 22, 59, 1011, NULL, 0, '2023-05-12 23:22:31', '2023-05-12 23:22:31', 0);
INSERT INTO `ques_record` VALUES (391, 23, 2, 1013, NULL, 0, '2023-05-12 23:22:31', '2023-05-12 23:22:31', 0);
INSERT INTO `ques_record` VALUES (392, 23, 5, 1013, NULL, 0, '2023-05-12 23:22:31', '2023-05-12 23:22:31', 0);
INSERT INTO `ques_record` VALUES (393, 23, 6, 1013, NULL, 0, '2023-05-12 23:22:31', '2023-05-12 23:22:31', 0);
INSERT INTO `ques_record` VALUES (394, 23, 8, 1013, NULL, 0, '2023-05-12 23:22:31', '2023-05-12 23:22:31', 0);
INSERT INTO `ques_record` VALUES (395, 23, 9, 1013, NULL, 0, '2023-05-12 23:22:31', '2023-05-12 23:22:31', 0);
INSERT INTO `ques_record` VALUES (396, 23, 12, 1013, NULL, 0, '2023-05-12 23:22:31', '2023-05-12 23:22:31', 0);
INSERT INTO `ques_record` VALUES (397, 23, 15, 1013, NULL, 0, '2023-05-12 23:22:31', '2023-05-12 23:22:31', 0);
INSERT INTO `ques_record` VALUES (398, 23, 17, 1013, NULL, 0, '2023-05-12 23:22:31', '2023-05-12 23:22:31', 0);
INSERT INTO `ques_record` VALUES (399, 23, 22, 1013, 'b', 0, '2023-05-12 23:22:32', '2023-05-12 23:22:32', 0);
INSERT INTO `ques_record` VALUES (400, 23, 23, 1013, NULL, 0, '2023-05-12 23:22:32', '2023-05-12 23:22:32', 0);
INSERT INTO `ques_record` VALUES (401, 23, 27, 1013, NULL, 0, '2023-05-12 23:22:32', '2023-05-12 23:22:32', 0);
INSERT INTO `ques_record` VALUES (402, 23, 31, 1013, NULL, 0, '2023-05-12 23:22:32', '2023-05-12 23:22:32', 0);
INSERT INTO `ques_record` VALUES (403, 23, 36, 1013, NULL, 0, '2023-05-12 23:22:32', '2023-05-12 23:22:32', 0);
INSERT INTO `ques_record` VALUES (404, 23, 40, 1013, NULL, 0, '2023-05-12 23:22:32', '2023-05-12 23:22:32', 0);
INSERT INTO `ques_record` VALUES (405, 23, 42, 1013, NULL, 0, '2023-05-12 23:22:32', '2023-05-12 23:22:32', 0);
INSERT INTO `ques_record` VALUES (406, 23, 44, 1013, NULL, 0, '2023-05-12 23:22:32', '2023-05-12 23:22:32', 0);
INSERT INTO `ques_record` VALUES (407, 23, 47, 1013, NULL, 0, '2023-05-12 23:22:32', '2023-05-12 23:22:32', 0);
INSERT INTO `ques_record` VALUES (408, 23, 50, 1013, NULL, 0, '2023-05-12 23:22:32', '2023-05-12 23:22:32', 0);
INSERT INTO `ques_record` VALUES (409, 23, 58, 1013, NULL, 0, '2023-05-12 23:22:32', '2023-05-12 23:22:32', 0);
INSERT INTO `ques_record` VALUES (410, 23, 59, 1013, NULL, 0, '2023-05-12 23:22:32', '2023-05-12 23:22:32', 0);
INSERT INTO `ques_record` VALUES (411, 24, 12, 1011, 'c', 1, '2023-05-12 23:24:06', '2023-05-12 23:24:06', 0);
INSERT INTO `ques_record` VALUES (412, 24, 28, 1011, 'b', 1, '2023-05-12 23:24:06', '2023-05-12 23:24:06', 0);
INSERT INTO `ques_record` VALUES (413, 24, 1, 1011, NULL, 0, '2023-05-12 23:24:06', '2023-05-12 23:24:06', 0);
INSERT INTO `ques_record` VALUES (414, 24, 5, 1011, NULL, 0, '2023-05-12 23:24:06', '2023-05-12 23:24:06', 0);
INSERT INTO `ques_record` VALUES (415, 24, 16, 1011, NULL, 0, '2023-05-12 23:24:06', '2023-05-12 23:24:06', 0);
INSERT INTO `ques_record` VALUES (416, 24, 19, 1011, NULL, 0, '2023-05-12 23:24:06', '2023-05-12 23:24:06', 0);
INSERT INTO `ques_record` VALUES (417, 24, 22, 1011, NULL, 0, '2023-05-12 23:24:06', '2023-05-12 23:24:06', 0);
INSERT INTO `ques_record` VALUES (418, 24, 27, 1011, NULL, 0, '2023-05-12 23:24:06', '2023-05-12 23:24:06', 0);
INSERT INTO `ques_record` VALUES (419, 24, 31, 1011, NULL, 0, '2023-05-12 23:24:07', '2023-05-12 23:24:07', 0);
INSERT INTO `ques_record` VALUES (420, 24, 32, 1011, NULL, 0, '2023-05-12 23:24:07', '2023-05-12 23:24:07', 0);
INSERT INTO `ques_record` VALUES (421, 24, 34, 1011, NULL, 0, '2023-05-12 23:24:07', '2023-05-12 23:24:07', 0);
INSERT INTO `ques_record` VALUES (422, 24, 38, 1011, NULL, 0, '2023-05-12 23:24:07', '2023-05-12 23:24:07', 0);
INSERT INTO `ques_record` VALUES (423, 24, 39, 1011, NULL, 0, '2023-05-12 23:24:07', '2023-05-12 23:24:07', 0);
INSERT INTO `ques_record` VALUES (424, 24, 44, 1011, NULL, 0, '2023-05-12 23:24:07', '2023-05-12 23:24:07', 0);
INSERT INTO `ques_record` VALUES (425, 24, 45, 1011, NULL, 0, '2023-05-12 23:24:07', '2023-05-12 23:24:07', 0);
INSERT INTO `ques_record` VALUES (426, 24, 48, 1011, NULL, 0, '2023-05-12 23:24:07', '2023-05-12 23:24:07', 0);
INSERT INTO `ques_record` VALUES (427, 24, 53, 1011, NULL, 0, '2023-05-12 23:24:07', '2023-05-12 23:24:07', 0);
INSERT INTO `ques_record` VALUES (428, 24, 57, 1011, NULL, 0, '2023-05-12 23:24:07', '2023-05-12 23:24:07', 0);
INSERT INTO `ques_record` VALUES (429, 24, 59, 1011, NULL, 0, '2023-05-12 23:24:07', '2023-05-12 23:24:07', 0);
INSERT INTO `ques_record` VALUES (430, 24, 60, 1011, NULL, 0, '2023-05-12 23:24:07', '2023-05-12 23:24:07', 0);
INSERT INTO `ques_record` VALUES (431, 25, 1, 1013, NULL, 0, '2023-05-12 23:24:08', '2023-05-12 23:24:08', 0);
INSERT INTO `ques_record` VALUES (432, 25, 5, 1013, NULL, 0, '2023-05-12 23:24:08', '2023-05-12 23:24:08', 0);
INSERT INTO `ques_record` VALUES (433, 25, 12, 1013, NULL, 0, '2023-05-12 23:24:08', '2023-05-12 23:24:08', 0);
INSERT INTO `ques_record` VALUES (434, 25, 16, 1013, NULL, 0, '2023-05-12 23:24:08', '2023-05-12 23:24:08', 0);
INSERT INTO `ques_record` VALUES (435, 25, 19, 1013, NULL, 0, '2023-05-12 23:24:08', '2023-05-12 23:24:08', 0);
INSERT INTO `ques_record` VALUES (436, 25, 22, 1013, NULL, 0, '2023-05-12 23:24:08', '2023-05-12 23:24:08', 0);
INSERT INTO `ques_record` VALUES (437, 25, 27, 1013, NULL, 0, '2023-05-12 23:24:08', '2023-05-12 23:24:08', 0);
INSERT INTO `ques_record` VALUES (438, 25, 28, 1013, 'a', 0, '2023-05-12 23:24:08', '2023-05-12 23:24:08', 0);
INSERT INTO `ques_record` VALUES (439, 25, 31, 1013, NULL, 0, '2023-05-12 23:24:09', '2023-05-12 23:24:09', 0);
INSERT INTO `ques_record` VALUES (440, 25, 32, 1013, NULL, 0, '2023-05-12 23:24:09', '2023-05-12 23:24:09', 0);
INSERT INTO `ques_record` VALUES (441, 25, 34, 1013, NULL, 0, '2023-05-12 23:24:09', '2023-05-12 23:24:09', 0);
INSERT INTO `ques_record` VALUES (442, 25, 38, 1013, NULL, 0, '2023-05-12 23:24:09', '2023-05-12 23:24:09', 0);
INSERT INTO `ques_record` VALUES (443, 25, 39, 1013, NULL, 0, '2023-05-12 23:24:09', '2023-05-12 23:24:09', 0);
INSERT INTO `ques_record` VALUES (444, 25, 44, 1013, NULL, 0, '2023-05-12 23:24:09', '2023-05-12 23:24:09', 0);
INSERT INTO `ques_record` VALUES (445, 25, 45, 1013, NULL, 0, '2023-05-12 23:24:09', '2023-05-12 23:24:09', 0);
INSERT INTO `ques_record` VALUES (446, 25, 48, 1013, NULL, 0, '2023-05-12 23:24:09', '2023-05-12 23:24:09', 0);
INSERT INTO `ques_record` VALUES (447, 25, 53, 1013, NULL, 0, '2023-05-12 23:24:09', '2023-05-12 23:24:09', 0);
INSERT INTO `ques_record` VALUES (448, 25, 57, 1013, NULL, 0, '2023-05-12 23:24:09', '2023-05-12 23:24:09', 0);
INSERT INTO `ques_record` VALUES (449, 25, 59, 1013, NULL, 0, '2023-05-12 23:24:09', '2023-05-12 23:24:09', 0);
INSERT INTO `ques_record` VALUES (450, 25, 60, 1013, NULL, 0, '2023-05-12 23:24:09', '2023-05-12 23:24:09', 0);
INSERT INTO `ques_record` VALUES (451, 26, 16, 1011, 'c', 1, '2023-05-13 08:15:58', '2023-05-13 08:15:58', 0);
INSERT INTO `ques_record` VALUES (452, 26, 9, 1011, NULL, 0, '2023-05-13 08:15:58', '2023-05-13 08:15:58', 0);
INSERT INTO `ques_record` VALUES (453, 26, 24, 1011, NULL, 0, '2023-05-13 08:15:58', '2023-05-13 08:15:58', 0);
INSERT INTO `ques_record` VALUES (454, 26, 29, 1011, NULL, 0, '2023-05-13 08:15:58', '2023-05-13 08:15:58', 0);
INSERT INTO `ques_record` VALUES (455, 26, 34, 1011, NULL, 0, '2023-05-13 08:15:58', '2023-05-13 08:15:58', 0);
INSERT INTO `ques_record` VALUES (456, 26, 35, 1011, NULL, 0, '2023-05-13 08:15:58', '2023-05-13 08:15:58', 0);
INSERT INTO `ques_record` VALUES (457, 26, 37, 1011, NULL, 0, '2023-05-13 08:15:58', '2023-05-13 08:15:58', 0);
INSERT INTO `ques_record` VALUES (458, 26, 50, 1011, NULL, 0, '2023-05-13 08:15:58', '2023-05-13 08:15:58', 0);
INSERT INTO `ques_record` VALUES (459, 26, 53, 1011, NULL, 0, '2023-05-13 08:15:58', '2023-05-13 08:15:58', 0);
INSERT INTO `ques_record` VALUES (460, 26, 59, 1011, NULL, 0, '2023-05-13 08:15:58', '2023-05-13 08:15:58', 0);
INSERT INTO `ques_record` VALUES (461, 27, 1, 1011, NULL, 0, '2023-05-13 11:45:46', '2023-05-13 11:45:46', 0);
INSERT INTO `ques_record` VALUES (462, 27, 13, 1011, NULL, 0, '2023-05-13 11:45:46', '2023-05-13 11:45:46', 0);
INSERT INTO `ques_record` VALUES (463, 27, 15, 1011, NULL, 0, '2023-05-13 11:45:46', '2023-05-13 11:45:46', 0);
INSERT INTO `ques_record` VALUES (464, 27, 22, 1011, NULL, 0, '2023-05-13 11:45:46', '2023-05-13 11:45:46', 0);
INSERT INTO `ques_record` VALUES (465, 27, 25, 1011, NULL, 0, '2023-05-13 11:45:46', '2023-05-13 11:45:46', 0);
INSERT INTO `ques_record` VALUES (466, 27, 27, 1011, NULL, 0, '2023-05-13 11:45:46', '2023-05-13 11:45:46', 0);
INSERT INTO `ques_record` VALUES (467, 27, 28, 1011, 'a', 0, '2023-05-13 11:45:46', '2023-05-13 11:45:46', 0);
INSERT INTO `ques_record` VALUES (468, 27, 34, 1011, NULL, 0, '2023-05-13 11:45:46', '2023-05-13 11:45:46', 0);
INSERT INTO `ques_record` VALUES (469, 27, 46, 1011, NULL, 0, '2023-05-13 11:45:46', '2023-05-13 11:45:46', 0);
INSERT INTO `ques_record` VALUES (470, 27, 58, 1011, NULL, 0, '2023-05-13 11:45:46', '2023-05-13 11:45:46', 0);

-- ----------------------------
-- Table structure for questions
-- ----------------------------
DROP TABLE IF EXISTS `questions`;
CREATE TABLE `questions`  (
  `id` bigint(20) NOT NULL AUTO_INCREMENT COMMENT 'id',
  `content` text CHARACTER SET utf8mb4 COLLATE utf8mb4_general_ci NOT NULL COMMENT '题目内容',
  `optionA` text CHARACTER SET utf8mb4 COLLATE utf8mb4_general_ci NOT NULL COMMENT '选项A',
  `optionB` text CHARACTER SET utf8mb4 COLLATE utf8mb4_general_ci NOT NULL COMMENT '选项B',
  `optionC` text CHARACTER SET utf8mb4 COLLATE utf8mb4_general_ci NULL COMMENT '选项C',
  `optionD` text CHARACTER SET utf8mb4 COLLATE utf8mb4_general_ci NULL COMMENT '选项D',
  `correct` varchar(512) CHARACTER SET utf8mb4 COLLATE utf8mb4_general_ci NOT NULL COMMENT '正确选项',
  `type` tinyint(4) NOT NULL DEFAULT 0 COMMENT '题型  0-单选 1-多选 2-判断',
  `createTime` datetime(0) NOT NULL DEFAULT CURRENT_TIMESTAMP(0) COMMENT '创建时间',
  `updateTime` datetime(0) NOT NULL DEFAULT CURRENT_TIMESTAMP(0) ON UPDATE CURRENT_TIMESTAMP(0) COMMENT '更新时间',
  `isDelete` tinyint(4) NOT NULL DEFAULT 0 COMMENT '是否删除',
  PRIMARY KEY (`id`) USING BTREE
) ENGINE = InnoDB AUTO_INCREMENT = 121 CHARACTER SET = utf8mb4 COLLATE = utf8mb4_general_ci COMMENT = '题目' ROW_FORMAT = Dynamic;

-- ----------------------------
-- Records of questions
-- ----------------------------
INSERT INTO `questions` VALUES (1, '大学生小明放假期间，接到来电显示为公安部门的电话。对方声称小明的银行账户被毒贩盗用，涉嫌洗钱，需要小明配合调查并将冻结小明的账户。随后，对方为小明提供了一个银行卡账号，并告知小明要将银行卡里的存款转移到安全账户中才能不被冻结。如果你是小明，你不应该做什么？', '默认自己账户被盗用的事实，按照警察教学的方法保护财产，毕竟人民警察不可能是坏人。', '拨打110报警电话，核实电话中警察所说明的信息，并相信自己不会受到冤枉。', '打电话告知自己的亲属，自己的手机号码等信息泄露，警惕陌生号码的来电。', '不予转账并举报该电话号码。', 'A', 0, '2023-05-12 23:31:27', '2023-05-12 23:31:27', 0);
INSERT INTO `questions` VALUES (2, '小陈最近发现了一门好生意，只要用自己的身份证办理免费的电话卡，再转手卖出就能不费吹灰之力获得一大笔报酬，有专门的团队进行收购，平均一张卡10-50元不等。小陈很快将自己的生财之道分享给了宿舍的兄弟们，每周末都会去附近购卡再卖卡。作为小陈辅导员的你知道了这件事，你应该怎么做？', '夸奖小陈，并将该方法告诉班里的贫困学生，带领同学们一起致富。', '及时制止小陈，统计班里有多少同学参与了此类活动，联系营业厅进行销卡并报警。', '无视小陈的行为，大学生小打小闹弄点小钱，不足为虑。', '默许小陈的行为，找小陈谈心，是否遇上了资金方面的困难，并提供帮助。', 'B', 0, '2023-05-12 23:31:27', '2023-05-12 23:31:27', 0);
INSERT INTO `questions` VALUES (3, '刘大妈是个热心肠，为此她加入了几个社区联络群做志愿者帮忙处理社区问题。一天她在好几个群里都看到同一个账号发布的招聘消息。招聘人员年龄不限，工作内容简单操作，对时间和办公地点都没有要求，只需要有一部手机，进行刷单，就可以根据单数进行返现，平均日薪300+，多刷多得。刘大妈心动了，并将消息告诉了你，你应该怎样做?', '感谢刘大妈分享给你的生财小妙招，直接打开手机，添加该账号，并开始自己的新兼职。', '这个工作简单操作，特别适合有空闲时间居家的老人和学生，为了帮助他们，你要积极转发推广。', '劝阻刘大妈不要轻信所谓的刷单返利，及时向群主举报信息内容，将该账号踢出社区群。', '不理睬刘大妈的分享，出了事是好是坏，与我无关。', 'C', 0, '2023-05-12 23:31:27', '2023-05-12 23:31:27', 0);
INSERT INTO `questions` VALUES (4, '马大姐一位好久不见的朋友声称自己手头上有好项目，想拉马大姐入伙，随后将马大姐拉入一个炒股群。炒股群里人声鼎沸每个人都在分享自己的赚钱经历，在朋友的引荐下，马大姐认识了群里的炒股大师，并对平台投资了三千元，第二天平台显示赚了三万元。马大姐的朋友告诉马大姐第二次投资基数需要三十万，马大姐手中刚巧有多年积攒的三十万元。如果你是马大姐，你该怎么做？', '时不我待，果断出手，将三十万一次性投资 。', '投资有风险，不要把鸡蛋放在一个篮子里，问问朋友能不能投资十五万。', '将炒股群分享给自己的亲友，拉大家一起入伙，有钱大家一起赚', '尝试对三万元提现，尽快脱身退群，必要时选择报警，保护财产安全。', 'D', 0, '2023-05-12 23:31:27', '2023-05-12 23:31:27', 0);
INSERT INTO `questions` VALUES (5, '大龄剩男老张为了尽快成家，注册了某婚恋网的会员，成功开启了自己的桃花路。目前正和一位网友聊得火热，女孩时不时给老张发送生活照片并分享自己的经历。照片中的女孩面容姣好，生活中的女孩孝顺乖巧，老张很快坠入了爱河。最近女孩回了老家，并且马上过生日了。女孩想让老张给自己发一个生日红包，并购买一些自己炒的春茶。老张应该怎么做？', '果断购买，最难消受美人恩，喜欢的人亲手炒的茶一定果断入手。', '我的钱就是她的钱，茶叶不喜欢喝可以不买，红包一定要大大的包。', '提前准备好生日礼物和生日红包，购买茶叶送朋友。', '不发红包也不购买茶叶，换个小号对“女友”进行测试，必要时选择拉黑。', 'D', 0, '2023-05-12 23:31:27', '2023-05-12 23:31:27', 0);
INSERT INTO `questions` VALUES (6, '小梦喜欢在工作的空闲时间观看综艺节目。最近她收到一则来自某热播偶像培训综艺节目的中奖短信，通知小梦被选为节目幸运观众，获得现金奖励两万元和苹果笔记本一台，只要点击短信中的链接填写中奖信息并交付三千元的奖品税即可领取。下列做法错误的是？', '对中奖内容深信不疑，按照对方要求一步步操作。', '自己就是锦鲤，多年中奖绝缘体体质破除，联系家里人直接打钱。', '半信半疑，出售中奖资格给他人。', '不点击短信中的陌生链接，将号码标记举报。', 'ABC', 1, '2023-05-12 23:31:27', '2023-05-12 23:31:27', 0);
INSERT INTO `questions` VALUES (7, '小郑的女儿刚上一年级。这天，自称是女儿班主任的刘老师添加小郑的微信，并将小郑拉入班级家长群，小郑发现群里确实有很多认识的家长，随后刘老师以课本费的名义发起群收款，要求每位家长转账200元。下列做法正确的是？', '直接在群里转账，该花的钱一分不少。', '打电话给女儿的学校，询问核查刘老师的身份再决定是否转账。', '劝阻其他要转账的家长，并表示第二天上学时，现金支付。', '配合刘老师的工作，交钱后和刘老师询问女儿的情况，关心女儿。', 'BC', 1, '2023-05-12 23:31:27', '2023-05-12 23:31:27', 0);
INSERT INTO `questions` VALUES (8, '爷爷奶奶年事已高，今天你去看望他们发现他们遭遇了网络信息诈骗还蒙在鼓里，你应该怎么做？', '仔细询问事件来龙去脉，计算出受骗的具体金额。', '及时报警，详细说明情况，配合警方工作。', '安抚好老人，避免老人受到强烈刺激。', '拨打中国电信10000号举报诈骗电话，避免更多人受骗。', 'ABCD', 1, '2023-05-12 23:31:27', '2023-05-12 23:31:27', 0);
INSERT INTO `questions` VALUES (9, '为了支付方便，赵奶奶最近也跟上潮流开通了微信支付，偶尔还给自己的小孙子发发红包。今天，舞伴高爷爷给她发了一个金额为699的红包，她点击红包后，提现需要将红包转发给十个好友才能领取，赵奶奶应该怎样做？', '找自己的儿女或到附近的中国电信营业厅开设的爱心翼站询问红包的真伪性。', '将链接转发给自己的十个亲友，并号召他们也进行转发，万一赚到钱了呢。', '不点击、不理睬，不转发，并劝阻高爷爷继续转发。', '举报该红包链接，并提醒自己的好友和舞伴不要转发。', 'ACD', 1, '2023-05-12 23:31:27', '2023-05-12 23:31:27', 0);
INSERT INTO `questions` VALUES (10, '王爷爷喜欢听听戏曲，为了满足老人家的愿望，他的孩子王叔叔特意为老人办理了无线网，并购买了智能机。某天，王爷爷在浏览器中搜索戏曲时，网页里有个弹窗一直提示他，手机中有病毒，赶快查杀。王大爷应该怎么做？', '对弹窗内容存疑，关闭网页，重新搜索想听的戏曲。', '使用手机自带的杀毒软件对手机进行扫描查杀，不点击网页中的弹窗。', '将手机拿到附近的中国电信营业厅开设的爱心翼站中，寻求帮助 。', '点击网页中的查杀按钮，对手机进行杀毒 。', 'ABC', 1, '2023-05-12 23:31:27', '2023-05-12 23:31:27', 0);
INSERT INTO `questions` VALUES (11, '同学王某想找一份兼职工作，积累社会实践经验，扩大个人收入来源，他不可以干的工作是', '在学校勤工俭学', '在一家门店打零工', '网上找兼职刷信誉', '做家教服务', 'C', 0, '2023-05-12 23:31:27', '2023-05-12 23:31:27', 0);
INSERT INTO `questions` VALUES (12, '同学朱某在网站找兼职时，看到一则信息，说是给某网站刷信誉可以赚钱，朱某下列哪项行为正确', '既可以赚钱，又很轻松，帮其刷信誉', '要求对方先打款才能帮其刷信誉', '不帮对方刷信誉，因为刷信誉的行为是不正确的，往往是骗局', NULL, 'C', 0, '2023-05-12 23:31:27', '2023-05-12 23:31:27', 0);
INSERT INTO `questions` VALUES (13, '同学丁某收到陌生电话，称有一款理财产品回报率高，使去银行汇款，银行工作人员怕其上当阻止，丁某应该怎么办？', '投诉该工作人员', '换一家银行汇入', '强制工作人员办理业务', '与公安机关联系，确认是否有诈骗嫌疑', 'D', 0, '2023-05-12 23:31:27', '2023-05-12 23:31:27', 0);
INSERT INTO `questions` VALUES (14, '同学刘某在淘宝网上购物以后，有自称网店客服与其联系，称其付款不成需要退款，刘某该怎么办？', '打电话给网点负责人争吵理论，要求其还钱', '去其他网店购物', '按对方提示进行退款操作', '联系淘宝客服，进行相关查询后再确定是否真要进行退款操作', 'D', 0, '2023-05-12 23:31:27', '2023-05-12 23:31:27', 0);
INSERT INTO `questions` VALUES (15, '同学杨某通过QQ与一女子相恋被骗8000元，他该怎么办？', '与对方要求还钱', '删除对方的QQ和一切信息', '到女子所在地去要求对方还钱', '打电话报警，并提供相关信息给警方', 'D', 0, '2023-05-12 23:31:27', '2023-05-12 23:31:27', 0);
INSERT INTO `questions` VALUES (16, '大学生易受虚假招聘信息诈骗，下列选项中不属于该项诈骗的是', '以招聘业务员为名发布高薪日结广告', '事主依据广告信息联系被强制要求收取介绍费', '收取正当合理的中介费并安排工作', '要求事主先汇款作为代理商的成本', 'C', 0, '2023-05-12 23:31:27', '2023-05-12 23:31:27', 0);
INSERT INTO `questions` VALUES (17, '下列行为属于电信网络诈骗的是', '盗刷信用卡', '冒充熟人以各种名义借钱', '通过伪基站设备发送含有木马的钓鱼网站', '以上都是', 'D', 0, '2023-05-12 23:31:27', '2023-05-12 23:31:27', 0);
INSERT INTO `questions` VALUES (18, '同学乔某准备在网上买一台IPAD，她该如何预防网络购物诈骗', '只顾价格便宜，不问网站真伪', '辨明正规官网，哪怕贵一些，但交易有保障', '用微信、支付宝直接与卖家私下交易，快捷便利', '商家称货到付款，未验收直接付款', 'B', 0, '2023-05-12 23:31:27', '2023-05-12 23:31:27', 0);
INSERT INTO `questions` VALUES (19, '学生熊某想在游戏里充值，此时他该怎么办', '网上找人帮忙低价充值', '官方平台充值', '网上查找便宜充值平台', '找游戏玩家充值', 'B', 0, '2023-05-12 23:31:27', '2023-05-12 23:31:27', 0);
INSERT INTO `questions` VALUES (20, '大学生在接到类似诈骗的短信后不应该', '联系学校老师', '向公安机关报案', '联系发信人', '联系父母', 'C', 0, '2023-05-12 23:31:27', '2023-05-12 23:31:27', 0);
INSERT INTO `questions` VALUES (21, '同学崔某在交友网站上认识一女子，通过QQ、电话微信等方式与其相聊甚欢后被该女子以各种理由骗取人民币4000元。崔某发觉后，在盛怒之下将其QQ号微信号、手机号码全部删除，这样的做法对不对？', '正确', '错误', NULL, NULL, 'B', 0, '2023-05-12 23:31:27', '2023-05-12 23:31:27', 0);
INSERT INTO `questions` VALUES (22, '同学李某在网上看到一个贷款公司，在没任何正规手续的情况下被对方收取保证金为由骗取人名币3000元，并继续催促李某打钱给对方，李某一边周旋，一边迅速到公安机关报案', '正确', '错误', NULL, NULL, 'A', 0, '2023-05-12 23:31:27', '2023-05-12 23:31:27', 0);
INSERT INTO `questions` VALUES (23, '同学黄某接到一个自称某网贷平台工作人员的电话，称目前国家正在清理大学生网贷，要求黄某配合平台调查。于是黄某就按对方要求在各平台进行验证操作', '正确', '错误', NULL, NULL, 'B', 0, '2023-05-12 23:31:27', '2023-05-12 23:31:27', 0);
INSERT INTO `questions` VALUES (24, '如果有人给你一笔钱请你用自己的身份证帮他办理一张银行卡或电话卡，你就同意了', '正确', '错误', NULL, NULL, 'B', 0, '2023-05-12 23:31:27', '2023-05-12 23:31:27', 0);
INSERT INTO `questions` VALUES (25, '同学王某这天在QQ聊天的时候，一个高中同学突然在QQ上以资金周转困难为由，开口向他借5000元钱，王某碍于情面，在没核实的情况下就把钱通过转账的方式向对方汇了过去', '正确', '错误', NULL, NULL, 'B', 0, '2023-05-12 23:31:27', '2023-05-12 23:31:27', 0);
INSERT INTO `questions` VALUES (26, '同学丁某在网上卖游戏账号，对方要求其缴纳保证金2000元，丁某缴纳了保证金', '正确', '错误', NULL, NULL, 'B', 0, '2023-05-12 23:31:27', '2023-05-12 23:31:27', 0);
INSERT INTO `questions` VALUES (27, '在路边遇到子称来自香港的大学生，因行李去失有困难，需要我们借钱帮助他，应该立即施以援手，借钱助人', '正确', '错误', NULL, NULL, 'B', 0, '2023-05-12 23:31:27', '2023-05-12 23:31:27', 0);
INSERT INTO `questions` VALUES (28, '在与人交往中，热心大方的与陌生人交流，把自己身份、联系方式告诉他人以保持下次随时相约', '正确', '错误', NULL, NULL, 'B', 0, '2023-05-12 23:31:27', '2023-05-12 23:31:27', 0);
INSERT INTO `questions` VALUES (29, '同学张某有一张长期不用的银行卡和电话卡，刚好看见网上有高价收购银行卡电话卡，可以将电话卡、银行卡卖给对方，或租给对方按使用次数收费，补贴生活开支', '正确', '错误', NULL, NULL, 'B', 0, '2023-05-12 23:31:27', '2023-05-12 23:31:27', 0);
INSERT INTO `questions` VALUES (30, '陈同学在网上收到“闺蜜”发来的QQ消息，称她手机被偷，急需要买一个新手机，向她暂借500元。碍于姐妹情谊，陈同学二话不说就给对方打款', '正确', '错误', NULL, NULL, 'B', 0, '2023-05-12 23:31:27', '2023-05-12 23:31:27', 0);
INSERT INTO `questions` VALUES (31, '同学小张收到“双十一嘉年华”发来的邮件，称其获得购物参与大奖，让其点击链接进入节目网站领取奖品。小张非常兴奋，赶紧点开链接', '正确', '错误', NULL, NULL, 'B', 0, '2023-05-12 23:31:27', '2023-05-12 23:31:27', 0);
INSERT INTO `questions` VALUES (32, '同学小王接到电话，称其有一张法院传票。小王继续询问详情后，电话转接到一位警察处，对方称要通过电话做笔录。小陈立即挂断电话，因为警方不可能通过电话来调查案件', '正确', '错误', NULL, NULL, 'A', 0, '2023-05-12 23:31:27', '2023-05-12 23:31:27', 0);
INSERT INTO `questions` VALUES (33, '同学小婷被邀请进了微信群，一天她收到群里的100元祝福红包，平时都是直接拆开红包，这次却要填写个人信息，还需要填写红包密码，这时小婷应该耐心填写信息，毕竟有大红包', '正确', '错误', NULL, NULL, 'B', 0, '2023-05-12 23:31:27', '2023-05-12 23:31:27', 0);
INSERT INTO `questions` VALUES (34, '在接到自称公安或法院电话要求缴纳罚款后应该拨打110仔细咨询', '正确', '错误', NULL, NULL, 'A', 0, '2023-05-12 23:31:27', '2023-05-12 23:31:27', 0);
INSERT INTO `questions` VALUES (35, '网络上常说的“杀猪盘”是指婚恋投资类诈骗', '正确', '错误', NULL, NULL, 'A', 0, '2023-05-12 23:31:27', '2023-05-12 23:31:27', 0);
INSERT INTO `questions` VALUES (36, '关于提高对电信网络诈骗的认识，以下说法错误的是', '不轻信', '不随意转账', '电脑、手机收到的信息都是权威的，按照上面说的做', '遇到事情多核实', 'C', 0, '2023-05-12 23:31:27', '2023-05-12 23:31:27', 0);
INSERT INTO `questions` VALUES (37, '有人说以100块一张向你收购银行卡，你觉得价钱蛮合理就答应了', '以上做法合理，可以赚钱是件好事', '以上做法合理，但是需要签订合同', '以上做法合理，价格太低廉了', '以上做法不合理，买卖银行卡肯定存在违法犯罪行为', 'D', 0, '2023-05-12 23:31:27', '2023-05-12 23:31:27', 0);
INSERT INTO `questions` VALUES (38, '下面哪些电话可能是诈骗电话？', '不显示来电号码的电话', '来电显示“00”打头的号码', '来电显示“+25110”', '来电显示“0400”开头的号码', 'ABCD', 1, '2023-05-12 23:31:27', '2023-05-12 23:31:27', 0);
INSERT INTO `questions` VALUES (39, '小李被诈骗以后通过互联网查询到一个网警的QQ，小李立即添加查询到网警QQ进行网络报案', '正确', '错误', NULL, NULL, 'B', 0, '2023-05-12 23:31:27', '2023-05-12 23:31:27', 0);
INSERT INTO `questions` VALUES (40, '在网购商品后，客服主动联系退款的可以在其他第三方平台进行退款', '正确', '错误', NULL, NULL, 'B', 0, '2023-05-12 23:31:27', '2023-05-12 23:31:27', 0);
INSERT INTO `questions` VALUES (41, '收到陌生号码打来的电话，但凡是涉及到金钱的，一定要做到“不听、不信、不转帐”', '正确', '错误', NULL, NULL, 'A', 0, '2023-05-12 23:31:27', '2023-05-12 23:31:27', 0);
INSERT INTO `questions` VALUES (42, '刷单是正规行业，可以通过兼职刷单增加自己的收入', '正确', '错误', NULL, NULL, 'B', 0, '2023-05-12 23:31:27', '2023-05-12 23:31:27', 0);
INSERT INTO `questions` VALUES (43, '收到手机短信“代办信用卡，信用卡提升额度，银行内部人员理财投资”等消息可以相信', '正确', '错误', NULL, NULL, 'B', 0, '2023-05-12 23:31:27', '2023-05-12 23:31:27', 0);
INSERT INTO `questions` VALUES (44, '大学生求职为防被骗，通过以下渠道进行较为安全', '学校学工处', '正规人力资源市场', '有兼职经验的同学', '以上都是', 'D', 0, '2023-05-12 23:31:27', '2023-05-12 23:31:27', 0);
INSERT INTO `questions` VALUES (45, '大学生求职签合同时，合同一般应包括以下主要事项', '具体工作时间', '确定的薪酬数额', '薪酬支付时间', '以上都是', 'D', 0, '2023-05-12 23:31:27', '2023-05-12 23:31:27', 0);
INSERT INTO `questions` VALUES (46, '小明在玩游戏时发现了一个博彩网站，认为可以赚钱，他会陷入', '网络贷款类诈骗', '投资理财类诈骗', '冒充熟人领导类诈骗', '网络赌博诈骗', 'D', 0, '2023-05-12 23:31:27', '2023-05-12 23:31:27', 0);
INSERT INTO `questions` VALUES (47, '小红被拉入一个刷单兼职群，后小强认为兼职赚钱，会陷入', '冒充熟人诈骗', '网络贷款诈骗', '婚恋交友诈骗', '刷单返利诈骗', 'D', 0, '2023-05-12 23:31:27', '2023-05-12 23:31:27', 0);
INSERT INTO `questions` VALUES (48, '强强应聘一公司成功，后小强发现该公司涉嫌电信诈骗，但小强认为自己不是老板，遂继续在此公司上班，不向公安机关报告，小强可能涉嫌下列哪种犯罪', '盗窃罪', '诈骗罪', '帮助信息网络犯罪活动罪', '不会被追究法律责任', 'C', 0, '2023-05-12 23:31:27', '2023-05-12 23:31:27', 0);
INSERT INTO `questions` VALUES (49, '同学小苏收到短信，称其有包裹被扣在邮局，让其回电。小苏回电后，对方称其包裹涉嫌重武器，直接将电话转接到公安局，公安局为核实情况让小苏将银行卡内的钱款转到“安全账户”小苏感到很恐慌，立马将卡内所有钱转到该账户', '正确', '错误', NULL, NULL, 'B', 0, '2023-05-12 23:31:27', '2023-05-12 23:31:27', 0);
INSERT INTO `questions` VALUES (50, '同学小刘在网上找兼职时，了解到淘宝网给商家局信誉的工作非常清闲，无需押金，更不坐班，每天至少可以赚百元以上，小刘下列哪些行为正确', '常见诈骗手段，兼职刷单都是诈骗，主动忽略', '这种赚钱方式真轻松，赶快去应聘', '刚毕业就业困难，急用钱买新手机，日夜刷信誉赚钱', '发财致富之道，并介绍朋友一起发财', 'A', 0, '2023-05-12 23:31:27', '2023-05-12 23:31:27', 0);
INSERT INTO `questions` VALUES (51, '为提高自身防范电信网络诈骗的意识，下面的哪些讲法时错误的', '接电话，遇到陌生人，只要一谈到银行卡，一律挂掉', '只要谈到“电话转接公安局法院”的，一律不接', '微信不认识的人发来的链接，一律不接', '官方热线发布的信息，可以通过短信内的链接进入网站', 'D', 0, '2023-05-12 23:31:27', '2023-05-12 23:31:27', 0);
INSERT INTO `questions` VALUES (52, '某同学欲将一款网络游戏装备出售，登入某交易平台交易不久，其收到了来自“网站客服”的电话，对方称“装备已被卖出，如要体现，需交足等额押金”', '按照客服提示，交付押金', '骗子不予理睬', '网络交易确实存在这样的情况，直接按提示操作', NULL, 'B', 0, '2023-05-12 23:31:27', '2023-05-12 23:31:27', 0);
INSERT INTO `questions` VALUES (53, '接到自称是（公检法）工作人员电话，要在电话里制作电话笔录，并核查你名下所有资金，你会', '马上拨打110电话报警', '马上挂掉电话', '不接受所谓的电话笔录（进一步透露私密信息）', '不要进行任何银行卡操作', 'ABCD', 1, '2023-05-12 23:31:27', '2023-05-12 23:31:27', 0);
INSERT INTO `questions` VALUES (54, '接到电话：某某（你的名字），知道我是谁吗？', '随便说一个稀有的姓氏，如：你是“剑总”吗？对方如是说是，那肯定是诈骗', '按对方所说的去做，保存骗子的电话，按骗子的要求给他汇款，并转交给所谓的“领导”', '挂掉电话，不再理会', '不经核实不要汇款给任何人', 'ACD', 1, '2023-05-12 23:31:27', '2023-05-12 23:31:27', 0);
INSERT INTO `questions` VALUES (55, '接到某购物网站电话，说你购买的产品有质量问题，商家提供十倍退款，需要扫码验证或提供银行卡信息，你会', '登录购物网站，与商家核实情况', '不要扫对方提供的二维码', '不要进行银行卡汇款', '开心兴奋！按对方所说的进行所有操作', 'ABC', 1, '2023-05-12 23:31:27', '2023-05-12 23:31:27', 0);
INSERT INTO `questions` VALUES (56, '小张刚在网上购买了一双球鞋，支付完毕后突然收到“淘宝客服”短信，称其支付没有成功，需要重新操作时小张怎么做？', '进入自己的淘宝支付宝账户查看订单状态', '按照短信提示进入相关链接进行操作', '和短信上提供的“淘宝客服”电话联系，询问详情', '自己联系卖家或淘宝网客服进行核实', 'AD', 1, '2023-05-12 23:31:27', '2023-05-12 23:31:27', 0);
INSERT INTO `questions` VALUES (57, '陈同学在网上收到“二姨”发来的QQ消息，称在外办事，账户钱不够用，向她暂借5000元。陈同学二话不说就给“二姨”打款', '正确', '错误', NULL, NULL, 'B', 0, '2023-05-12 23:31:27', '2023-05-12 23:31:27', 0);
INSERT INTO `questions` VALUES (58, '大学生小明为给家里减轻负担，便将自己多余的电话卡和银行卡卖给了小王，小王用此电话卡和银行卡用于电信网络诈骗，小东面临', '行政拘留', '罚款', '涉嫌帮助信息网络犯罪活动被追究刑事责任', NULL, 'C', 0, '2023-05-12 23:31:27', '2023-05-12 23:31:27', 0);
INSERT INTO `questions` VALUES (59, '小强加入了一个推荐股票的微信群，发现里面很多人炒股赚钱，便下载了群友推荐的“理财APP”并在该软件上炒股，一个月后，小强被骗10万元，这属于哪种诈骗', '网络贷款类诈骗', '投资理财类诈骗', '冒充熟人诈骗', '刷单诈骗', 'B', 0, '2023-05-12 23:31:27', '2023-05-12 23:31:27', 0);
INSERT INTO `questions` VALUES (60, '下列哪种情况会使你陷入“网络诈骗”的骗局？', '可疑短信莫点击，陌生电话要警惕', '遇到亲友、熟人的转账、借款需求，一定要打电话或当面确认', '网络贷款、购买理财产品多是假，请走正常渠道理财', '网络兼职刷单可以赚钱', 'D', 0, '2023-05-12 23:31:27', '2023-05-12 23:31:27', 0);
INSERT INTO `questions` VALUES (61, '大学生小明放假期间，接到来电显示为公安部门的电话。对方声称小明的银行账户被毒贩盗用，涉嫌洗钱，需要小明配合调查并将冻结小明的账户。随后，对方为小明提供了一个银行卡账号，并告知小明要将银行卡里的存款转移到安全账户中才能不被冻结。如果你是小明，你不应该做什么？', '默认自己账户被盗用的事实，按照警察教学的方法保护财产，毕竟人民警察不可能是坏人。', '拨打110报警电话，核实电话中警察所说明的信息，并相信自己不会受到冤枉。', '打电话告知自己的亲属，自己的手机号码等信息泄露，警惕陌生号码的来电。', '不予转账并举报该电话号码。', 'A', 0, '2023-05-13 11:48:33', '2023-05-13 11:48:33', 0);
INSERT INTO `questions` VALUES (62, '小陈最近发现了一门好生意，只要用自己的身份证办理免费的电话卡，再转手卖出就能不费吹灰之力获得一大笔报酬，有专门的团队进行收购，平均一张卡10-50元不等。小陈很快将自己的生财之道分享给了宿舍的兄弟们，每周末都会去附近购卡再卖卡。作为小陈辅导员的你知道了这件事，你应该怎么做？', '夸奖小陈，并将该方法告诉班里的贫困学生，带领同学们一起致富。', '及时制止小陈，统计班里有多少同学参与了此类活动，联系营业厅进行销卡并报警。', '无视小陈的行为，大学生小打小闹弄点小钱，不足为虑。', '默许小陈的行为，找小陈谈心，是否遇上了资金方面的困难，并提供帮助。', 'B', 0, '2023-05-13 11:48:33', '2023-05-13 11:48:33', 0);
INSERT INTO `questions` VALUES (63, '刘大妈是个热心肠，为此她加入了几个社区联络群做志愿者帮忙处理社区问题。一天她在好几个群里都看到同一个账号发布的招聘消息。招聘人员年龄不限，工作内容简单操作，对时间和办公地点都没有要求，只需要有一部手机，进行刷单，就可以根据单数进行返现，平均日薪300+，多刷多得。刘大妈心动了，并将消息告诉了你，你应该怎样做?', '感谢刘大妈分享给你的生财小妙招，直接打开手机，添加该账号，并开始自己的新兼职。', '这个工作简单操作，特别适合有空闲时间居家的老人和学生，为了帮助他们，你要积极转发推广。', '劝阻刘大妈不要轻信所谓的刷单返利，及时向群主举报信息内容，将该账号踢出社区群。', '不理睬刘大妈的分享，出了事是好是坏，与我无关。', 'C', 0, '2023-05-13 11:48:33', '2023-05-13 11:48:33', 0);
INSERT INTO `questions` VALUES (64, '马大姐一位好久不见的朋友声称自己手头上有好项目，想拉马大姐入伙，随后将马大姐拉入一个炒股群。炒股群里人声鼎沸每个人都在分享自己的赚钱经历，在朋友的引荐下，马大姐认识了群里的炒股大师，并对平台投资了三千元，第二天平台显示赚了三万元。马大姐的朋友告诉马大姐第二次投资基数需要三十万，马大姐手中刚巧有多年积攒的三十万元。如果你是马大姐，你该怎么做？', '时不我待，果断出手，将三十万一次性投资 。', '投资有风险，不要把鸡蛋放在一个篮子里，问问朋友能不能投资十五万。', '将炒股群分享给自己的亲友，拉大家一起入伙，有钱大家一起赚', '尝试对三万元提现，尽快脱身退群，必要时选择报警，保护财产安全。', 'D', 0, '2023-05-13 11:48:33', '2023-05-13 11:48:33', 0);
INSERT INTO `questions` VALUES (65, '大龄剩男老张为了尽快成家，注册了某婚恋网的会员，成功开启了自己的桃花路。目前正和一位网友聊得火热，女孩时不时给老张发送生活照片并分享自己的经历。照片中的女孩面容姣好，生活中的女孩孝顺乖巧，老张很快坠入了爱河。最近女孩回了老家，并且马上过生日了。女孩想让老张给自己发一个生日红包，并购买一些自己炒的春茶。老张应该怎么做？', '果断购买，最难消受美人恩，喜欢的人亲手炒的茶一定果断入手。', '我的钱就是她的钱，茶叶不喜欢喝可以不买，红包一定要大大的包。', '提前准备好生日礼物和生日红包，购买茶叶送朋友。', '不发红包也不购买茶叶，换个小号对“女友”进行测试，必要时选择拉黑。', 'D', 0, '2023-05-13 11:48:33', '2023-05-13 11:48:33', 0);
INSERT INTO `questions` VALUES (66, '小梦喜欢在工作的空闲时间观看综艺节目。最近她收到一则来自某热播偶像培训综艺节目的中奖短信，通知小梦被选为节目幸运观众，获得现金奖励两万元和苹果笔记本一台，只要点击短信中的链接填写中奖信息并交付三千元的奖品税即可领取。下列做法错误的是？', '对中奖内容深信不疑，按照对方要求一步步操作。', '自己就是锦鲤，多年中奖绝缘体体质破除，联系家里人直接打钱。', '半信半疑，出售中奖资格给他人。', '不点击短信中的陌生链接，将号码标记举报。', 'ABC', 1, '2023-05-13 11:48:33', '2023-05-13 11:48:33', 0);
INSERT INTO `questions` VALUES (67, '小郑的女儿刚上一年级。这天，自称是女儿班主任的刘老师添加小郑的微信，并将小郑拉入班级家长群，小郑发现群里确实有很多认识的家长，随后刘老师以课本费的名义发起群收款，要求每位家长转账200元。下列做法正确的是？', '直接在群里转账，该花的钱一分不少。', '打电话给女儿的学校，询问核查刘老师的身份再决定是否转账。', '劝阻其他要转账的家长，并表示第二天上学时，现金支付。', '配合刘老师的工作，交钱后和刘老师询问女儿的情况，关心女儿。', 'BC', 1, '2023-05-13 11:48:33', '2023-05-13 11:48:33', 0);
INSERT INTO `questions` VALUES (68, '爷爷奶奶年事已高，今天你去看望他们发现他们遭遇了网络信息诈骗还蒙在鼓里，你应该怎么做？', '仔细询问事件来龙去脉，计算出受骗的具体金额。', '及时报警，详细说明情况，配合警方工作。', '安抚好老人，避免老人受到强烈刺激。', '拨打中国电信10000号举报诈骗电话，避免更多人受骗。', 'ABCD', 1, '2023-05-13 11:48:33', '2023-05-13 11:48:33', 0);
INSERT INTO `questions` VALUES (69, '为了支付方便，赵奶奶最近也跟上潮流开通了微信支付，偶尔还给自己的小孙子发发红包。今天，舞伴高爷爷给她发了一个金额为699的红包，她点击红包后，提现需要将红包转发给十个好友才能领取，赵奶奶应该怎样做？', '找自己的儿女或到附近的中国电信营业厅开设的爱心翼站询问红包的真伪性。', '将链接转发给自己的十个亲友，并号召他们也进行转发，万一赚到钱了呢。', '不点击、不理睬，不转发，并劝阻高爷爷继续转发。', '举报该红包链接，并提醒自己的好友和舞伴不要转发。', 'ACD', 1, '2023-05-13 11:48:33', '2023-05-13 11:48:33', 0);
INSERT INTO `questions` VALUES (70, '王爷爷喜欢听听戏曲，为了满足老人家的愿望，他的孩子王叔叔特意为老人办理了无线网，并购买了智能机。某天，王爷爷在浏览器中搜索戏曲时，网页里有个弹窗一直提示他，手机中有病毒，赶快查杀。王大爷应该怎么做？', '对弹窗内容存疑，关闭网页，重新搜索想听的戏曲。', '使用手机自带的杀毒软件对手机进行扫描查杀，不点击网页中的弹窗。', '将手机拿到附近的中国电信营业厅开设的爱心翼站中，寻求帮助 。', '点击网页中的查杀按钮，对手机进行杀毒 。', 'ABC', 1, '2023-05-13 11:48:33', '2023-05-13 11:48:33', 0);
INSERT INTO `questions` VALUES (71, '同学王某想找一份兼职工作，积累社会实践经验，扩大个人收入来源，他不可以干的工作是', '在学校勤工俭学', '在一家门店打零工', '网上找兼职刷信誉', '做家教服务', 'C', 0, '2023-05-13 11:48:33', '2023-05-13 11:48:33', 0);
INSERT INTO `questions` VALUES (72, '同学朱某在网站找兼职时，看到一则信息，说是给某网站刷信誉可以赚钱，朱某下列哪项行为正确', '既可以赚钱，又很轻松，帮其刷信誉', '要求对方先打款才能帮其刷信誉', '不帮对方刷信誉，因为刷信誉的行为是不正确的，往往是骗局', NULL, 'C', 0, '2023-05-13 11:48:33', '2023-05-13 11:48:33', 0);
INSERT INTO `questions` VALUES (73, '同学丁某收到陌生电话，称有一款理财产品回报率高，使去银行汇款，银行工作人员怕其上当阻止，丁某应该怎么办？', '投诉该工作人员', '换一家银行汇入', '强制工作人员办理业务', '与公安机关联系，确认是否有诈骗嫌疑', 'D', 0, '2023-05-13 11:48:33', '2023-05-13 11:48:33', 0);
INSERT INTO `questions` VALUES (74, '同学刘某在淘宝网上购物以后，有自称网店客服与其联系，称其付款不成需要退款，刘某该怎么办？', '打电话给网点负责人争吵理论，要求其还钱', '去其他网店购物', '按对方提示进行退款操作', '联系淘宝客服，进行相关查询后再确定是否真要进行退款操作', 'D', 0, '2023-05-13 11:48:33', '2023-05-13 11:48:33', 0);
INSERT INTO `questions` VALUES (75, '同学杨某通过QQ与一女子相恋被骗8000元，他该怎么办？', '与对方要求还钱', '删除对方的QQ和一切信息', '到女子所在地去要求对方还钱', '打电话报警，并提供相关信息给警方', 'D', 0, '2023-05-13 11:48:33', '2023-05-13 11:48:33', 0);
INSERT INTO `questions` VALUES (76, '大学生易受虚假招聘信息诈骗，下列选项中不属于该项诈骗的是', '以招聘业务员为名发布高薪日结广告', '事主依据广告信息联系被强制要求收取介绍费', '收取正当合理的中介费并安排工作', '要求事主先汇款作为代理商的成本', 'C', 0, '2023-05-13 11:48:33', '2023-05-13 11:48:33', 0);
INSERT INTO `questions` VALUES (77, '下列行为属于电信网络诈骗的是', '盗刷信用卡', '冒充熟人以各种名义借钱', '通过伪基站设备发送含有木马的钓鱼网站', '以上都是', 'D', 0, '2023-05-13 11:48:33', '2023-05-13 11:48:33', 0);
INSERT INTO `questions` VALUES (78, '同学乔某准备在网上买一台IPAD，她该如何预防网络购物诈骗', '只顾价格便宜，不问网站真伪', '辨明正规官网，哪怕贵一些，但交易有保障', '用微信、支付宝直接与卖家私下交易，快捷便利', '商家称货到付款，未验收直接付款', 'B', 0, '2023-05-13 11:48:33', '2023-05-13 11:48:33', 0);
INSERT INTO `questions` VALUES (79, '学生熊某想在游戏里充值，此时他该怎么办', '网上找人帮忙低价充值', '官方平台充值', '网上查找便宜充值平台', '找游戏玩家充值', 'B', 0, '2023-05-13 11:48:33', '2023-05-13 11:48:33', 0);
INSERT INTO `questions` VALUES (80, '大学生在接到类似诈骗的短信后不应该', '联系学校老师', '向公安机关报案', '联系发信人', '联系父母', 'C', 0, '2023-05-13 11:48:33', '2023-05-13 11:48:33', 0);
INSERT INTO `questions` VALUES (81, '同学崔某在交友网站上认识一女子，通过QQ、电话微信等方式与其相聊甚欢后被该女子以各种理由骗取人民币4000元。崔某发觉后，在盛怒之下将其QQ号微信号、手机号码全部删除，这样的做法对不对？', '正确', '错误', NULL, NULL, 'B', 0, '2023-05-13 11:48:33', '2023-05-13 11:48:33', 0);
INSERT INTO `questions` VALUES (82, '同学李某在网上看到一个贷款公司，在没任何正规手续的情况下被对方收取保证金为由骗取人名币3000元，并继续催促李某打钱给对方，李某一边周旋，一边迅速到公安机关报案', '正确', '错误', NULL, NULL, 'A', 0, '2023-05-13 11:48:33', '2023-05-13 11:48:33', 0);
INSERT INTO `questions` VALUES (83, '同学黄某接到一个自称某网贷平台工作人员的电话，称目前国家正在清理大学生网贷，要求黄某配合平台调查。于是黄某就按对方要求在各平台进行验证操作', '正确', '错误', NULL, NULL, 'B', 0, '2023-05-13 11:48:33', '2023-05-13 11:48:33', 0);
INSERT INTO `questions` VALUES (84, '如果有人给你一笔钱请你用自己的身份证帮他办理一张银行卡或电话卡，你就同意了', '正确', '错误', NULL, NULL, 'B', 0, '2023-05-13 11:48:33', '2023-05-13 11:48:33', 0);
INSERT INTO `questions` VALUES (85, '同学王某这天在QQ聊天的时候，一个高中同学突然在QQ上以资金周转困难为由，开口向他借5000元钱，王某碍于情面，在没核实的情况下就把钱通过转账的方式向对方汇了过去', '正确', '错误', NULL, NULL, 'B', 0, '2023-05-13 11:48:33', '2023-05-13 11:48:33', 0);
INSERT INTO `questions` VALUES (86, '同学丁某在网上卖游戏账号，对方要求其缴纳保证金2000元，丁某缴纳了保证金', '正确', '错误', NULL, NULL, 'B', 0, '2023-05-13 11:48:33', '2023-05-13 11:48:33', 0);
INSERT INTO `questions` VALUES (87, '在路边遇到子称来自香港的大学生，因行李去失有困难，需要我们借钱帮助他，应该立即施以援手，借钱助人', '正确', '错误', NULL, NULL, 'B', 0, '2023-05-13 11:48:33', '2023-05-13 11:48:33', 0);
INSERT INTO `questions` VALUES (88, '在与人交往中，热心大方的与陌生人交流，把自己身份、联系方式告诉他人以保持下次随时相约', '正确', '错误', NULL, NULL, 'B', 0, '2023-05-13 11:48:33', '2023-05-13 11:48:33', 0);
INSERT INTO `questions` VALUES (89, '同学张某有一张长期不用的银行卡和电话卡，刚好看见网上有高价收购银行卡电话卡，可以将电话卡、银行卡卖给对方，或租给对方按使用次数收费，补贴生活开支', '正确', '错误', NULL, NULL, 'B', 0, '2023-05-13 11:48:33', '2023-05-13 11:48:33', 0);
INSERT INTO `questions` VALUES (90, '陈同学在网上收到“闺蜜”发来的QQ消息，称她手机被偷，急需要买一个新手机，向她暂借500元。碍于姐妹情谊，陈同学二话不说就给对方打款', '正确', '错误', NULL, NULL, 'B', 0, '2023-05-13 11:48:33', '2023-05-13 11:48:33', 0);
INSERT INTO `questions` VALUES (91, '同学小张收到“双十一嘉年华”发来的邮件，称其获得购物参与大奖，让其点击链接进入节目网站领取奖品。小张非常兴奋，赶紧点开链接', '正确', '错误', NULL, NULL, 'B', 0, '2023-05-13 11:48:33', '2023-05-13 11:48:33', 0);
INSERT INTO `questions` VALUES (92, '同学小王接到电话，称其有一张法院传票。小王继续询问详情后，电话转接到一位警察处，对方称要通过电话做笔录。小陈立即挂断电话，因为警方不可能通过电话来调查案件', '正确', '错误', NULL, NULL, 'A', 0, '2023-05-13 11:48:33', '2023-05-13 11:48:33', 0);
INSERT INTO `questions` VALUES (93, '同学小婷被邀请进了微信群，一天她收到群里的100元祝福红包，平时都是直接拆开红包，这次却要填写个人信息，还需要填写红包密码，这时小婷应该耐心填写信息，毕竟有大红包', '正确', '错误', NULL, NULL, 'B', 0, '2023-05-13 11:48:33', '2023-05-13 11:48:33', 0);
INSERT INTO `questions` VALUES (94, '在接到自称公安或法院电话要求缴纳罚款后应该拨打110仔细咨询', '正确', '错误', NULL, NULL, 'A', 0, '2023-05-13 11:48:33', '2023-05-13 11:48:33', 0);
INSERT INTO `questions` VALUES (95, '网络上常说的“杀猪盘”是指婚恋投资类诈骗', '正确', '错误', NULL, NULL, 'A', 0, '2023-05-13 11:48:33', '2023-05-13 11:48:33', 0);
INSERT INTO `questions` VALUES (96, '关于提高对电信网络诈骗的认识，以下说法错误的是', '不轻信', '不随意转账', '电脑、手机收到的信息都是权威的，按照上面说的做', '遇到事情多核实', 'C', 0, '2023-05-13 11:48:33', '2023-05-13 11:48:33', 0);
INSERT INTO `questions` VALUES (97, '有人说以100块一张向你收购银行卡，你觉得价钱蛮合理就答应了', '以上做法合理，可以赚钱是件好事', '以上做法合理，但是需要签订合同', '以上做法合理，价格太低廉了', '以上做法不合理，买卖银行卡肯定存在违法犯罪行为', 'D', 0, '2023-05-13 11:48:33', '2023-05-13 11:48:33', 0);
INSERT INTO `questions` VALUES (98, '下面哪些电话可能是诈骗电话？', '不显示来电号码的电话', '来电显示“00”打头的号码', '来电显示“+25110”', '来电显示“0400”开头的号码', 'ABCD', 1, '2023-05-13 11:48:34', '2023-05-13 11:48:34', 0);
INSERT INTO `questions` VALUES (99, '小李被诈骗以后通过互联网查询到一个网警的QQ，小李立即添加查询到网警QQ进行网络报案', '正确', '错误', NULL, NULL, 'B', 0, '2023-05-13 11:48:34', '2023-05-13 11:48:34', 0);
INSERT INTO `questions` VALUES (100, '在网购商品后，客服主动联系退款的可以在其他第三方平台进行退款', '正确', '错误', NULL, NULL, 'B', 0, '2023-05-13 11:48:34', '2023-05-13 11:48:34', 0);
INSERT INTO `questions` VALUES (101, '收到陌生号码打来的电话，但凡是涉及到金钱的，一定要做到“不听、不信、不转帐”', '正确', '错误', NULL, NULL, 'A', 0, '2023-05-13 11:48:34', '2023-05-13 11:48:34', 0);
INSERT INTO `questions` VALUES (102, '刷单是正规行业，可以通过兼职刷单增加自己的收入', '正确', '错误', NULL, NULL, 'B', 0, '2023-05-13 11:48:34', '2023-05-13 11:48:34', 0);
INSERT INTO `questions` VALUES (103, '收到手机短信“代办信用卡，信用卡提升额度，银行内部人员理财投资”等消息可以相信', '正确', '错误', NULL, NULL, 'B', 0, '2023-05-13 11:48:34', '2023-05-13 11:48:34', 0);
INSERT INTO `questions` VALUES (104, '大学生求职为防被骗，通过以下渠道进行较为安全', '学校学工处', '正规人力资源市场', '有兼职经验的同学', '以上都是', 'D', 0, '2023-05-13 11:48:34', '2023-05-13 11:48:34', 0);
INSERT INTO `questions` VALUES (105, '大学生求职签合同时，合同一般应包括以下主要事项', '具体工作时间', '确定的薪酬数额', '薪酬支付时间', '以上都是', 'D', 0, '2023-05-13 11:48:34', '2023-05-13 11:48:34', 0);
INSERT INTO `questions` VALUES (106, '小明在玩游戏时发现了一个博彩网站，认为可以赚钱，他会陷入', '网络贷款类诈骗', '投资理财类诈骗', '冒充熟人领导类诈骗', '网络赌博诈骗', 'D', 0, '2023-05-13 11:48:34', '2023-05-13 11:48:34', 0);
INSERT INTO `questions` VALUES (107, '小红被拉入一个刷单兼职群，后小强认为兼职赚钱，会陷入', '冒充熟人诈骗', '网络贷款诈骗', '婚恋交友诈骗', '刷单返利诈骗', 'D', 0, '2023-05-13 11:48:34', '2023-05-13 11:48:34', 0);
INSERT INTO `questions` VALUES (108, '强强应聘一公司成功，后小强发现该公司涉嫌电信诈骗，但小强认为自己不是老板，遂继续在此公司上班，不向公安机关报告，小强可能涉嫌下列哪种犯罪', '盗窃罪', '诈骗罪', '帮助信息网络犯罪活动罪', '不会被追究法律责任', 'C', 0, '2023-05-13 11:48:34', '2023-05-13 11:48:34', 0);
INSERT INTO `questions` VALUES (109, '同学小苏收到短信，称其有包裹被扣在邮局，让其回电。小苏回电后，对方称其包裹涉嫌重武器，直接将电话转接到公安局，公安局为核实情况让小苏将银行卡内的钱款转到“安全账户”小苏感到很恐慌，立马将卡内所有钱转到该账户', '正确', '错误', NULL, NULL, 'B', 0, '2023-05-13 11:48:34', '2023-05-13 11:48:34', 0);
INSERT INTO `questions` VALUES (110, '同学小刘在网上找兼职时，了解到淘宝网给商家局信誉的工作非常清闲，无需押金，更不坐班，每天至少可以赚百元以上，小刘下列哪些行为正确', '常见诈骗手段，兼职刷单都是诈骗，主动忽略', '这种赚钱方式真轻松，赶快去应聘', '刚毕业就业困难，急用钱买新手机，日夜刷信誉赚钱', '发财致富之道，并介绍朋友一起发财', 'A', 0, '2023-05-13 11:48:34', '2023-05-13 11:48:34', 0);
INSERT INTO `questions` VALUES (111, '为提高自身防范电信网络诈骗的意识，下面的哪些讲法时错误的', '接电话，遇到陌生人，只要一谈到银行卡，一律挂掉', '只要谈到“电话转接公安局法院”的，一律不接', '微信不认识的人发来的链接，一律不接', '官方热线发布的信息，可以通过短信内的链接进入网站', 'D', 0, '2023-05-13 11:48:34', '2023-05-13 11:48:34', 0);
INSERT INTO `questions` VALUES (112, '某同学欲将一款网络游戏装备出售，登入某交易平台交易不久，其收到了来自“网站客服”的电话，对方称“装备已被卖出，如要体现，需交足等额押金”', '按照客服提示，交付押金', '骗子不予理睬', '网络交易确实存在这样的情况，直接按提示操作', NULL, 'B', 0, '2023-05-13 11:48:34', '2023-05-13 11:48:34', 0);
INSERT INTO `questions` VALUES (113, '接到自称是（公检法）工作人员电话，要在电话里制作电话笔录，并核查你名下所有资金，你会', '马上拨打110电话报警', '马上挂掉电话', '不接受所谓的电话笔录（进一步透露私密信息）', '不要进行任何银行卡操作', 'ABCD', 1, '2023-05-13 11:48:34', '2023-05-13 11:48:34', 0);
INSERT INTO `questions` VALUES (114, '接到电话：某某（你的名字），知道我是谁吗？', '随便说一个稀有的姓氏，如：你是“剑总”吗？对方如是说是，那肯定是诈骗', '按对方所说的去做，保存骗子的电话，按骗子的要求给他汇款，并转交给所谓的“领导”', '挂掉电话，不再理会', '不经核实不要汇款给任何人', 'ACD', 1, '2023-05-13 11:48:34', '2023-05-13 11:48:34', 0);
INSERT INTO `questions` VALUES (115, '接到某购物网站电话，说你购买的产品有质量问题，商家提供十倍退款，需要扫码验证或提供银行卡信息，你会', '登录购物网站，与商家核实情况', '不要扫对方提供的二维码', '不要进行银行卡汇款', '开心兴奋！按对方所说的进行所有操作', 'ABC', 1, '2023-05-13 11:48:34', '2023-05-13 11:48:34', 0);
INSERT INTO `questions` VALUES (116, '小张刚在网上购买了一双球鞋，支付完毕后突然收到“淘宝客服”短信，称其支付没有成功，需要重新操作时小张怎么做？', '进入自己的淘宝支付宝账户查看订单状态', '按照短信提示进入相关链接进行操作', '和短信上提供的“淘宝客服”电话联系，询问详情', '自己联系卖家或淘宝网客服进行核实', 'AD', 1, '2023-05-13 11:48:34', '2023-05-13 11:48:34', 0);
INSERT INTO `questions` VALUES (117, '陈同学在网上收到“二姨”发来的QQ消息，称在外办事，账户钱不够用，向她暂借5000元。陈同学二话不说就给“二姨”打款', '正确', '错误', NULL, NULL, 'B', 0, '2023-05-13 11:48:34', '2023-05-13 11:48:34', 0);
INSERT INTO `questions` VALUES (118, '大学生小明为给家里减轻负担，便将自己多余的电话卡和银行卡卖给了小王，小王用此电话卡和银行卡用于电信网络诈骗，小东面临', '行政拘留', '罚款', '涉嫌帮助信息网络犯罪活动被追究刑事责任', NULL, 'C', 0, '2023-05-13 11:48:34', '2023-05-13 11:48:34', 0);
INSERT INTO `questions` VALUES (119, '小强加入了一个推荐股票的微信群，发现里面很多人炒股赚钱，便下载了群友推荐的“理财APP”并在该软件上炒股，一个月后，小强被骗10万元，这属于哪种诈骗', '网络贷款类诈骗', '投资理财类诈骗', '冒充熟人诈骗', '刷单诈骗', 'B', 0, '2023-05-13 11:48:34', '2023-05-13 11:48:34', 0);
INSERT INTO `questions` VALUES (120, '下列哪种情况会使你陷入“网络诈骗”的骗局？', '可疑短信莫点击，陌生电话要警惕', '遇到亲友、熟人的转账、借款需求，一定要打电话或当面确认', '网络贷款、购买理财产品多是假，请走正常渠道理财', '网络兼职刷单可以赚钱', 'D', 0, '2023-05-13 11:48:34', '2023-05-13 11:48:34', 0);

-- ----------------------------
-- Table structure for records
-- ----------------------------
DROP TABLE IF EXISTS `records`;
CREATE TABLE `records`  (
  `id` bigint(20) NOT NULL AUTO_INCREMENT COMMENT 'id',
  `startTime` datetime(0) NOT NULL COMMENT '开始时间',
  `endTime` datetime(0) NOT NULL COMMENT '结束时间',
  `userId` bigint(20) NOT NULL COMMENT '用户id',
  `opponent` bigint(20) NULL DEFAULT NULL COMMENT '对手id',
  `result` tinyint(4) NULL DEFAULT NULL COMMENT '游戏结果 0-输  1-赢',
  `PK` tinyint(4) NOT NULL DEFAULT 0 COMMENT '是否pk  0-否  1-是',
  `sum` bigint(20) NULL DEFAULT NULL COMMENT '题目总数',
  `currectSum` bigint(20) NULL DEFAULT NULL COMMENT '正确数量',
  `createTime` datetime(0) NULL DEFAULT CURRENT_TIMESTAMP(0) COMMENT '创建时间',
  `updateTime` datetime(0) NULL DEFAULT CURRENT_TIMESTAMP(0) ON UPDATE CURRENT_TIMESTAMP(0),
  `isDelete` tinyint(4) NOT NULL DEFAULT 0 COMMENT '是否删除',
  `pkId` varchar(255) CHARACTER SET utf8mb4 COLLATE utf8mb4_general_ci NULL DEFAULT NULL COMMENT 'pk标识',
  PRIMARY KEY (`id`) USING BTREE
) ENGINE = InnoDB AUTO_INCREMENT = 28 CHARACTER SET = utf8mb4 COLLATE = utf8mb4_general_ci COMMENT = '用户做题记录' ROW_FORMAT = Dynamic;

-- ----------------------------
-- Records of records
-- ----------------------------
INSERT INTO `records` VALUES (1, '2023-05-12 23:08:04', '2023-05-12 23:08:13', 1011, NULL, NULL, 0, 10, 2, '2023-05-12 23:08:13', '2023-05-12 23:08:13', 0, NULL);
INSERT INTO `records` VALUES (2, '2023-05-12 23:08:21', '2023-05-12 23:08:38', 1011, NULL, NULL, 0, 20, 4, '2023-05-12 23:08:38', '2023-05-12 23:08:38', 0, NULL);
INSERT INTO `records` VALUES (3, '2023-05-12 23:08:58', '2023-05-12 23:09:06', 1011, NULL, NULL, 0, 10, 4, '2023-05-12 23:09:06', '2023-05-12 23:09:06', 0, NULL);
INSERT INTO `records` VALUES (4, '2023-05-12 23:09:15', '2023-05-12 23:09:26', 1011, NULL, NULL, 0, 20, 2, '2023-05-12 23:09:25', '2023-05-12 23:09:25', 0, NULL);
INSERT INTO `records` VALUES (5, '2023-05-12 23:09:33', '2023-05-12 23:09:45', 1011, NULL, NULL, 0, 10, 5, '2023-05-12 23:09:44', '2023-05-12 23:09:44', 0, NULL);
INSERT INTO `records` VALUES (6, '2023-05-12 23:09:54', '2023-05-12 23:10:05', 1011, NULL, NULL, 0, 20, 2, '2023-05-12 23:10:04', '2023-05-12 23:10:04', 0, NULL);
INSERT INTO `records` VALUES (7, '2023-05-12 23:10:12', '2023-05-12 23:10:22', 1011, NULL, NULL, 0, 10, 2, '2023-05-12 23:10:22', '2023-05-12 23:10:22', 0, NULL);
INSERT INTO `records` VALUES (8, '2023-05-12 23:10:26', '2023-05-12 23:10:33', 1011, NULL, NULL, 0, 10, 3, '2023-05-12 23:10:32', '2023-05-12 23:10:32', 0, NULL);
INSERT INTO `records` VALUES (9, '2023-05-12 23:10:41', '2023-05-12 23:10:50', 1011, NULL, NULL, 0, 20, 3, '2023-05-12 23:10:50', '2023-05-12 23:10:50', 0, NULL);
INSERT INTO `records` VALUES (10, '2023-05-12 23:17:30', '2023-05-12 23:17:37', 1011, 1013, 1, 1, 20, 1, '2023-05-12 23:17:37', '2023-05-12 23:17:37', 0, 'YkCoTIogNosfrLyHVqPBV');
INSERT INTO `records` VALUES (11, '2023-05-12 23:17:29', '2023-05-12 23:17:39', 1013, 1011, 0, 1, 20, 0, '2023-05-12 23:17:39', '2023-05-12 23:17:39', 0, 'YkCoTIogNosfrLyHVqPBV');
INSERT INTO `records` VALUES (12, '2023-05-12 23:18:09', '2023-05-12 23:18:21', 1011, 1013, 1, 1, 20, 2, '2023-05-12 23:18:21', '2023-05-12 23:18:21', 0, 'ul0gMH4fd6Wkk9T7iG_TF');
INSERT INTO `records` VALUES (13, '2023-05-12 23:18:07', '2023-05-12 23:18:23', 1013, 1011, 0, 1, 20, 1, '2023-05-12 23:18:23', '2023-05-12 23:18:23', 0, 'ul0gMH4fd6Wkk9T7iG_TF');
INSERT INTO `records` VALUES (14, '2023-05-12 23:18:49', '2023-05-12 23:18:58', 1013, 1011, 1, 1, 20, 1, '2023-05-12 23:18:57', '2023-05-12 23:18:57', 0, 'mJrVoTfKnlBBiKFhARoLW');
INSERT INTO `records` VALUES (15, '2023-05-12 23:18:48', '2023-05-12 23:19:00', 1011, 1013, 0, 1, 20, 0, '2023-05-12 23:18:59', '2023-05-12 23:18:59', 0, 'mJrVoTfKnlBBiKFhARoLW');
INSERT INTO `records` VALUES (16, '2023-05-12 23:19:33', '2023-05-12 23:19:35', 1013, 1011, 1, 1, 20, 0, '2023-05-12 23:19:35', '2023-05-12 23:19:35', 0, 'PGKQD4FiAIUE0zSCsYc_0');
INSERT INTO `records` VALUES (17, '2023-05-12 23:19:32', '2023-05-12 23:19:37', 1011, 1013, 0, 1, 20, 0, '2023-05-12 23:19:37', '2023-05-12 23:19:37', 0, 'PGKQD4FiAIUE0zSCsYc_0');
INSERT INTO `records` VALUES (18, '2023-05-12 23:20:00', '2023-05-12 23:20:25', 1011, 1013, 1, 1, 20, 1, '2023-05-12 23:20:24', '2023-05-12 23:20:24', 0, 'whIwptqfZLbklAT7IHHJg');
INSERT INTO `records` VALUES (19, '2023-05-12 23:20:18', '2023-05-12 23:20:27', 1013, 1011, 0, 1, 20, 0, '2023-05-12 23:20:26', '2023-05-12 23:20:26', 0, 'whIwptqfZLbklAT7IHHJg');
INSERT INTO `records` VALUES (20, '2023-05-12 23:20:50', '2023-05-12 23:21:07', 1011, 1013, 1, 1, 20, 2, '2023-05-12 23:21:07', '2023-05-12 23:21:07', 0, 'gMKDXB4bTs1IEURIRLabd');
INSERT INTO `records` VALUES (21, '2023-05-12 23:20:59', '2023-05-12 23:21:09', 1013, 1011, 0, 1, 20, 1, '2023-05-12 23:21:09', '2023-05-12 23:21:09', 0, 'gMKDXB4bTs1IEURIRLabd');
INSERT INTO `records` VALUES (22, '2023-05-12 23:22:15', '2023-05-12 23:22:29', 1011, 1013, 1, 1, 20, 2, '2023-05-12 23:22:29', '2023-05-12 23:22:29', 0, 'EWKvkpiFrMxAvC9_dvs0F');
INSERT INTO `records` VALUES (23, '2023-05-12 23:22:14', '2023-05-12 23:22:31', 1013, 1011, 0, 1, 20, 0, '2023-05-12 23:22:31', '2023-05-12 23:22:31', 0, 'EWKvkpiFrMxAvC9_dvs0F');
INSERT INTO `records` VALUES (24, '2023-05-12 23:23:55', '2023-05-12 23:24:06', 1011, 1013, 1, 1, 20, 2, '2023-05-12 23:24:06', '2023-05-12 23:24:06', 0, 'Kz0p3gNQRoOpOn_Qg92Zf');
INSERT INTO `records` VALUES (25, '2023-05-12 23:24:05', '2023-05-12 23:24:08', 1013, 1011, 0, 1, 20, 0, '2023-05-12 23:24:08', '2023-05-12 23:24:08', 0, 'Kz0p3gNQRoOpOn_Qg92Zf');
INSERT INTO `records` VALUES (26, '2023-05-13 08:15:53', '2023-05-13 08:15:59', 1011, NULL, NULL, 0, 10, 1, '2023-05-13 08:15:58', '2023-05-13 08:15:58', 0, NULL);
INSERT INTO `records` VALUES (27, '2023-05-13 11:45:34', '2023-05-13 11:45:46', 1011, NULL, NULL, 0, 10, 0, '2023-05-13 11:45:46', '2023-05-13 11:45:46', 0, NULL);

-- ----------------------------
-- Table structure for sys_config
-- ----------------------------
DROP TABLE IF EXISTS `sys_config`;
CREATE TABLE `sys_config`  (
  `config_id` int(5) NOT NULL AUTO_INCREMENT COMMENT '参数主键',
  `config_name` varchar(100) CHARACTER SET utf8mb4 COLLATE utf8mb4_general_ci NULL DEFAULT '' COMMENT '参数名称',
  `config_key` varchar(100) CHARACTER SET utf8mb4 COLLATE utf8mb4_general_ci NULL DEFAULT '' COMMENT '参数键名',
  `config_value` varchar(500) CHARACTER SET utf8mb4 COLLATE utf8mb4_general_ci NULL DEFAULT '' COMMENT '参数键值',
  `config_type` char(1) CHARACTER SET utf8mb4 COLLATE utf8mb4_general_ci NULL DEFAULT 'N' COMMENT '系统内置（Y是 N否）',
  `create_by` varchar(64) CHARACTER SET utf8mb4 COLLATE utf8mb4_general_ci NULL DEFAULT '' COMMENT '创建者',
  `create_time` datetime(0) NULL DEFAULT NULL COMMENT '创建时间',
  `update_by` varchar(64) CHARACTER SET utf8mb4 COLLATE utf8mb4_general_ci NULL DEFAULT '' COMMENT '更新者',
  `update_time` datetime(0) NULL DEFAULT NULL COMMENT '更新时间',
  `remark` varchar(500) CHARACTER SET utf8mb4 COLLATE utf8mb4_general_ci NULL DEFAULT NULL COMMENT '备注',
  PRIMARY KEY (`config_id`) USING BTREE
) ENGINE = InnoDB AUTO_INCREMENT = 100 CHARACTER SET = utf8mb4 COLLATE = utf8mb4_general_ci COMMENT = '参数配置表' ROW_FORMAT = Dynamic;

-- ----------------------------
-- Records of sys_config
-- ----------------------------
INSERT INTO `sys_config` VALUES (1, '主框架页-默认皮肤样式名称', 'sys.index.skinName', 'skin-blue', 'Y', 'admin', '2023-04-24 11:17:26', '', NULL, '蓝色 skin-blue、绿色 skin-green、紫色 skin-purple、红色 skin-red、黄色 skin-yellow');
INSERT INTO `sys_config` VALUES (2, '用户管理-账号初始密码', 'sys.user.initPassword', '123456', 'Y', 'admin', '2023-04-24 11:17:26', '', NULL, '初始化密码 123456');
INSERT INTO `sys_config` VALUES (3, '主框架页-侧边栏主题', 'sys.index.sideTheme', 'theme-dark', 'Y', 'admin', '2023-04-24 11:17:26', '', NULL, '深色主题theme-dark，浅色主题theme-light');
INSERT INTO `sys_config` VALUES (4, '账号自助-验证码开关', 'sys.account.captchaEnabled', 'true', 'Y', 'admin', '2023-04-24 11:17:26', '', NULL, '是否开启验证码功能（true开启，false关闭）');
INSERT INTO `sys_config` VALUES (5, '账号自助-是否开启用户注册功能', 'sys.account.registerUser', 'false', 'Y', 'admin', '2023-04-24 11:17:26', '', NULL, '是否开启注册用户功能（true开启，false关闭）');
INSERT INTO `sys_config` VALUES (6, '用户登录-黑名单列表', 'sys.login.blackIPList', '', 'Y', 'admin', '2023-04-24 11:17:26', '', NULL, '设置登录IP黑名单限制，多个匹配项以;分隔，支持匹配（*通配、网段）');

-- ----------------------------
-- Table structure for sys_dept
-- ----------------------------
DROP TABLE IF EXISTS `sys_dept`;
CREATE TABLE `sys_dept`  (
  `dept_id` bigint(20) NOT NULL AUTO_INCREMENT COMMENT '部门id',
  `parent_id` bigint(20) NULL DEFAULT 0 COMMENT '父部门id',
  `ancestors` varchar(50) CHARACTER SET utf8mb4 COLLATE utf8mb4_general_ci NULL DEFAULT '' COMMENT '祖级列表',
  `dept_name` varchar(30) CHARACTER SET utf8mb4 COLLATE utf8mb4_general_ci NULL DEFAULT '' COMMENT '部门名称',
  `order_num` int(4) NULL DEFAULT 0 COMMENT '显示顺序',
  `leader` varchar(20) CHARACTER SET utf8mb4 COLLATE utf8mb4_general_ci NULL DEFAULT NULL COMMENT '负责人',
  `phone` varchar(11) CHARACTER SET utf8mb4 COLLATE utf8mb4_general_ci NULL DEFAULT NULL COMMENT '联系电话',
  `email` varchar(50) CHARACTER SET utf8mb4 COLLATE utf8mb4_general_ci NULL DEFAULT NULL COMMENT '邮箱',
  `status` char(1) CHARACTER SET utf8mb4 COLLATE utf8mb4_general_ci NULL DEFAULT '0' COMMENT '部门状态（0正常 1停用）',
  `del_flag` char(1) CHARACTER SET utf8mb4 COLLATE utf8mb4_general_ci NULL DEFAULT '0' COMMENT '删除标志（0代表存在 2代表删除）',
  `create_by` varchar(64) CHARACTER SET utf8mb4 COLLATE utf8mb4_general_ci NULL DEFAULT '' COMMENT '创建者',
  `create_time` datetime(0) NULL DEFAULT NULL COMMENT '创建时间',
  `update_by` varchar(64) CHARACTER SET utf8mb4 COLLATE utf8mb4_general_ci NULL DEFAULT '' COMMENT '更新者',
  `update_time` datetime(0) NULL DEFAULT NULL COMMENT '更新时间',
  PRIMARY KEY (`dept_id`) USING BTREE
) ENGINE = InnoDB AUTO_INCREMENT = 200 CHARACTER SET = utf8mb4 COLLATE = utf8mb4_general_ci COMMENT = '部门表' ROW_FORMAT = Dynamic;

-- ----------------------------
-- Records of sys_dept
-- ----------------------------
INSERT INTO `sys_dept` VALUES (100, 0, '0', '若依科技', 0, '若依', '15888888888', 'ry@qq.com', '0', '0', 'admin', '2023-04-24 11:17:25', '', NULL);
INSERT INTO `sys_dept` VALUES (101, 100, '0,100', '深圳总公司', 1, '若依', '15888888888', 'ry@qq.com', '0', '0', 'admin', '2023-04-24 11:17:25', '', NULL);
INSERT INTO `sys_dept` VALUES (102, 100, '0,100', '长沙分公司', 2, '若依', '15888888888', 'ry@qq.com', '0', '0', 'admin', '2023-04-24 11:17:25', '', NULL);
INSERT INTO `sys_dept` VALUES (103, 101, '0,100,101', '研发部门', 1, '若依', '15888888888', 'ry@qq.com', '0', '0', 'admin', '2023-04-24 11:17:25', '', NULL);
INSERT INTO `sys_dept` VALUES (104, 101, '0,100,101', '市场部门', 2, '若依', '15888888888', 'ry@qq.com', '0', '0', 'admin', '2023-04-24 11:17:25', '', NULL);
INSERT INTO `sys_dept` VALUES (105, 101, '0,100,101', '测试部门', 3, '若依', '15888888888', 'ry@qq.com', '0', '0', 'admin', '2023-04-24 11:17:25', '', NULL);
INSERT INTO `sys_dept` VALUES (106, 101, '0,100,101', '财务部门', 4, '若依', '15888888888', 'ry@qq.com', '0', '0', 'admin', '2023-04-24 11:17:25', '', NULL);
INSERT INTO `sys_dept` VALUES (107, 101, '0,100,101', '运维部门', 5, '若依', '15888888888', 'ry@qq.com', '0', '0', 'admin', '2023-04-24 11:17:25', '', NULL);
INSERT INTO `sys_dept` VALUES (108, 102, '0,100,102', '市场部门', 1, '若依', '15888888888', 'ry@qq.com', '0', '0', 'admin', '2023-04-24 11:17:25', '', NULL);
INSERT INTO `sys_dept` VALUES (109, 102, '0,100,102', '财务部门', 2, '若依', '15888888888', 'ry@qq.com', '0', '0', 'admin', '2023-04-24 11:17:25', '', NULL);

-- ----------------------------
-- Table structure for sys_dict_data
-- ----------------------------
DROP TABLE IF EXISTS `sys_dict_data`;
CREATE TABLE `sys_dict_data`  (
  `dict_code` bigint(20) NOT NULL AUTO_INCREMENT COMMENT '字典编码',
  `dict_sort` int(4) NULL DEFAULT 0 COMMENT '字典排序',
  `dict_label` varchar(100) CHARACTER SET utf8mb4 COLLATE utf8mb4_general_ci NULL DEFAULT '' COMMENT '字典标签',
  `dict_value` varchar(100) CHARACTER SET utf8mb4 COLLATE utf8mb4_general_ci NULL DEFAULT '' COMMENT '字典键值',
  `dict_type` varchar(100) CHARACTER SET utf8mb4 COLLATE utf8mb4_general_ci NULL DEFAULT '' COMMENT '字典类型',
  `css_class` varchar(100) CHARACTER SET utf8mb4 COLLATE utf8mb4_general_ci NULL DEFAULT NULL COMMENT '样式属性（其他样式扩展）',
  `list_class` varchar(100) CHARACTER SET utf8mb4 COLLATE utf8mb4_general_ci NULL DEFAULT NULL COMMENT '表格回显样式',
  `is_default` char(1) CHARACTER SET utf8mb4 COLLATE utf8mb4_general_ci NULL DEFAULT 'N' COMMENT '是否默认（Y是 N否）',
  `status` char(1) CHARACTER SET utf8mb4 COLLATE utf8mb4_general_ci NULL DEFAULT '0' COMMENT '状态（0正常 1停用）',
  `create_by` varchar(64) CHARACTER SET utf8mb4 COLLATE utf8mb4_general_ci NULL DEFAULT '' COMMENT '创建者',
  `create_time` datetime(0) NULL DEFAULT NULL COMMENT '创建时间',
  `update_by` varchar(64) CHARACTER SET utf8mb4 COLLATE utf8mb4_general_ci NULL DEFAULT '' COMMENT '更新者',
  `update_time` datetime(0) NULL DEFAULT NULL COMMENT '更新时间',
  `remark` varchar(500) CHARACTER SET utf8mb4 COLLATE utf8mb4_general_ci NULL DEFAULT NULL COMMENT '备注',
  PRIMARY KEY (`dict_code`) USING BTREE
) ENGINE = InnoDB AUTO_INCREMENT = 100 CHARACTER SET = utf8mb4 COLLATE = utf8mb4_general_ci COMMENT = '字典数据表' ROW_FORMAT = Dynamic;

-- ----------------------------
-- Records of sys_dict_data
-- ----------------------------
INSERT INTO `sys_dict_data` VALUES (1, 1, '男', '0', 'sys_user_sex', '', '', 'Y', '0', 'admin', '2023-04-24 11:17:26', '', NULL, '性别男');
INSERT INTO `sys_dict_data` VALUES (2, 2, '女', '1', 'sys_user_sex', '', '', 'N', '0', 'admin', '2023-04-24 11:17:26', '', NULL, '性别女');
INSERT INTO `sys_dict_data` VALUES (3, 3, '未知', '2', 'sys_user_sex', '', '', 'N', '0', 'admin', '2023-04-24 11:17:26', '', NULL, '性别未知');
INSERT INTO `sys_dict_data` VALUES (4, 1, '显示', '0', 'sys_show_hide', '', 'primary', 'Y', '0', 'admin', '2023-04-24 11:17:26', '', NULL, '显示菜单');
INSERT INTO `sys_dict_data` VALUES (5, 2, '隐藏', '1', 'sys_show_hide', '', 'danger', 'N', '0', 'admin', '2023-04-24 11:17:26', '', NULL, '隐藏菜单');
INSERT INTO `sys_dict_data` VALUES (6, 1, '正常', '0', 'sys_normal_disable', '', 'primary', 'Y', '0', 'admin', '2023-04-24 11:17:26', '', NULL, '正常状态');
INSERT INTO `sys_dict_data` VALUES (7, 2, '停用', '1', 'sys_normal_disable', '', 'danger', 'N', '0', 'admin', '2023-04-24 11:17:26', '', NULL, '停用状态');
INSERT INTO `sys_dict_data` VALUES (8, 1, '正常', '0', 'sys_job_status', '', 'primary', 'Y', '0', 'admin', '2023-04-24 11:17:26', '', NULL, '正常状态');
INSERT INTO `sys_dict_data` VALUES (9, 2, '暂停', '1', 'sys_job_status', '', 'danger', 'N', '0', 'admin', '2023-04-24 11:17:26', '', NULL, '停用状态');
INSERT INTO `sys_dict_data` VALUES (10, 1, '默认', 'DEFAULT', 'sys_job_group', '', '', 'Y', '0', 'admin', '2023-04-24 11:17:26', '', NULL, '默认分组');
INSERT INTO `sys_dict_data` VALUES (11, 2, '系统', 'SYSTEM', 'sys_job_group', '', '', 'N', '0', 'admin', '2023-04-24 11:17:26', '', NULL, '系统分组');
INSERT INTO `sys_dict_data` VALUES (12, 1, '是', 'Y', 'sys_yes_no', '', 'primary', 'Y', '0', 'admin', '2023-04-24 11:17:26', '', NULL, '系统默认是');
INSERT INTO `sys_dict_data` VALUES (13, 2, '否', 'N', 'sys_yes_no', '', 'danger', 'N', '0', 'admin', '2023-04-24 11:17:26', '', NULL, '系统默认否');
INSERT INTO `sys_dict_data` VALUES (14, 1, '通知', '1', 'sys_notice_type', '', 'warning', 'Y', '0', 'admin', '2023-04-24 11:17:26', '', NULL, '通知');
INSERT INTO `sys_dict_data` VALUES (15, 2, '公告', '2', 'sys_notice_type', '', 'success', 'N', '0', 'admin', '2023-04-24 11:17:26', '', NULL, '公告');
INSERT INTO `sys_dict_data` VALUES (16, 1, '正常', '0', 'sys_notice_status', '', 'primary', 'Y', '0', 'admin', '2023-04-24 11:17:26', '', NULL, '正常状态');
INSERT INTO `sys_dict_data` VALUES (17, 2, '关闭', '1', 'sys_notice_status', '', 'danger', 'N', '0', 'admin', '2023-04-24 11:17:26', '', NULL, '关闭状态');
INSERT INTO `sys_dict_data` VALUES (18, 99, '其他', '0', 'sys_oper_type', '', 'info', 'N', '0', 'admin', '2023-04-24 11:17:26', '', NULL, '其他操作');
INSERT INTO `sys_dict_data` VALUES (19, 1, '新增', '1', 'sys_oper_type', '', 'info', 'N', '0', 'admin', '2023-04-24 11:17:26', '', NULL, '新增操作');
INSERT INTO `sys_dict_data` VALUES (20, 2, '修改', '2', 'sys_oper_type', '', 'info', 'N', '0', 'admin', '2023-04-24 11:17:26', '', NULL, '修改操作');
INSERT INTO `sys_dict_data` VALUES (21, 3, '删除', '3', 'sys_oper_type', '', 'danger', 'N', '0', 'admin', '2023-04-24 11:17:26', '', NULL, '删除操作');
INSERT INTO `sys_dict_data` VALUES (22, 4, '授权', '4', 'sys_oper_type', '', 'primary', 'N', '0', 'admin', '2023-04-24 11:17:26', '', NULL, '授权操作');
INSERT INTO `sys_dict_data` VALUES (23, 5, '导出', '5', 'sys_oper_type', '', 'warning', 'N', '0', 'admin', '2023-04-24 11:17:26', '', NULL, '导出操作');
INSERT INTO `sys_dict_data` VALUES (24, 6, '导入', '6', 'sys_oper_type', '', 'warning', 'N', '0', 'admin', '2023-04-24 11:17:26', '', NULL, '导入操作');
INSERT INTO `sys_dict_data` VALUES (25, 7, '强退', '7', 'sys_oper_type', '', 'danger', 'N', '0', 'admin', '2023-04-24 11:17:26', '', NULL, '强退操作');
INSERT INTO `sys_dict_data` VALUES (26, 8, '生成代码', '8', 'sys_oper_type', '', 'warning', 'N', '0', 'admin', '2023-04-24 11:17:26', '', NULL, '生成操作');
INSERT INTO `sys_dict_data` VALUES (27, 9, '清空数据', '9', 'sys_oper_type', '', 'danger', 'N', '0', 'admin', '2023-04-24 11:17:26', '', NULL, '清空操作');
INSERT INTO `sys_dict_data` VALUES (28, 1, '成功', '0', 'sys_common_status', '', 'primary', 'N', '0', 'admin', '2023-04-24 11:17:26', '', NULL, '正常状态');
INSERT INTO `sys_dict_data` VALUES (29, 2, '失败', '1', 'sys_common_status', '', 'danger', 'N', '0', 'admin', '2023-04-24 11:17:26', '', NULL, '停用状态');

-- ----------------------------
-- Table structure for sys_dict_type
-- ----------------------------
DROP TABLE IF EXISTS `sys_dict_type`;
CREATE TABLE `sys_dict_type`  (
  `dict_id` bigint(20) NOT NULL AUTO_INCREMENT COMMENT '字典主键',
  `dict_name` varchar(100) CHARACTER SET utf8mb4 COLLATE utf8mb4_general_ci NULL DEFAULT '' COMMENT '字典名称',
  `dict_type` varchar(100) CHARACTER SET utf8mb4 COLLATE utf8mb4_general_ci NULL DEFAULT '' COMMENT '字典类型',
  `status` char(1) CHARACTER SET utf8mb4 COLLATE utf8mb4_general_ci NULL DEFAULT '0' COMMENT '状态（0正常 1停用）',
  `create_by` varchar(64) CHARACTER SET utf8mb4 COLLATE utf8mb4_general_ci NULL DEFAULT '' COMMENT '创建者',
  `create_time` datetime(0) NULL DEFAULT NULL COMMENT '创建时间',
  `update_by` varchar(64) CHARACTER SET utf8mb4 COLLATE utf8mb4_general_ci NULL DEFAULT '' COMMENT '更新者',
  `update_time` datetime(0) NULL DEFAULT NULL COMMENT '更新时间',
  `remark` varchar(500) CHARACTER SET utf8mb4 COLLATE utf8mb4_general_ci NULL DEFAULT NULL COMMENT '备注',
  PRIMARY KEY (`dict_id`) USING BTREE,
  UNIQUE INDEX `dict_type`(`dict_type`) USING BTREE
) ENGINE = InnoDB AUTO_INCREMENT = 100 CHARACTER SET = utf8mb4 COLLATE = utf8mb4_general_ci COMMENT = '字典类型表' ROW_FORMAT = Dynamic;

-- ----------------------------
-- Records of sys_dict_type
-- ----------------------------
INSERT INTO `sys_dict_type` VALUES (1, '用户性别', 'sys_user_sex', '0', 'admin', '2023-04-24 11:17:26', '', NULL, '用户性别列表');
INSERT INTO `sys_dict_type` VALUES (2, '菜单状态', 'sys_show_hide', '0', 'admin', '2023-04-24 11:17:26', '', NULL, '菜单状态列表');
INSERT INTO `sys_dict_type` VALUES (3, '系统开关', 'sys_normal_disable', '0', 'admin', '2023-04-24 11:17:26', '', NULL, '系统开关列表');
INSERT INTO `sys_dict_type` VALUES (4, '任务状态', 'sys_job_status', '0', 'admin', '2023-04-24 11:17:26', '', NULL, '任务状态列表');
INSERT INTO `sys_dict_type` VALUES (5, '任务分组', 'sys_job_group', '0', 'admin', '2023-04-24 11:17:26', '', NULL, '任务分组列表');
INSERT INTO `sys_dict_type` VALUES (6, '系统是否', 'sys_yes_no', '0', 'admin', '2023-04-24 11:17:26', '', NULL, '系统是否列表');
INSERT INTO `sys_dict_type` VALUES (7, '通知类型', 'sys_notice_type', '0', 'admin', '2023-04-24 11:17:26', '', NULL, '通知类型列表');
INSERT INTO `sys_dict_type` VALUES (8, '通知状态', 'sys_notice_status', '0', 'admin', '2023-04-24 11:17:26', '', NULL, '通知状态列表');
INSERT INTO `sys_dict_type` VALUES (9, '操作类型', 'sys_oper_type', '0', 'admin', '2023-04-24 11:17:26', '', NULL, '操作类型列表');
INSERT INTO `sys_dict_type` VALUES (10, '系统状态', 'sys_common_status', '0', 'admin', '2023-04-24 11:17:26', '', NULL, '登录状态列表');

-- ----------------------------
-- Table structure for sys_job
-- ----------------------------
DROP TABLE IF EXISTS `sys_job`;
CREATE TABLE `sys_job`  (
  `job_id` bigint(20) NOT NULL AUTO_INCREMENT COMMENT '任务ID',
  `job_name` varchar(64) CHARACTER SET utf8mb4 COLLATE utf8mb4_general_ci NOT NULL DEFAULT '' COMMENT '任务名称',
  `job_group` varchar(64) CHARACTER SET utf8mb4 COLLATE utf8mb4_general_ci NOT NULL DEFAULT 'DEFAULT' COMMENT '任务组名',
  `invoke_target` varchar(500) CHARACTER SET utf8mb4 COLLATE utf8mb4_general_ci NOT NULL COMMENT '调用目标字符串',
  `cron_expression` varchar(255) CHARACTER SET utf8mb4 COLLATE utf8mb4_general_ci NULL DEFAULT '' COMMENT 'cron执行表达式',
  `misfire_policy` varchar(20) CHARACTER SET utf8mb4 COLLATE utf8mb4_general_ci NULL DEFAULT '3' COMMENT '计划执行错误策略（1立即执行 2执行一次 3放弃执行）',
  `concurrent` char(1) CHARACTER SET utf8mb4 COLLATE utf8mb4_general_ci NULL DEFAULT '1' COMMENT '是否并发执行（0允许 1禁止）',
  `status` char(1) CHARACTER SET utf8mb4 COLLATE utf8mb4_general_ci NULL DEFAULT '0' COMMENT '状态（0正常 1暂停）',
  `create_by` varchar(64) CHARACTER SET utf8mb4 COLLATE utf8mb4_general_ci NULL DEFAULT '' COMMENT '创建者',
  `create_time` datetime(0) NULL DEFAULT NULL COMMENT '创建时间',
  `update_by` varchar(64) CHARACTER SET utf8mb4 COLLATE utf8mb4_general_ci NULL DEFAULT '' COMMENT '更新者',
  `update_time` datetime(0) NULL DEFAULT NULL COMMENT '更新时间',
  `remark` varchar(500) CHARACTER SET utf8mb4 COLLATE utf8mb4_general_ci NULL DEFAULT '' COMMENT '备注信息',
  PRIMARY KEY (`job_id`, `job_name`, `job_group`) USING BTREE
) ENGINE = InnoDB AUTO_INCREMENT = 100 CHARACTER SET = utf8mb4 COLLATE = utf8mb4_general_ci COMMENT = '定时任务调度表' ROW_FORMAT = Dynamic;

-- ----------------------------
-- Records of sys_job
-- ----------------------------
INSERT INTO `sys_job` VALUES (1, '系统默认（无参）', 'DEFAULT', 'ryTask.ryNoParams', '0/10 * * * * ?', '3', '1', '1', 'admin', '2023-04-24 11:17:26', '', NULL, '');
INSERT INTO `sys_job` VALUES (2, '系统默认（有参）', 'DEFAULT', 'ryTask.ryParams(\'ry\')', '0/15 * * * * ?', '3', '1', '1', 'admin', '2023-04-24 11:17:26', '', NULL, '');
INSERT INTO `sys_job` VALUES (3, '系统默认（多参）', 'DEFAULT', 'ryTask.ryMultipleParams(\'ry\', true, 2000L, 316.50D, 100)', '0/20 * * * * ?', '3', '1', '1', 'admin', '2023-04-24 11:17:26', '', NULL, '');

-- ----------------------------
-- Table structure for sys_job_log
-- ----------------------------
DROP TABLE IF EXISTS `sys_job_log`;
CREATE TABLE `sys_job_log`  (
  `job_log_id` bigint(20) NOT NULL AUTO_INCREMENT COMMENT '任务日志ID',
  `job_name` varchar(64) CHARACTER SET utf8mb4 COLLATE utf8mb4_general_ci NOT NULL COMMENT '任务名称',
  `job_group` varchar(64) CHARACTER SET utf8mb4 COLLATE utf8mb4_general_ci NOT NULL COMMENT '任务组名',
  `invoke_target` varchar(500) CHARACTER SET utf8mb4 COLLATE utf8mb4_general_ci NOT NULL COMMENT '调用目标字符串',
  `job_message` varchar(500) CHARACTER SET utf8mb4 COLLATE utf8mb4_general_ci NULL DEFAULT NULL COMMENT '日志信息',
  `status` char(1) CHARACTER SET utf8mb4 COLLATE utf8mb4_general_ci NULL DEFAULT '0' COMMENT '执行状态（0正常 1失败）',
  `exception_info` varchar(2000) CHARACTER SET utf8mb4 COLLATE utf8mb4_general_ci NULL DEFAULT '' COMMENT '异常信息',
  `create_time` datetime(0) NULL DEFAULT NULL COMMENT '创建时间',
  PRIMARY KEY (`job_log_id`) USING BTREE
) ENGINE = InnoDB AUTO_INCREMENT = 1 CHARACTER SET = utf8mb4 COLLATE = utf8mb4_general_ci COMMENT = '定时任务调度日志表' ROW_FORMAT = Dynamic;

-- ----------------------------
-- Table structure for sys_logininfor
-- ----------------------------
DROP TABLE IF EXISTS `sys_logininfor`;
CREATE TABLE `sys_logininfor`  (
  `info_id` bigint(20) NOT NULL AUTO_INCREMENT COMMENT '访问ID',
  `user_name` varchar(50) CHARACTER SET utf8mb4 COLLATE utf8mb4_general_ci NULL DEFAULT '' COMMENT '用户账号',
  `ipaddr` varchar(128) CHARACTER SET utf8mb4 COLLATE utf8mb4_general_ci NULL DEFAULT '' COMMENT '登录IP地址',
  `login_location` varchar(255) CHARACTER SET utf8mb4 COLLATE utf8mb4_general_ci NULL DEFAULT '' COMMENT '登录地点',
  `browser` varchar(50) CHARACTER SET utf8mb4 COLLATE utf8mb4_general_ci NULL DEFAULT '' COMMENT '浏览器类型',
  `os` varchar(50) CHARACTER SET utf8mb4 COLLATE utf8mb4_general_ci NULL DEFAULT '' COMMENT '操作系统',
  `status` char(1) CHARACTER SET utf8mb4 COLLATE utf8mb4_general_ci NULL DEFAULT '0' COMMENT '登录状态（0成功 1失败）',
  `msg` varchar(255) CHARACTER SET utf8mb4 COLLATE utf8mb4_general_ci NULL DEFAULT '' COMMENT '提示消息',
  `login_time` datetime(0) NULL DEFAULT NULL COMMENT '访问时间',
  PRIMARY KEY (`info_id`) USING BTREE,
  INDEX `idx_sys_logininfor_s`(`status`) USING BTREE,
  INDEX `idx_sys_logininfor_lt`(`login_time`) USING BTREE
) ENGINE = InnoDB AUTO_INCREMENT = 157 CHARACTER SET = utf8mb4 COLLATE = utf8mb4_general_ci COMMENT = '系统访问记录' ROW_FORMAT = Dynamic;

-- ----------------------------
-- Records of sys_logininfor
-- ----------------------------
INSERT INTO `sys_logininfor` VALUES (100, 'admin', '127.0.0.1', '内网IP', 'Chrome 11', 'Windows 10', '1', '验证码错误', '2023-04-24 13:42:21');
INSERT INTO `sys_logininfor` VALUES (101, 'admin', '127.0.0.1', '内网IP', 'Chrome 11', 'Windows 10', '0', '登录成功', '2023-04-24 13:42:23');
INSERT INTO `sys_logininfor` VALUES (102, 'admin', '127.0.0.1', '内网IP', 'Chrome 10', 'Windows 10', '0', '登录成功', '2023-04-25 16:03:09');
INSERT INTO `sys_logininfor` VALUES (103, 'admin', '127.0.0.1', '内网IP', 'Chrome 10', 'Windows 10', '1', '验证码错误', '2023-04-25 16:48:09');
INSERT INTO `sys_logininfor` VALUES (104, 'admin', '127.0.0.1', '内网IP', 'Chrome 10', 'Windows 10', '0', '登录成功', '2023-04-25 16:48:19');
INSERT INTO `sys_logininfor` VALUES (105, 'admin', '127.0.0.1', '内网IP', 'Chrome 10', 'Windows 10', '0', '登录成功', '2023-04-25 17:11:25');
INSERT INTO `sys_logininfor` VALUES (106, 'admin', '127.0.0.1', '内网IP', 'Chrome 11', 'Windows 10', '0', '登录成功', '2023-04-25 21:22:43');
INSERT INTO `sys_logininfor` VALUES (107, 'admin', '127.0.0.1', '内网IP', 'Chrome 10', 'Windows 10', '0', '登录成功', '2023-04-26 08:41:42');
INSERT INTO `sys_logininfor` VALUES (108, 'admin', '127.0.0.1', '内网IP', 'Chrome 10', 'Windows 10', '0', '登录成功', '2023-04-26 10:44:48');
INSERT INTO `sys_logininfor` VALUES (109, 'admin', '127.0.0.1', '内网IP', 'Chrome 10', 'Windows 10', '0', '登录成功', '2023-04-26 13:57:20');
INSERT INTO `sys_logininfor` VALUES (110, 'admin', '127.0.0.1', '内网IP', 'Chrome 10', 'Windows 10', '0', '登录成功', '2023-04-26 15:21:15');
INSERT INTO `sys_logininfor` VALUES (111, 'admin', '127.0.0.1', '内网IP', 'Chrome 11', 'Windows 10', '0', '登录成功', '2023-05-03 09:24:24');
INSERT INTO `sys_logininfor` VALUES (112, 'admin', '127.0.0.1', '内网IP', 'Chrome 11', 'Windows 10', '0', '登录成功', '2023-05-04 16:13:01');
INSERT INTO `sys_logininfor` VALUES (113, 'admin', '127.0.0.1', '内网IP', 'Chrome 11', 'Windows 10', '0', '退出成功', '2023-05-04 16:41:19');
INSERT INTO `sys_logininfor` VALUES (114, 'admin', '127.0.0.1', '内网IP', 'Chrome 11', 'Windows 10', '0', '登录成功', '2023-05-04 16:45:35');
INSERT INTO `sys_logininfor` VALUES (115, 'admin', '127.0.0.1', '内网IP', 'Chrome 11', 'Windows 10', '1', '验证码错误', '2023-05-04 16:48:12');
INSERT INTO `sys_logininfor` VALUES (116, 'admin', '127.0.0.1', '内网IP', 'Chrome 11', 'Windows 10', '0', '登录成功', '2023-05-04 16:48:17');
INSERT INTO `sys_logininfor` VALUES (117, 'admin', '127.0.0.1', '内网IP', 'Chrome 11', 'Windows 10', '0', '登录成功', '2023-05-05 10:04:10');
INSERT INTO `sys_logininfor` VALUES (118, 'admin', '127.0.0.1', '内网IP', 'Chrome 11', 'Windows 10', '0', '登录成功', '2023-05-05 16:32:22');
INSERT INTO `sys_logininfor` VALUES (119, 'admin', '127.0.0.1', '内网IP', 'Chrome 11', 'Windows 10', '0', '登录成功', '2023-05-05 20:57:45');
INSERT INTO `sys_logininfor` VALUES (120, 'admin', '127.0.0.1', '内网IP', 'Chrome 11', 'Windows 10', '1', '验证码错误', '2023-05-07 10:59:14');
INSERT INTO `sys_logininfor` VALUES (121, 'admin', '127.0.0.1', '内网IP', 'Chrome 11', 'Windows 10', '0', '登录成功', '2023-05-07 10:59:19');
INSERT INTO `sys_logininfor` VALUES (122, 'admin', '127.0.0.1', '内网IP', 'Chrome 11', 'Windows 10', '0', '登录成功', '2023-05-07 11:46:40');
INSERT INTO `sys_logininfor` VALUES (123, 'admin', '127.0.0.1', '内网IP', 'Chrome 11', 'Windows 10', '1', '验证码错误', '2023-05-07 13:32:14');
INSERT INTO `sys_logininfor` VALUES (124, 'admin', '127.0.0.1', '内网IP', 'Chrome 11', 'Windows 10', '0', '登录成功', '2023-05-07 13:32:17');
INSERT INTO `sys_logininfor` VALUES (125, 'admin', '223.104.130.128', 'XX XX', 'Chrome 11', 'Windows 10', '0', '登录成功', '2023-05-07 16:00:10');
INSERT INTO `sys_logininfor` VALUES (126, 'admin', '223.104.130.128', 'XX XX', 'Chrome 11', 'Windows 10', '0', '登录成功', '2023-05-07 21:15:31');
INSERT INTO `sys_logininfor` VALUES (127, 'admin', '220.168.31.36', 'XX XX', 'Chrome 11', 'Windows 10', '0', '登录成功', '2023-05-08 09:07:18');
INSERT INTO `sys_logininfor` VALUES (128, 'admin', '220.168.31.36', 'XX XX', 'Chrome 11', 'Windows 10', '0', '登录成功', '2023-05-08 09:29:54');
INSERT INTO `sys_logininfor` VALUES (129, 'admin', '220.168.31.36', 'XX XX', 'Chrome 11', 'Windows 10', '0', '登录成功', '2023-05-08 09:37:57');
INSERT INTO `sys_logininfor` VALUES (130, 'admin', '220.168.31.36', 'XX XX', 'Chrome 11', 'Windows 10', '0', '登录成功', '2023-05-08 09:41:22');
INSERT INTO `sys_logininfor` VALUES (131, 'admin', '220.168.31.36', 'XX XX', 'Chrome 11', 'Windows 10', '0', '登录成功', '2023-05-08 09:41:57');
INSERT INTO `sys_logininfor` VALUES (132, 'admin', '220.168.31.36', 'XX XX', 'Chrome 11', 'Windows 10', '0', '登录成功', '2023-05-08 09:44:00');
INSERT INTO `sys_logininfor` VALUES (133, 'admin', '220.168.31.36', 'XX XX', 'Chrome 11', 'Windows 10', '0', '登录成功', '2023-05-08 09:48:48');
INSERT INTO `sys_logininfor` VALUES (134, 'admin', '220.168.31.36', 'XX XX', 'Chrome 11', 'Windows 10', '0', '登录成功', '2023-05-09 08:42:45');
INSERT INTO `sys_logininfor` VALUES (135, 'admin', '220.168.31.36', 'XX XX', 'Chrome 11', 'Windows 10', '0', '登录成功', '2023-05-09 11:55:11');
INSERT INTO `sys_logininfor` VALUES (136, 'admin', '117.136.24.37', 'XX XX', 'Chrome 11', 'Windows 10', '0', '登录成功', '2023-05-11 09:02:40');
INSERT INTO `sys_logininfor` VALUES (137, 'admin', '117.136.24.37', 'XX XX', 'Chrome 11', 'Windows 10', '0', '退出成功', '2023-05-11 09:02:50');
INSERT INTO `sys_logininfor` VALUES (138, 'admin', '117.136.24.37', 'XX XX', 'Chrome 11', 'Windows 10', '0', '登录成功', '2023-05-11 09:02:53');
INSERT INTO `sys_logininfor` VALUES (139, 'admin', '117.136.24.37', 'XX XX', 'Chrome 11', 'Windows 10', '0', '登录成功', '2023-05-11 10:13:09');
INSERT INTO `sys_logininfor` VALUES (140, 'admin', '117.136.24.37', 'XX XX', 'Chrome 11', 'Windows 10', '0', '登录成功', '2023-05-11 10:17:00');
INSERT INTO `sys_logininfor` VALUES (141, 'admin', '117.136.24.37', 'XX XX', 'Chrome 11', 'Windows 10', '0', '退出成功', '2023-05-11 10:17:06');
INSERT INTO `sys_logininfor` VALUES (142, 'admin', '117.136.24.37', 'XX XX', 'Chrome 11', 'Windows 10', '0', '登录成功', '2023-05-11 10:17:09');
INSERT INTO `sys_logininfor` VALUES (143, 'admin', '117.136.24.37', 'XX XX', 'Chrome 11', 'Windows 10', '0', '登录成功', '2023-05-11 10:49:20');
INSERT INTO `sys_logininfor` VALUES (144, 'admin', '117.136.24.37', 'XX XX', 'Chrome 11', 'Windows 10', '0', '登录成功', '2023-05-11 11:41:26');
INSERT INTO `sys_logininfor` VALUES (145, 'admin', '117.136.24.37', 'XX XX', 'Chrome 11', 'Windows 10', '0', '登录成功', '2023-05-11 11:47:46');
INSERT INTO `sys_logininfor` VALUES (146, 'admin', '117.136.24.37', 'XX XX', 'Chrome 11', 'Windows 10', '0', '登录成功', '2023-05-11 15:13:52');
INSERT INTO `sys_logininfor` VALUES (147, 'admin', '223.104.130.133', 'XX XX', 'Chrome 11', 'Windows 10', '0', '登录成功', '2023-05-11 19:43:49');
INSERT INTO `sys_logininfor` VALUES (148, 'admin', '223.104.131.230', 'XX XX', 'Chrome 11', 'Windows 10', '0', '登录成功', '2023-05-12 23:28:19');
INSERT INTO `sys_logininfor` VALUES (149, 'admin', '223.104.131.230', 'XX XX', 'Chrome 11', 'Windows 10', '0', '登录成功', '2023-05-12 23:57:42');
INSERT INTO `sys_logininfor` VALUES (150, 'admin', '223.104.131.230', 'XX XX', 'Chrome 11', 'Windows 10', '0', '登录成功', '2023-05-13 00:07:52');
INSERT INTO `sys_logininfor` VALUES (151, 'admin', '223.104.131.230', 'XX XX', 'Chrome 11', 'Windows 10', '0', '登录成功', '2023-05-13 00:09:40');
INSERT INTO `sys_logininfor` VALUES (152, 'admin', '223.104.131.230', 'XX XX', 'Chrome 11', 'Windows 10', '0', '登录成功', '2023-05-13 08:48:29');
INSERT INTO `sys_logininfor` VALUES (153, 'admin', '223.104.131.230', 'XX XX', 'Chrome 11', 'Windows 10', '0', '登录成功', '2023-05-13 10:55:19');
INSERT INTO `sys_logininfor` VALUES (154, 'admin', '223.104.131.230', 'XX XX', 'Chrome 11', 'Windows 10', '0', '登录成功', '2023-05-13 11:37:12');
INSERT INTO `sys_logininfor` VALUES (155, 'admin', '223.104.66.89', 'XX XX', 'Chrome 11', 'Windows 10', '1', '验证码错误', '2023-05-24 18:52:41');
INSERT INTO `sys_logininfor` VALUES (156, 'admin', '223.104.66.89', 'XX XX', 'Chrome 11', 'Windows 10', '0', '登录成功', '2023-05-24 18:52:44');

-- ----------------------------
-- Table structure for sys_menu
-- ----------------------------
DROP TABLE IF EXISTS `sys_menu`;
CREATE TABLE `sys_menu`  (
  `menu_id` bigint(20) NOT NULL AUTO_INCREMENT COMMENT '菜单ID',
  `menu_name` varchar(50) CHARACTER SET utf8mb4 COLLATE utf8mb4_general_ci NOT NULL COMMENT '菜单名称',
  `parent_id` bigint(20) NULL DEFAULT 0 COMMENT '父菜单ID',
  `order_num` int(4) NULL DEFAULT 0 COMMENT '显示顺序',
  `path` varchar(200) CHARACTER SET utf8mb4 COLLATE utf8mb4_general_ci NULL DEFAULT '' COMMENT '路由地址',
  `component` varchar(255) CHARACTER SET utf8mb4 COLLATE utf8mb4_general_ci NULL DEFAULT NULL COMMENT '组件路径',
  `query` varchar(255) CHARACTER SET utf8mb4 COLLATE utf8mb4_general_ci NULL DEFAULT NULL COMMENT '路由参数',
  `is_frame` int(1) NULL DEFAULT 1 COMMENT '是否为外链（0是 1否）',
  `is_cache` int(1) NULL DEFAULT 0 COMMENT '是否缓存（0缓存 1不缓存）',
  `menu_type` char(1) CHARACTER SET utf8mb4 COLLATE utf8mb4_general_ci NULL DEFAULT '' COMMENT '菜单类型（M目录 C菜单 F按钮）',
  `visible` char(1) CHARACTER SET utf8mb4 COLLATE utf8mb4_general_ci NULL DEFAULT '0' COMMENT '菜单状态（0显示 1隐藏）',
  `status` char(1) CHARACTER SET utf8mb4 COLLATE utf8mb4_general_ci NULL DEFAULT '0' COMMENT '菜单状态（0正常 1停用）',
  `perms` varchar(100) CHARACTER SET utf8mb4 COLLATE utf8mb4_general_ci NULL DEFAULT NULL COMMENT '权限标识',
  `icon` varchar(100) CHARACTER SET utf8mb4 COLLATE utf8mb4_general_ci NULL DEFAULT '#' COMMENT '菜单图标',
  `create_by` varchar(64) CHARACTER SET utf8mb4 COLLATE utf8mb4_general_ci NULL DEFAULT '' COMMENT '创建者',
  `create_time` datetime(0) NULL DEFAULT NULL COMMENT '创建时间',
  `update_by` varchar(64) CHARACTER SET utf8mb4 COLLATE utf8mb4_general_ci NULL DEFAULT '' COMMENT '更新者',
  `update_time` datetime(0) NULL DEFAULT NULL COMMENT '更新时间',
  `remark` varchar(500) CHARACTER SET utf8mb4 COLLATE utf8mb4_general_ci NULL DEFAULT '' COMMENT '备注',
  PRIMARY KEY (`menu_id`) USING BTREE
) ENGINE = InnoDB AUTO_INCREMENT = 2034 CHARACTER SET = utf8mb4 COLLATE = utf8mb4_general_ci COMMENT = '菜单权限表' ROW_FORMAT = Dynamic;

-- ----------------------------
-- Records of sys_menu
-- ----------------------------
INSERT INTO `sys_menu` VALUES (1, '系统管理', 0, 1, 'system', NULL, '', 1, 0, 'M', '1', '0', '', 'system', 'admin', '2023-04-24 11:17:25', 'admin', '2023-05-07 13:52:40', '系统管理目录');
INSERT INTO `sys_menu` VALUES (2, '系统监控', 0, 2, 'monitor', NULL, '', 1, 0, 'M', '0', '0', '', 'monitor', 'admin', '2023-04-24 11:17:25', '', NULL, '系统监控目录');
INSERT INTO `sys_menu` VALUES (3, '系统工具', 0, 3, 'tool', NULL, '', 1, 0, 'M', '1', '0', '', 'tool', 'admin', '2023-04-24 11:17:25', 'admin', '2023-05-07 11:08:22', '系统工具目录');
INSERT INTO `sys_menu` VALUES (4, '若依官网', 0, 4, 'http://ruoyi.vip', NULL, '', 0, 0, 'M', '1', '0', '', 'guide', 'admin', '2023-04-24 11:17:25', 'admin', '2023-05-07 11:08:15', '若依官网地址');
INSERT INTO `sys_menu` VALUES (100, '用户管理', 1, 1, 'user', 'system/user/index', '', 1, 0, 'C', '0', '0', 'system:user:list', 'user', 'admin', '2023-04-24 11:17:25', '', NULL, '用户管理菜单');
INSERT INTO `sys_menu` VALUES (101, '角色管理', 1, 2, 'role', 'system/role/index', '', 1, 0, 'C', '0', '0', 'system:role:list', 'peoples', 'admin', '2023-04-24 11:17:25', '', NULL, '角色管理菜单');
INSERT INTO `sys_menu` VALUES (102, '菜单管理', 1, 3, 'menu', 'system/menu/index', '', 1, 0, 'C', '0', '0', 'system:menu:list', 'tree-table', 'admin', '2023-04-24 11:17:25', '', NULL, '菜单管理菜单');
INSERT INTO `sys_menu` VALUES (103, '部门管理', 1, 4, 'dept', 'system/dept/index', '', 1, 0, 'C', '0', '0', 'system:dept:list', 'tree', 'admin', '2023-04-24 11:17:25', '', NULL, '部门管理菜单');
INSERT INTO `sys_menu` VALUES (104, '岗位管理', 1, 5, 'post', 'system/post/index', '', 1, 0, 'C', '0', '0', 'system:post:list', 'post', 'admin', '2023-04-24 11:17:25', '', NULL, '岗位管理菜单');
INSERT INTO `sys_menu` VALUES (105, '字典管理', 1, 6, 'dict', 'system/dict/index', '', 1, 0, 'C', '0', '0', 'system:dict:list', 'dict', 'admin', '2023-04-24 11:17:25', '', NULL, '字典管理菜单');
INSERT INTO `sys_menu` VALUES (106, '参数设置', 1, 7, 'config', 'system/config/index', '', 1, 0, 'C', '0', '0', 'system:config:list', 'edit', 'admin', '2023-04-24 11:17:25', '', NULL, '参数设置菜单');
INSERT INTO `sys_menu` VALUES (107, '通知公告', 1, 8, 'notice', 'system/notice/index', '', 1, 0, 'C', '0', '0', 'system:notice:list', 'message', 'admin', '2023-04-24 11:17:25', '', NULL, '通知公告菜单');
INSERT INTO `sys_menu` VALUES (108, '日志管理', 2006, 9, 'log', '', '', 1, 0, 'M', '0', '0', '', 'log', 'admin', '2023-04-24 11:17:25', '', NULL, '日志管理菜单');
INSERT INTO `sys_menu` VALUES (109, '在线用户', 2, 1, 'online', 'monitor/online/index', '', 1, 0, 'C', '0', '0', 'monitor:online:list', 'online', 'admin', '2023-04-24 11:17:25', '', NULL, '在线用户菜单');
INSERT INTO `sys_menu` VALUES (110, '定时任务', 2, 2, 'job', 'monitor/job/index', '', 1, 0, 'C', '0', '0', 'monitor:job:list', 'job', 'admin', '2023-04-24 11:17:25', '', NULL, '定时任务菜单');
INSERT INTO `sys_menu` VALUES (111, '数据监控', 2, 3, 'druid', 'monitor/druid/index', '', 1, 0, 'C', '0', '0', 'monitor:druid:list', 'druid', 'admin', '2023-04-24 11:17:25', '', NULL, '数据监控菜单');
INSERT INTO `sys_menu` VALUES (112, '服务监控', 2, 4, 'server', 'monitor/server/index', '', 1, 0, 'C', '0', '0', 'monitor:server:list', 'server', 'admin', '2023-04-24 11:17:25', '', NULL, '服务监控菜单');
INSERT INTO `sys_menu` VALUES (113, '缓存监控', 2, 5, 'cache', 'monitor/cache/index', '', 1, 0, 'C', '0', '0', 'monitor:cache:list', 'redis', 'admin', '2023-04-24 11:17:25', '', NULL, '缓存监控菜单');
INSERT INTO `sys_menu` VALUES (114, '缓存列表', 2, 6, 'cacheList', 'monitor/cache/list', '', 1, 0, 'C', '0', '0', 'monitor:cache:list', 'redis-list', 'admin', '2023-04-24 11:17:25', '', NULL, '缓存列表菜单');
INSERT INTO `sys_menu` VALUES (115, '表单构建', 3, 1, 'build', 'tool/build/index', '', 1, 0, 'C', '0', '0', 'tool:build:list', 'build', 'admin', '2023-04-24 11:17:25', '', NULL, '表单构建菜单');
INSERT INTO `sys_menu` VALUES (116, '代码生成', 3, 2, 'gen', 'tool/gen/index', '', 1, 0, 'C', '0', '0', 'tool:gen:list', 'code', 'admin', '2023-04-24 11:17:25', '', NULL, '代码生成菜单');
INSERT INTO `sys_menu` VALUES (117, '系统接口', 3, 3, 'swagger', 'tool/swagger/index', '', 1, 0, 'C', '0', '0', 'tool:swagger:list', 'swagger', 'admin', '2023-04-24 11:17:25', '', NULL, '系统接口菜单');
INSERT INTO `sys_menu` VALUES (500, '操作日志', 108, 1, 'operlog', 'monitor/operlog/index', '', 1, 0, 'C', '0', '0', 'monitor:operlog:list', 'form', 'admin', '2023-04-24 11:17:25', '', NULL, '操作日志菜单');
INSERT INTO `sys_menu` VALUES (501, '登录日志', 108, 2, 'logininfor', 'monitor/logininfor/index', '', 1, 0, 'C', '0', '0', 'monitor:logininfor:list', 'logininfor', 'admin', '2023-04-24 11:17:25', '', NULL, '登录日志菜单');
INSERT INTO `sys_menu` VALUES (1000, '用户查询', 100, 1, '', '', '', 1, 0, 'F', '0', '0', 'system:user:query', '#', 'admin', '2023-04-24 11:17:25', '', NULL, '');
INSERT INTO `sys_menu` VALUES (1001, '用户新增', 100, 2, '', '', '', 1, 0, 'F', '0', '0', 'system:user:add', '#', 'admin', '2023-04-24 11:17:25', '', NULL, '');
INSERT INTO `sys_menu` VALUES (1002, '用户修改', 100, 3, '', '', '', 1, 0, 'F', '0', '0', 'system:user:edit', '#', 'admin', '2023-04-24 11:17:25', '', NULL, '');
INSERT INTO `sys_menu` VALUES (1003, '用户删除', 100, 4, '', '', '', 1, 0, 'F', '0', '0', 'system:user:remove', '#', 'admin', '2023-04-24 11:17:25', '', NULL, '');
INSERT INTO `sys_menu` VALUES (1004, '用户导出', 100, 5, '', '', '', 1, 0, 'F', '0', '0', 'system:user:export', '#', 'admin', '2023-04-24 11:17:25', '', NULL, '');
INSERT INTO `sys_menu` VALUES (1005, '用户导入', 100, 6, '', '', '', 1, 0, 'F', '0', '0', 'system:user:import', '#', 'admin', '2023-04-24 11:17:25', '', NULL, '');
INSERT INTO `sys_menu` VALUES (1006, '重置密码', 100, 7, '', '', '', 1, 0, 'F', '0', '0', 'system:user:resetPwd', '#', 'admin', '2023-04-24 11:17:25', '', NULL, '');
INSERT INTO `sys_menu` VALUES (1007, '角色查询', 101, 1, '', '', '', 1, 0, 'F', '0', '0', 'system:role:query', '#', 'admin', '2023-04-24 11:17:25', '', NULL, '');
INSERT INTO `sys_menu` VALUES (1008, '角色新增', 101, 2, '', '', '', 1, 0, 'F', '0', '0', 'system:role:add', '#', 'admin', '2023-04-24 11:17:25', '', NULL, '');
INSERT INTO `sys_menu` VALUES (1009, '角色修改', 101, 3, '', '', '', 1, 0, 'F', '0', '0', 'system:role:edit', '#', 'admin', '2023-04-24 11:17:25', '', NULL, '');
INSERT INTO `sys_menu` VALUES (1010, '角色删除', 101, 4, '', '', '', 1, 0, 'F', '0', '0', 'system:role:remove', '#', 'admin', '2023-04-24 11:17:25', '', NULL, '');
INSERT INTO `sys_menu` VALUES (1011, '角色导出', 101, 5, '', '', '', 1, 0, 'F', '0', '0', 'system:role:export', '#', 'admin', '2023-04-24 11:17:25', '', NULL, '');
INSERT INTO `sys_menu` VALUES (1012, '菜单查询', 102, 1, '', '', '', 1, 0, 'F', '0', '0', 'system:menu:query', '#', 'admin', '2023-04-24 11:17:25', '', NULL, '');
INSERT INTO `sys_menu` VALUES (1013, '菜单新增', 102, 2, '', '', '', 1, 0, 'F', '0', '0', 'system:menu:add', '#', 'admin', '2023-04-24 11:17:25', '', NULL, '');
INSERT INTO `sys_menu` VALUES (1014, '菜单修改', 102, 3, '', '', '', 1, 0, 'F', '0', '0', 'system:menu:edit', '#', 'admin', '2023-04-24 11:17:25', '', NULL, '');
INSERT INTO `sys_menu` VALUES (1015, '菜单删除', 102, 4, '', '', '', 1, 0, 'F', '0', '0', 'system:menu:remove', '#', 'admin', '2023-04-24 11:17:25', '', NULL, '');
INSERT INTO `sys_menu` VALUES (1016, '部门查询', 103, 1, '', '', '', 1, 0, 'F', '0', '0', 'system:dept:query', '#', 'admin', '2023-04-24 11:17:25', '', NULL, '');
INSERT INTO `sys_menu` VALUES (1017, '部门新增', 103, 2, '', '', '', 1, 0, 'F', '0', '0', 'system:dept:add', '#', 'admin', '2023-04-24 11:17:25', '', NULL, '');
INSERT INTO `sys_menu` VALUES (1018, '部门修改', 103, 3, '', '', '', 1, 0, 'F', '0', '0', 'system:dept:edit', '#', 'admin', '2023-04-24 11:17:25', '', NULL, '');
INSERT INTO `sys_menu` VALUES (1019, '部门删除', 103, 4, '', '', '', 1, 0, 'F', '0', '0', 'system:dept:remove', '#', 'admin', '2023-04-24 11:17:25', '', NULL, '');
INSERT INTO `sys_menu` VALUES (1020, '岗位查询', 104, 1, '', '', '', 1, 0, 'F', '0', '0', 'system:post:query', '#', 'admin', '2023-04-24 11:17:25', '', NULL, '');
INSERT INTO `sys_menu` VALUES (1021, '岗位新增', 104, 2, '', '', '', 1, 0, 'F', '0', '0', 'system:post:add', '#', 'admin', '2023-04-24 11:17:25', '', NULL, '');
INSERT INTO `sys_menu` VALUES (1022, '岗位修改', 104, 3, '', '', '', 1, 0, 'F', '0', '0', 'system:post:edit', '#', 'admin', '2023-04-24 11:17:25', '', NULL, '');
INSERT INTO `sys_menu` VALUES (1023, '岗位删除', 104, 4, '', '', '', 1, 0, 'F', '0', '0', 'system:post:remove', '#', 'admin', '2023-04-24 11:17:25', '', NULL, '');
INSERT INTO `sys_menu` VALUES (1024, '岗位导出', 104, 5, '', '', '', 1, 0, 'F', '0', '0', 'system:post:export', '#', 'admin', '2023-04-24 11:17:25', '', NULL, '');
INSERT INTO `sys_menu` VALUES (1025, '字典查询', 105, 1, '#', '', '', 1, 0, 'F', '0', '0', 'system:dict:query', '#', 'admin', '2023-04-24 11:17:25', '', NULL, '');
INSERT INTO `sys_menu` VALUES (1026, '字典新增', 105, 2, '#', '', '', 1, 0, 'F', '0', '0', 'system:dict:add', '#', 'admin', '2023-04-24 11:17:25', '', NULL, '');
INSERT INTO `sys_menu` VALUES (1027, '字典修改', 105, 3, '#', '', '', 1, 0, 'F', '0', '0', 'system:dict:edit', '#', 'admin', '2023-04-24 11:17:25', '', NULL, '');
INSERT INTO `sys_menu` VALUES (1028, '字典删除', 105, 4, '#', '', '', 1, 0, 'F', '0', '0', 'system:dict:remove', '#', 'admin', '2023-04-24 11:17:25', '', NULL, '');
INSERT INTO `sys_menu` VALUES (1029, '字典导出', 105, 5, '#', '', '', 1, 0, 'F', '0', '0', 'system:dict:export', '#', 'admin', '2023-04-24 11:17:25', '', NULL, '');
INSERT INTO `sys_menu` VALUES (1030, '参数查询', 106, 1, '#', '', '', 1, 0, 'F', '0', '0', 'system:config:query', '#', 'admin', '2023-04-24 11:17:25', '', NULL, '');
INSERT INTO `sys_menu` VALUES (1031, '参数新增', 106, 2, '#', '', '', 1, 0, 'F', '0', '0', 'system:config:add', '#', 'admin', '2023-04-24 11:17:25', '', NULL, '');
INSERT INTO `sys_menu` VALUES (1032, '参数修改', 106, 3, '#', '', '', 1, 0, 'F', '0', '0', 'system:config:edit', '#', 'admin', '2023-04-24 11:17:25', '', NULL, '');
INSERT INTO `sys_menu` VALUES (1033, '参数删除', 106, 4, '#', '', '', 1, 0, 'F', '0', '0', 'system:config:remove', '#', 'admin', '2023-04-24 11:17:25', '', NULL, '');
INSERT INTO `sys_menu` VALUES (1034, '参数导出', 106, 5, '#', '', '', 1, 0, 'F', '0', '0', 'system:config:export', '#', 'admin', '2023-04-24 11:17:25', '', NULL, '');
INSERT INTO `sys_menu` VALUES (1035, '公告查询', 107, 1, '#', '', '', 1, 0, 'F', '0', '0', 'system:notice:query', '#', 'admin', '2023-04-24 11:17:25', '', NULL, '');
INSERT INTO `sys_menu` VALUES (1036, '公告新增', 107, 2, '#', '', '', 1, 0, 'F', '0', '0', 'system:notice:add', '#', 'admin', '2023-04-24 11:17:25', '', NULL, '');
INSERT INTO `sys_menu` VALUES (1037, '公告修改', 107, 3, '#', '', '', 1, 0, 'F', '0', '0', 'system:notice:edit', '#', 'admin', '2023-04-24 11:17:25', '', NULL, '');
INSERT INTO `sys_menu` VALUES (1038, '公告删除', 107, 4, '#', '', '', 1, 0, 'F', '0', '0', 'system:notice:remove', '#', 'admin', '2023-04-24 11:17:25', '', NULL, '');
INSERT INTO `sys_menu` VALUES (1039, '操作查询', 500, 1, '#', '', '', 1, 0, 'F', '0', '0', 'monitor:operlog:query', '#', 'admin', '2023-04-24 11:17:25', '', NULL, '');
INSERT INTO `sys_menu` VALUES (1040, '操作删除', 500, 2, '#', '', '', 1, 0, 'F', '0', '0', 'monitor:operlog:remove', '#', 'admin', '2023-04-24 11:17:25', '', NULL, '');
INSERT INTO `sys_menu` VALUES (1041, '日志导出', 500, 3, '#', '', '', 1, 0, 'F', '0', '0', 'monitor:operlog:export', '#', 'admin', '2023-04-24 11:17:25', '', NULL, '');
INSERT INTO `sys_menu` VALUES (1042, '登录查询', 501, 1, '#', '', '', 1, 0, 'F', '0', '0', 'monitor:logininfor:query', '#', 'admin', '2023-04-24 11:17:25', '', NULL, '');
INSERT INTO `sys_menu` VALUES (1043, '登录删除', 501, 2, '#', '', '', 1, 0, 'F', '0', '0', 'monitor:logininfor:remove', '#', 'admin', '2023-04-24 11:17:25', '', NULL, '');
INSERT INTO `sys_menu` VALUES (1044, '日志导出', 501, 3, '#', '', '', 1, 0, 'F', '0', '0', 'monitor:logininfor:export', '#', 'admin', '2023-04-24 11:17:25', '', NULL, '');
INSERT INTO `sys_menu` VALUES (1045, '账户解锁', 501, 4, '#', '', '', 1, 0, 'F', '0', '0', 'monitor:logininfor:unlock', '#', 'admin', '2023-04-24 11:17:25', '', NULL, '');
INSERT INTO `sys_menu` VALUES (1046, '在线查询', 109, 1, '#', '', '', 1, 0, 'F', '0', '0', 'monitor:online:query', '#', 'admin', '2023-04-24 11:17:25', '', NULL, '');
INSERT INTO `sys_menu` VALUES (1047, '批量强退', 109, 2, '#', '', '', 1, 0, 'F', '0', '0', 'monitor:online:batchLogout', '#', 'admin', '2023-04-24 11:17:25', '', NULL, '');
INSERT INTO `sys_menu` VALUES (1048, '单条强退', 109, 3, '#', '', '', 1, 0, 'F', '0', '0', 'monitor:online:forceLogout', '#', 'admin', '2023-04-24 11:17:25', '', NULL, '');
INSERT INTO `sys_menu` VALUES (1049, '任务查询', 110, 1, '#', '', '', 1, 0, 'F', '0', '0', 'monitor:job:query', '#', 'admin', '2023-04-24 11:17:25', '', NULL, '');
INSERT INTO `sys_menu` VALUES (1050, '任务新增', 110, 2, '#', '', '', 1, 0, 'F', '0', '0', 'monitor:job:add', '#', 'admin', '2023-04-24 11:17:25', '', NULL, '');
INSERT INTO `sys_menu` VALUES (1051, '任务修改', 110, 3, '#', '', '', 1, 0, 'F', '0', '0', 'monitor:job:edit', '#', 'admin', '2023-04-24 11:17:25', '', NULL, '');
INSERT INTO `sys_menu` VALUES (1052, '任务删除', 110, 4, '#', '', '', 1, 0, 'F', '0', '0', 'monitor:job:remove', '#', 'admin', '2023-04-24 11:17:25', '', NULL, '');
INSERT INTO `sys_menu` VALUES (1053, '状态修改', 110, 5, '#', '', '', 1, 0, 'F', '0', '0', 'monitor:job:changeStatus', '#', 'admin', '2023-04-24 11:17:25', '', NULL, '');
INSERT INTO `sys_menu` VALUES (1054, '任务导出', 110, 6, '#', '', '', 1, 0, 'F', '0', '0', 'monitor:job:export', '#', 'admin', '2023-04-24 11:17:25', '', NULL, '');
INSERT INTO `sys_menu` VALUES (1055, '生成查询', 116, 1, '#', '', '', 1, 0, 'F', '0', '0', 'tool:gen:query', '#', 'admin', '2023-04-24 11:17:25', '', NULL, '');
INSERT INTO `sys_menu` VALUES (1056, '生成修改', 116, 2, '#', '', '', 1, 0, 'F', '0', '0', 'tool:gen:edit', '#', 'admin', '2023-04-24 11:17:25', '', NULL, '');
INSERT INTO `sys_menu` VALUES (1057, '生成删除', 116, 3, '#', '', '', 1, 0, 'F', '0', '0', 'tool:gen:remove', '#', 'admin', '2023-04-24 11:17:25', '', NULL, '');
INSERT INTO `sys_menu` VALUES (1058, '导入代码', 116, 4, '#', '', '', 1, 0, 'F', '0', '0', 'tool:gen:import', '#', 'admin', '2023-04-24 11:17:25', '', NULL, '');
INSERT INTO `sys_menu` VALUES (1059, '预览代码', 116, 5, '#', '', '', 1, 0, 'F', '0', '0', 'tool:gen:preview', '#', 'admin', '2023-04-24 11:17:25', '', NULL, '');
INSERT INTO `sys_menu` VALUES (1060, '生成代码', 116, 6, '#', '', '', 1, 0, 'F', '0', '0', 'tool:gen:code', '#', 'admin', '2023-04-24 11:17:25', '', NULL, '');
INSERT INTO `sys_menu` VALUES (2000, '题目管理', 2006, 1, 'questions', 'plat/questions/index', NULL, 1, 0, 'C', '0', '0', 'plat:questions:list', 'list', 'admin', '2023-04-24 11:20:04', 'admin', '2023-05-07 11:12:36', '题目菜单');
INSERT INTO `sys_menu` VALUES (2001, '题目查询', 2000, 1, '#', '', NULL, 1, 0, 'F', '0', '0', 'plat:questions:query', '#', 'admin', '2023-04-24 11:20:04', '', NULL, '');
INSERT INTO `sys_menu` VALUES (2002, '题目新增', 2000, 2, '#', '', NULL, 1, 0, 'F', '0', '0', 'plat:questions:add', '#', 'admin', '2023-04-24 11:20:04', '', NULL, '');
INSERT INTO `sys_menu` VALUES (2003, '题目修改', 2000, 3, '#', '', NULL, 1, 0, 'F', '0', '0', 'plat:questions:edit', '#', 'admin', '2023-04-24 11:20:04', '', NULL, '');
INSERT INTO `sys_menu` VALUES (2004, '题目删除', 2000, 4, '#', '', NULL, 1, 0, 'F', '0', '0', 'plat:questions:remove', '#', 'admin', '2023-04-24 11:20:04', '', NULL, '');
INSERT INTO `sys_menu` VALUES (2005, '题目导出', 2000, 5, '#', '', NULL, 1, 0, 'F', '0', '0', 'plat:questions:export', '#', 'admin', '2023-04-24 11:20:04', '', NULL, '');
INSERT INTO `sys_menu` VALUES (2006, '平台管理', 0, 1, 'plat', NULL, NULL, 1, 0, 'M', '0', '0', '', 'system', 'admin', '2023-04-24 11:25:09', 'admin', '2023-04-25 16:25:49', '');
INSERT INTO `sys_menu` VALUES (2007, '上传题目', 2000, 8, '', NULL, NULL, 1, 0, 'F', '0', '0', 'plat:questions:import', '#', 'admin', '2023-04-25 16:24:26', '', NULL, '');
INSERT INTO `sys_menu` VALUES (2008, '用户管理', 2006, 1, 'user', 'plat/user/index', NULL, 1, 0, 'C', '0', '0', 'plat:user:list', 'user', 'admin', '2023-04-26 08:38:42', 'admin', '2023-04-26 08:59:11', '用户菜单');
INSERT INTO `sys_menu` VALUES (2009, '用户查询', 2008, 1, '#', '', NULL, 1, 0, 'F', '0', '0', 'plat:user:query', '#', 'admin', '2023-04-26 08:38:42', '', NULL, '');
INSERT INTO `sys_menu` VALUES (2010, '用户新增', 2008, 2, '#', '', NULL, 1, 0, 'F', '0', '0', 'plat:user:add', '#', 'admin', '2023-04-26 08:38:42', '', NULL, '');
INSERT INTO `sys_menu` VALUES (2011, '用户修改', 2008, 3, '#', '', NULL, 1, 0, 'F', '0', '0', 'plat:user:edit', '#', 'admin', '2023-04-26 08:38:42', '', NULL, '');
INSERT INTO `sys_menu` VALUES (2012, '用户删除', 2008, 4, '#', '', NULL, 1, 0, 'F', '0', '0', 'plat:user:remove', '#', 'admin', '2023-04-26 08:38:42', '', NULL, '');
INSERT INTO `sys_menu` VALUES (2013, '用户导出', 2008, 5, '#', '', NULL, 1, 0, 'F', '0', '0', 'plat:user:export', '#', 'admin', '2023-04-26 08:38:42', '', NULL, '');
INSERT INTO `sys_menu` VALUES (2014, '帖子管理', 2006, 1, 'post', 'plat/post/index', NULL, 1, 0, 'C', '0', '0', 'plat:post:list', 'nested', 'admin', '2023-04-26 10:35:48', 'admin', '2023-04-26 10:51:38', '帖子菜单');
INSERT INTO `sys_menu` VALUES (2015, '帖子查询', 2014, 1, '#', '', NULL, 1, 0, 'F', '0', '0', 'plat:post:query', '#', 'admin', '2023-04-26 10:35:48', '', NULL, '');
INSERT INTO `sys_menu` VALUES (2016, '帖子新增', 2014, 2, '#', '', NULL, 1, 0, 'F', '0', '0', 'plat:post:add', '#', 'admin', '2023-04-26 10:35:48', '', NULL, '');
INSERT INTO `sys_menu` VALUES (2017, '帖子修改', 2014, 3, '#', '', NULL, 1, 0, 'F', '0', '0', 'plat:post:edit', '#', 'admin', '2023-04-26 10:35:48', '', NULL, '');
INSERT INTO `sys_menu` VALUES (2018, '帖子删除', 2014, 4, '#', '', NULL, 1, 0, 'F', '0', '0', 'plat:post:remove', '#', 'admin', '2023-04-26 10:35:48', '', NULL, '');
INSERT INTO `sys_menu` VALUES (2019, '帖子导出', 2014, 5, '#', '', NULL, 1, 0, 'F', '0', '0', 'plat:post:export', '#', 'admin', '2023-04-26 10:35:48', '', NULL, '');
INSERT INTO `sys_menu` VALUES (2020, '资讯管理', 2006, 1, 'information', 'plat/information/index', NULL, 1, 0, 'C', '0', '0', 'plat:information:list', 'chart', 'admin', '2023-04-26 11:35:32', 'admin', '2023-04-26 11:40:39', '资讯菜单');
INSERT INTO `sys_menu` VALUES (2021, '资讯查询', 2020, 1, '#', '', NULL, 1, 0, 'F', '0', '0', 'plat:information:query', '#', 'admin', '2023-04-26 11:35:32', '', NULL, '');
INSERT INTO `sys_menu` VALUES (2022, '资讯新增', 2020, 2, '#', '', NULL, 1, 0, 'F', '0', '0', 'plat:information:add', '#', 'admin', '2023-04-26 11:35:32', '', NULL, '');
INSERT INTO `sys_menu` VALUES (2023, '资讯修改', 2020, 3, '#', '', NULL, 1, 0, 'F', '0', '0', 'plat:information:edit', '#', 'admin', '2023-04-26 11:35:32', '', NULL, '');
INSERT INTO `sys_menu` VALUES (2024, '资讯删除', 2020, 4, '#', '', NULL, 1, 0, 'F', '0', '0', 'plat:information:remove', '#', 'admin', '2023-04-26 11:35:32', '', NULL, '');
INSERT INTO `sys_menu` VALUES (2025, '资讯导出', 2020, 5, '#', '', NULL, 1, 0, 'F', '0', '0', 'plat:information:export', '#', 'admin', '2023-04-26 11:35:32', '', NULL, '');
INSERT INTO `sys_menu` VALUES (2026, '消息管理', 2006, 1, 'message', '', NULL, 1, 0, 'M', '0', '0', 'plat:message:list', 'checkbox', 'admin', '2023-04-26 14:32:02', 'admin', '2023-04-26 15:15:01', '消息用户菜单');
INSERT INTO `sys_menu` VALUES (2027, '消息用户查询', 2026, 1, '#', '', NULL, 1, 0, 'F', '0', '0', 'plat:message:query', '#', 'admin', '2023-04-26 14:32:02', '', NULL, '');
INSERT INTO `sys_menu` VALUES (2028, '消息用户新增', 2026, 2, '#', '', NULL, 1, 0, 'F', '0', '0', 'plat:message:add', '#', 'admin', '2023-04-26 14:32:02', '', NULL, '');
INSERT INTO `sys_menu` VALUES (2029, '消息用户修改', 2026, 3, '#', '', NULL, 1, 0, 'F', '0', '0', 'plat:message:edit', '#', 'admin', '2023-04-26 14:32:02', '', NULL, '');
INSERT INTO `sys_menu` VALUES (2030, '消息用户删除', 2026, 4, '#', '', NULL, 1, 0, 'F', '0', '0', 'plat:message:remove', '#', 'admin', '2023-04-26 14:32:02', '', NULL, '');
INSERT INTO `sys_menu` VALUES (2031, '消息用户导出', 2026, 5, '#', '', NULL, 1, 0, 'F', '0', '0', 'plat:message:export', '#', 'admin', '2023-04-26 14:32:02', '', NULL, '');
INSERT INTO `sys_menu` VALUES (2032, '消息发送', 2026, 1, 'send', 'plat/message/send/index', NULL, 1, 0, 'M', '0', '0', '', 'email', 'admin', '2023-04-26 15:13:07', 'admin', '2023-04-26 15:15:49', '');
INSERT INTO `sys_menu` VALUES (2033, '消息接收', 2026, 1, 'accept', 'plat/message/index', NULL, 1, 0, 'C', '0', '0', NULL, 'documentation', 'admin', '2023-04-26 15:17:42', '', NULL, '');

-- ----------------------------
-- Table structure for sys_notice
-- ----------------------------
DROP TABLE IF EXISTS `sys_notice`;
CREATE TABLE `sys_notice`  (
  `notice_id` int(4) NOT NULL AUTO_INCREMENT COMMENT '公告ID',
  `notice_title` varchar(50) CHARACTER SET utf8mb4 COLLATE utf8mb4_general_ci NOT NULL COMMENT '公告标题',
  `notice_type` char(1) CHARACTER SET utf8mb4 COLLATE utf8mb4_general_ci NOT NULL COMMENT '公告类型（1通知 2公告）',
  `notice_content` longblob NULL COMMENT '公告内容',
  `status` char(1) CHARACTER SET utf8mb4 COLLATE utf8mb4_general_ci NULL DEFAULT '0' COMMENT '公告状态（0正常 1关闭）',
  `create_by` varchar(64) CHARACTER SET utf8mb4 COLLATE utf8mb4_general_ci NULL DEFAULT '' COMMENT '创建者',
  `create_time` datetime(0) NULL DEFAULT NULL COMMENT '创建时间',
  `update_by` varchar(64) CHARACTER SET utf8mb4 COLLATE utf8mb4_general_ci NULL DEFAULT '' COMMENT '更新者',
  `update_time` datetime(0) NULL DEFAULT NULL COMMENT '更新时间',
  `remark` varchar(255) CHARACTER SET utf8mb4 COLLATE utf8mb4_general_ci NULL DEFAULT NULL COMMENT '备注',
  PRIMARY KEY (`notice_id`) USING BTREE
) ENGINE = InnoDB AUTO_INCREMENT = 10 CHARACTER SET = utf8mb4 COLLATE = utf8mb4_general_ci COMMENT = '通知公告表' ROW_FORMAT = Dynamic;

-- ----------------------------
-- Records of sys_notice
-- ----------------------------
INSERT INTO `sys_notice` VALUES (1, '温馨提醒：2018-07-01 若依新版本发布啦', '2', 0xE696B0E78988E69CACE58685E5AEB9, '0', 'admin', '2023-04-24 11:17:26', '', NULL, '管理员');
INSERT INTO `sys_notice` VALUES (2, '维护通知：2018-07-01 若依系统凌晨维护', '1', 0xE7BBB4E68AA4E58685E5AEB9, '0', 'admin', '2023-04-24 11:17:26', '', NULL, '管理员');

-- ----------------------------
-- Table structure for sys_oper_log
-- ----------------------------
DROP TABLE IF EXISTS `sys_oper_log`;
CREATE TABLE `sys_oper_log`  (
  `oper_id` bigint(20) NOT NULL AUTO_INCREMENT COMMENT '日志主键',
  `title` varchar(50) CHARACTER SET utf8mb4 COLLATE utf8mb4_general_ci NULL DEFAULT '' COMMENT '模块标题',
  `business_type` int(2) NULL DEFAULT 0 COMMENT '业务类型（0其它 1新增 2修改 3删除）',
  `method` varchar(100) CHARACTER SET utf8mb4 COLLATE utf8mb4_general_ci NULL DEFAULT '' COMMENT '方法名称',
  `request_method` varchar(10) CHARACTER SET utf8mb4 COLLATE utf8mb4_general_ci NULL DEFAULT '' COMMENT '请求方式',
  `operator_type` int(1) NULL DEFAULT 0 COMMENT '操作类别（0其它 1后台用户 2手机端用户）',
  `oper_name` varchar(50) CHARACTER SET utf8mb4 COLLATE utf8mb4_general_ci NULL DEFAULT '' COMMENT '操作人员',
  `dept_name` varchar(50) CHARACTER SET utf8mb4 COLLATE utf8mb4_general_ci NULL DEFAULT '' COMMENT '部门名称',
  `oper_url` varchar(255) CHARACTER SET utf8mb4 COLLATE utf8mb4_general_ci NULL DEFAULT '' COMMENT '请求URL',
  `oper_ip` varchar(128) CHARACTER SET utf8mb4 COLLATE utf8mb4_general_ci NULL DEFAULT '' COMMENT '主机地址',
  `oper_location` varchar(255) CHARACTER SET utf8mb4 COLLATE utf8mb4_general_ci NULL DEFAULT '' COMMENT '操作地点',
  `oper_param` varchar(2000) CHARACTER SET utf8mb4 COLLATE utf8mb4_general_ci NULL DEFAULT '' COMMENT '请求参数',
  `json_result` varchar(2000) CHARACTER SET utf8mb4 COLLATE utf8mb4_general_ci NULL DEFAULT '' COMMENT '返回参数',
  `status` int(1) NULL DEFAULT 0 COMMENT '操作状态（0正常 1异常）',
  `error_msg` varchar(2000) CHARACTER SET utf8mb4 COLLATE utf8mb4_general_ci NULL DEFAULT '' COMMENT '错误消息',
  `oper_time` datetime(0) NULL DEFAULT NULL COMMENT '操作时间',
  `cost_time` bigint(20) NULL DEFAULT 0 COMMENT '消耗时间',
  PRIMARY KEY (`oper_id`) USING BTREE,
  INDEX `idx_sys_oper_log_bt`(`business_type`) USING BTREE,
  INDEX `idx_sys_oper_log_s`(`status`) USING BTREE,
  INDEX `idx_sys_oper_log_ot`(`oper_time`) USING BTREE
) ENGINE = InnoDB AUTO_INCREMENT = 210 CHARACTER SET = utf8mb4 COLLATE = utf8mb4_general_ci COMMENT = '操作日志记录' ROW_FORMAT = Dynamic;

-- ----------------------------
-- Records of sys_oper_log
-- ----------------------------
INSERT INTO `sys_oper_log` VALUES (100, '菜单管理', 1, 'com.ruoyi.web.controller.system.SysMenuController.add()', 'POST', 1, 'admin', NULL, '/system/menu', '127.0.0.1', '内网IP', '{\"children\":[],\"createBy\":\"admin\",\"icon\":\"build\",\"isCache\":\"0\",\"isFrame\":\"1\",\"menuName\":\"测试\",\"menuType\":\"M\",\"orderNum\":1,\"params\":{},\"parentId\":0,\"path\":\"plat\",\"status\":\"0\",\"visible\":\"0\"}', '{\"msg\":\"操作成功\",\"code\":200}', 0, NULL, '2023-04-24 11:25:10', 13);
INSERT INTO `sys_oper_log` VALUES (101, '题目', 5, 'com.ruoyi.plat.controller.QuestionsController.export()', 'POST', 1, 'admin', NULL, '/plat/questions/export', '127.0.0.1', '内网IP', '{\"pageSize\":\"10\",\"type\":\"1\",\"pageNum\":\"1\"}', NULL, 0, NULL, '2023-04-24 14:07:39', 595);
INSERT INTO `sys_oper_log` VALUES (102, '题目', 5, 'com.ruoyi.plat.controller.QuestionsController.export()', 'POST', 1, 'admin', NULL, '/plat/questions/export', '127.0.0.1', '内网IP', '{\"pageSize\":\"10\",\"pageNum\":\"1\"}', NULL, 0, NULL, '2023-04-25 16:04:38', 599);
INSERT INTO `sys_oper_log` VALUES (103, '题目', 5, 'com.ruoyi.plat.controller.QuestionsController.export()', 'POST', 1, 'admin', NULL, '/plat/questions/export', '127.0.0.1', '内网IP', '{\"pageSize\":\"10\",\"pageNum\":\"1\"}', NULL, 0, NULL, '2023-04-25 16:06:09', 583);
INSERT INTO `sys_oper_log` VALUES (104, '菜单管理', 1, 'com.ruoyi.web.controller.system.SysMenuController.add()', 'POST', 1, 'admin', NULL, '/system/menu', '127.0.0.1', '内网IP', '{\"children\":[],\"createBy\":\"admin\",\"isCache\":\"0\",\"isFrame\":\"1\",\"menuName\":\"上传题目\",\"menuType\":\"F\",\"orderNum\":8,\"params\":{},\"parentId\":2000,\"perms\":\"plat:questions:import\",\"status\":\"0\",\"visible\":\"0\"}', '{\"msg\":\"操作成功\",\"code\":200}', 0, NULL, '2023-04-25 16:24:26', 15);
INSERT INTO `sys_oper_log` VALUES (105, '菜单管理', 2, 'com.ruoyi.web.controller.system.SysMenuController.edit()', 'PUT', 1, 'admin', NULL, '/system/menu', '127.0.0.1', '内网IP', '{\"children\":[],\"createTime\":\"2023-04-24 11:25:09\",\"icon\":\"system\",\"isCache\":\"0\",\"isFrame\":\"1\",\"menuId\":2006,\"menuName\":\"平台管理\",\"menuType\":\"M\",\"orderNum\":1,\"params\":{},\"parentId\":0,\"path\":\"plat\",\"perms\":\"\",\"status\":\"0\",\"updateBy\":\"admin\",\"visible\":\"0\"}', '{\"msg\":\"操作成功\",\"code\":200}', 0, NULL, '2023-04-25 16:25:49', 12);
INSERT INTO `sys_oper_log` VALUES (106, '菜单管理', 2, 'com.ruoyi.web.controller.system.SysMenuController.edit()', 'PUT', 1, 'admin', NULL, '/system/menu', '127.0.0.1', '内网IP', '{\"children\":[],\"component\":\"plat/questions/index\",\"createTime\":\"2023-04-24 11:20:04\",\"icon\":\"question\",\"isCache\":\"0\",\"isFrame\":\"1\",\"menuId\":2000,\"menuName\":\"题目管理\",\"menuType\":\"C\",\"orderNum\":1,\"params\":{},\"parentId\":2006,\"path\":\"questions\",\"perms\":\"plat:questions:list\",\"status\":\"0\",\"updateBy\":\"admin\",\"visible\":\"0\"}', '{\"msg\":\"操作成功\",\"code\":200}', 0, NULL, '2023-04-25 16:26:25', 13);
INSERT INTO `sys_oper_log` VALUES (107, '用户管理', 5, 'com.ruoyi.web.controller.system.SysUserController.export()', 'POST', 1, 'admin', NULL, '/system/user/export', '127.0.0.1', '内网IP', '{\"pageSize\":\"10\",\"pageNum\":\"1\"}', NULL, 0, NULL, '2023-04-25 16:59:06', 87);
INSERT INTO `sys_oper_log` VALUES (108, '题目', 5, 'com.ruoyi.plat.controller.QuestionsController.export()', 'POST', 1, 'admin', NULL, '/plat/questions/export', '127.0.0.1', '内网IP', '{\"22\":\"5\",\"23\":\".\",\"24\":\"x\",\"25\":\"l\",\"26\":\"s\",\"27\":\"x\",\"10\":\"1\",\"11\":\"6\",\"12\":\"8\",\"13\":\"2\",\"14\":\"4\",\"15\":\"1\",\"16\":\"3\",\"17\":\"9\",\"18\":\"0\",\"19\":\"2\",\"0\":\"q\",\"1\":\"u\",\"2\":\"e\",\"3\":\"s\",\"4\":\"t\",\"5\":\"i\",\"6\":\"o\",\"7\":\"n\",\"8\":\"s\",\"9\":\"_\",\"20\":\"4\",\"21\":\"4\"}', NULL, 0, NULL, '2023-04-25 17:11:43', 495);
INSERT INTO `sys_oper_log` VALUES (109, '题目', 5, 'com.ruoyi.plat.controller.QuestionsController.export()', 'POST', 1, 'admin', NULL, '/plat/questions/export', '127.0.0.1', '内网IP', '{\"22\":\"1\",\"23\":\".\",\"24\":\"x\",\"25\":\"l\",\"26\":\"s\",\"27\":\"x\",\"10\":\"1\",\"11\":\"6\",\"12\":\"8\",\"13\":\"2\",\"14\":\"4\",\"15\":\"1\",\"16\":\"3\",\"17\":\"9\",\"18\":\"3\",\"19\":\"0\",\"0\":\"q\",\"1\":\"u\",\"2\":\"e\",\"3\":\"s\",\"4\":\"t\",\"5\":\"i\",\"6\":\"o\",\"7\":\"n\",\"8\":\"s\",\"9\":\"_\",\"20\":\"5\",\"21\":\"0\"}', NULL, 0, NULL, '2023-04-25 17:12:10', 35);
INSERT INTO `sys_oper_log` VALUES (110, '题目', 5, 'com.ruoyi.plat.controller.QuestionsController.export()', 'POST', 1, 'admin', NULL, '/plat/questions/export', '127.0.0.1', '内网IP', '{\"22\":\"2\",\"23\":\".\",\"24\":\"x\",\"25\":\"l\",\"26\":\"s\",\"27\":\"x\",\"10\":\"1\",\"11\":\"6\",\"12\":\"8\",\"13\":\"2\",\"14\":\"4\",\"15\":\"1\",\"16\":\"3\",\"17\":\"9\",\"18\":\"6\",\"19\":\"1\",\"0\":\"q\",\"1\":\"u\",\"2\":\"e\",\"3\":\"s\",\"4\":\"t\",\"5\":\"i\",\"6\":\"o\",\"7\":\"n\",\"8\":\"s\",\"9\":\"_\",\"20\":\"0\",\"21\":\"5\"}', NULL, 0, NULL, '2023-04-25 17:12:41', 30);
INSERT INTO `sys_oper_log` VALUES (111, '题目', 5, 'com.ruoyi.plat.controller.QuestionsController.export()', 'POST', 1, 'admin', NULL, '/plat/questions/export', '127.0.0.1', '内网IP', '{\"22\":\"0\",\"23\":\".\",\"24\":\"x\",\"25\":\"l\",\"26\":\"s\",\"27\":\"x\",\"10\":\"1\",\"11\":\"6\",\"12\":\"8\",\"13\":\"2\",\"14\":\"4\",\"15\":\"1\",\"16\":\"3\",\"17\":\"9\",\"18\":\"9\",\"19\":\"0\",\"0\":\"q\",\"1\":\"u\",\"2\":\"e\",\"3\":\"s\",\"4\":\"t\",\"5\":\"i\",\"6\":\"o\",\"7\":\"n\",\"8\":\"s\",\"9\":\"_\",\"20\":\"6\",\"21\":\"3\"}', NULL, 0, NULL, '2023-04-25 17:13:11', 36);
INSERT INTO `sys_oper_log` VALUES (112, '题目', 5, 'com.ruoyi.plat.controller.QuestionsController.export()', 'POST', 1, 'admin', NULL, '/plat/questions/export', '127.0.0.1', '内网IP', '{\"22\":\"8\",\"23\":\".\",\"24\":\"x\",\"25\":\"l\",\"26\":\"s\",\"27\":\"x\",\"10\":\"1\",\"11\":\"6\",\"12\":\"8\",\"13\":\"2\",\"14\":\"4\",\"15\":\"1\",\"16\":\"4\",\"17\":\"0\",\"18\":\"5\",\"19\":\"6\",\"0\":\"q\",\"1\":\"u\",\"2\":\"e\",\"3\":\"s\",\"4\":\"t\",\"5\":\"i\",\"6\":\"o\",\"7\":\"n\",\"8\":\"s\",\"9\":\"_\",\"20\":\"2\",\"21\":\"9\"}', NULL, 0, NULL, '2023-04-25 17:14:17', 504);
INSERT INTO `sys_oper_log` VALUES (113, '题目', 5, 'com.ruoyi.plat.controller.QuestionsController.export()', 'POST', 1, 'admin', NULL, '/plat/questions/export', '127.0.0.1', '内网IP', '{\"22\":\"3\",\"23\":\".\",\"24\":\"x\",\"25\":\"l\",\"26\":\"s\",\"27\":\"x\",\"10\":\"1\",\"11\":\"6\",\"12\":\"8\",\"13\":\"2\",\"14\":\"4\",\"15\":\"1\",\"16\":\"4\",\"17\":\"1\",\"18\":\"2\",\"19\":\"6\",\"0\":\"q\",\"1\":\"u\",\"2\":\"e\",\"3\":\"s\",\"4\":\"t\",\"5\":\"i\",\"6\":\"o\",\"7\":\"n\",\"8\":\"s\",\"9\":\"_\",\"20\":\"0\",\"21\":\"6\"}', NULL, 0, NULL, '2023-04-25 17:15:26', 47);
INSERT INTO `sys_oper_log` VALUES (114, '题目', 5, 'com.ruoyi.plat.controller.QuestionsController.export()', 'POST', 1, 'admin', NULL, '/plat/questions/export', '127.0.0.1', '内网IP', '{\"22\":\"4\",\"23\":\".\",\"24\":\"x\",\"25\":\"l\",\"26\":\"s\",\"27\":\"x\",\"10\":\"1\",\"11\":\"6\",\"12\":\"8\",\"13\":\"2\",\"14\":\"4\",\"15\":\"1\",\"16\":\"4\",\"17\":\"1\",\"18\":\"3\",\"19\":\"0\",\"0\":\"q\",\"1\":\"u\",\"2\":\"e\",\"3\":\"s\",\"4\":\"t\",\"5\":\"i\",\"6\":\"o\",\"7\":\"n\",\"8\":\"s\",\"9\":\"_\",\"20\":\"6\",\"21\":\"9\"}', NULL, 0, NULL, '2023-04-25 17:15:30', 37);
INSERT INTO `sys_oper_log` VALUES (115, '题目', 5, 'com.ruoyi.plat.controller.QuestionsController.export()', 'POST', 1, 'admin', NULL, '/plat/questions/export', '127.0.0.1', '内网IP', '{\"pageSize\":\"10\",\"pageNum\":\"1\"}', NULL, 0, NULL, '2023-04-25 17:16:27', 26);
INSERT INTO `sys_oper_log` VALUES (116, '题目', 5, 'com.ruoyi.plat.controller.QuestionsController.export()', 'POST', 1, 'admin', NULL, '/plat/questions/export', '127.0.0.1', '内网IP', '{\"pageSize\":\"10\",\"pageNum\":\"1\"}', NULL, 0, NULL, '2023-04-25 21:23:04', 652);
INSERT INTO `sys_oper_log` VALUES (117, '题目', 5, 'com.ruoyi.plat.controller.QuestionsController.export()', 'POST', 1, 'admin', NULL, '/plat/questions/export', '127.0.0.1', '内网IP', '{\"pageSize\":\"10\",\"pageNum\":\"1\"}', NULL, 0, NULL, '2023-04-25 21:34:29', 30);
INSERT INTO `sys_oper_log` VALUES (118, '用户管理', 6, 'com.ruoyi.web.controller.system.SysUserController.importData()', 'POST', 1, 'admin', NULL, '/system/user/importData', '127.0.0.1', '内网IP', '{\"updateSupport\":\"0\"}', NULL, 1, '', '2023-04-25 21:38:05', 185);
INSERT INTO `sys_oper_log` VALUES (119, '题目', 1, 'com.ruoyi.plat.controller.QuestionsController.add()', 'POST', 1, 'admin', NULL, '/plat/questions', '127.0.0.1', '内网IP', '{\"content\":\"1\",\"correct\":\"1\",\"createTime\":\"2023-04-25 22:03:37\",\"id\":1,\"isDelete\":1,\"optionA\":\"1\",\"optionB\":\"1\",\"optionC\":\"1\",\"optionD\":\"1\",\"params\":{}}', '{\"msg\":\"操作成功\",\"code\":200}', 0, NULL, '2023-04-25 22:03:37', 31);
INSERT INTO `sys_oper_log` VALUES (120, '题目', 5, 'com.ruoyi.plat.controller.QuestionsController.export()', 'POST', 1, 'admin', NULL, '/plat/questions/export', '127.0.0.1', '内网IP', '{\"pageSize\":\"10\",\"type\":\"1\",\"pageNum\":\"1\"}', NULL, 0, NULL, '2023-04-25 22:35:26', 505);
INSERT INTO `sys_oper_log` VALUES (121, '题目', 3, 'com.ruoyi.plat.controller.QuestionsController.remove()', 'DELETE', 1, 'admin', NULL, '/plat/questions/1', '127.0.0.1', '内网IP', '{}', '{\"msg\":\"操作成功\",\"code\":200}', 0, NULL, '2023-04-25 22:36:28', 13);
INSERT INTO `sys_oper_log` VALUES (122, '代码生成', 6, 'com.ruoyi.generator.controller.GenController.importTableSave()', 'POST', 1, 'admin', NULL, '/tool/gen/importTable', '127.0.0.1', '内网IP', '{\"tables\":\"information,post,message\"}', '{\"msg\":\"操作成功\",\"code\":200}', 0, NULL, '2023-04-25 22:41:45', 163);
INSERT INTO `sys_oper_log` VALUES (123, '代码生成', 6, 'com.ruoyi.generator.controller.GenController.importTableSave()', 'POST', 1, 'admin', NULL, '/tool/gen/importTable', '127.0.0.1', '内网IP', '{\"tables\":\"user,questions\"}', '{\"msg\":\"操作成功\",\"code\":200}', 0, NULL, '2023-04-25 22:41:53', 66);
INSERT INTO `sys_oper_log` VALUES (124, '代码生成', 2, 'com.ruoyi.generator.controller.GenController.editSave()', 'PUT', 1, 'admin', NULL, '/tool/gen', '127.0.0.1', '内网IP', '{\"businessName\":\"user\",\"className\":\"User\",\"columns\":[{\"capJavaField\":\"Username\",\"columnComment\":\"用户昵称\",\"columnId\":46,\"columnName\":\"username\",\"columnType\":\"varchar(256)\",\"createBy\":\"admin\",\"createTime\":\"2023-04-25 22:41:53\",\"dictType\":\"\",\"edit\":true,\"htmlType\":\"input\",\"increment\":false,\"insert\":true,\"isEdit\":\"1\",\"isIncrement\":\"0\",\"isInsert\":\"1\",\"isList\":\"1\",\"isPk\":\"0\",\"isQuery\":\"1\",\"javaField\":\"username\",\"javaType\":\"String\",\"list\":true,\"params\":{},\"pk\":false,\"query\":true,\"queryType\":\"LIKE\",\"required\":false,\"sort\":1,\"superColumn\":false,\"tableId\":5,\"updateBy\":\"\",\"usableColumn\":false},{\"capJavaField\":\"Id\",\"columnComment\":\"id\",\"columnId\":47,\"columnName\":\"id\",\"columnType\":\"bigint\",\"createBy\":\"admin\",\"createTime\":\"2023-04-25 22:41:53\",\"dictType\":\"\",\"edit\":false,\"htmlType\":\"input\",\"increment\":true,\"insert\":true,\"isIncrement\":\"1\",\"isInsert\":\"1\",\"isPk\":\"1\",\"javaField\":\"id\",\"javaType\":\"Long\",\"list\":false,\"params\":{},\"pk\":true,\"query\":false,\"queryType\":\"EQ\",\"required\":false,\"sort\":2,\"superColumn\":false,\"tableId\":5,\"updateBy\":\"\",\"usableColumn\":false},{\"capJavaField\":\"Email\",\"columnComment\":\"邮箱\",\"columnId\":48,\"columnName\":\"email\",\"columnType\":\"varchar(512)\",\"createBy\":\"admin\",\"createTime\":\"2023-04-25 22:41:53\",\"dictType\":\"\",\"edit\":true,\"htmlType\":\"textarea\",\"increment\":false,\"insert\":true,\"isEdit\":\"1\",\"isIncrement\":\"0\",\"isInsert\":\"1\",\"isList\":\"1\",\"isPk\":\"0\",\"isQuery\":\"1\",\"javaField\":\"email\",\"javaType\":\"String\",\"list\":true,\"params\":{},\"pk\":false,\"query\":true,\"queryType\":\"EQ\",\"required\":false,\"sort\":3,\"superColumn\":false,\"tableId\":5,\"updateBy\":\"\",\"usableColumn\":false},{\"capJavaField\":\"AvatarUrl\",\"columnComment\":\"用户头像\",\"columnId\":49,\"columnName\":\"avatarUrl\",\"columnType\":\"varchar(1024)\",\"createBy\":\"admin\",\"createTime\":\"2023-04-25 22:41:53\",\"dictType\":\"\",\"edit\":true,\"htmlType\":\"textarea\",\"increment\":false,\"insert\":true,\"isEdit\":\"1\",\"isIncrement\":\"0\",\"isInsert\":\"1\",\"isList\":\"1\",\"isPk\":\"0\",\"isQuery\":\"1\",\"javaField\":\"avatarUrl\",\"javaType\":\"String\",\"list\":true,\"params\":{},\"pk\":false,\"quer', '{\"msg\":\"操作成功\",\"code\":200}', 0, NULL, '2023-04-25 22:44:27', 47);
INSERT INTO `sys_oper_log` VALUES (125, '代码生成', 8, 'com.ruoyi.generator.controller.GenController.batchGenCode()', 'GET', 1, 'admin', NULL, '/tool/gen/batchGenCode', '127.0.0.1', '内网IP', '{\"tables\":\"user\"}', NULL, 0, NULL, '2023-04-25 22:44:30', 214);
INSERT INTO `sys_oper_log` VALUES (126, '菜单管理', 2, 'com.ruoyi.web.controller.system.SysMenuController.edit()', 'PUT', 1, 'admin', NULL, '/system/menu', '127.0.0.1', '内网IP', '{\"children\":[],\"component\":\"plat/user/index\",\"createTime\":\"2023-04-26 08:38:42\",\"icon\":\"user\",\"isCache\":\"0\",\"isFrame\":\"1\",\"menuId\":2008,\"menuName\":\"用户管理\",\"menuType\":\"C\",\"orderNum\":1,\"params\":{},\"parentId\":2006,\"path\":\"user\",\"perms\":\"plat:user:list\",\"status\":\"0\",\"updateBy\":\"admin\",\"visible\":\"0\"}', '{\"msg\":\"操作成功\",\"code\":200}', 0, NULL, '2023-04-26 08:59:11', 29);
INSERT INTO `sys_oper_log` VALUES (127, '用户', 2, 'com.ruoyi.plat.controller.UserController.edit()', 'PUT', 1, 'admin', NULL, '/plat/user', '127.0.0.1', '内网IP', '{\"id\":1011,\"params\":{},\"updateTime\":\"2023-04-26 09:48:53\"}', '{\"msg\":\"操作成功\",\"code\":200}', 0, NULL, '2023-04-26 09:48:53', 21);
INSERT INTO `sys_oper_log` VALUES (128, '用户', 2, 'com.ruoyi.plat.controller.UserController.edit()', 'PUT', 1, 'admin', NULL, '/plat/user', '127.0.0.1', '内网IP', '{\"id\":1011,\"params\":{},\"updateTime\":\"2023-04-26 09:49:30\"}', '{\"msg\":\"操作成功\",\"code\":200}', 0, NULL, '2023-04-26 09:49:30', 7);
INSERT INTO `sys_oper_log` VALUES (129, '用户', 2, 'com.ruoyi.plat.controller.UserController.edit()', 'PUT', 1, 'admin', NULL, '/plat/user', '127.0.0.1', '内网IP', '{\"id\":1011,\"params\":{},\"updateTime\":\"2023-04-26 09:49:46\"}', '{\"msg\":\"操作成功\",\"code\":200}', 0, NULL, '2023-04-26 09:49:46', 4);
INSERT INTO `sys_oper_log` VALUES (130, '用户', 2, 'com.ruoyi.plat.controller.UserController.edit()', 'PUT', 1, 'admin', NULL, '/plat/user', '127.0.0.1', '内网IP', '{\"id\":1011,\"params\":{},\"updateTime\":\"2023-04-26 09:50:56\"}', '{\"msg\":\"操作成功\",\"code\":200}', 0, NULL, '2023-04-26 09:50:56', 6);
INSERT INTO `sys_oper_log` VALUES (131, '用户', 2, 'com.ruoyi.plat.controller.UserController.edit()', 'PUT', 1, 'admin', NULL, '/plat/user', '127.0.0.1', '内网IP', '{\"id\":1011,\"params\":{},\"updateTime\":\"2023-04-26 09:51:50\",\"userStatus\":0}', '{\"msg\":\"操作成功\",\"code\":200}', 0, NULL, '2023-04-26 09:51:50', 0);
INSERT INTO `sys_oper_log` VALUES (132, '用户', 2, 'com.ruoyi.plat.controller.UserController.edit()', 'PUT', 1, 'admin', NULL, '/plat/user', '127.0.0.1', '内网IP', '{\"id\":1011,\"params\":{},\"updateTime\":\"2023-04-26 09:52:02\",\"userStatus\":0}', '{\"msg\":\"操作成功\",\"code\":200}', 0, NULL, '2023-04-26 09:52:02', 4);
INSERT INTO `sys_oper_log` VALUES (133, '用户', 2, 'com.ruoyi.plat.controller.UserController.edit()', 'PUT', 1, 'admin', NULL, '/plat/user', '127.0.0.1', '内网IP', '{\"id\":1011,\"params\":{},\"updateTime\":\"2023-04-26 09:52:44\",\"userStatus\":0}', '{\"msg\":\"操作成功\",\"code\":200}', 0, NULL, '2023-04-26 09:52:44', 8);
INSERT INTO `sys_oper_log` VALUES (134, '用户', 2, 'com.ruoyi.plat.controller.UserController.edit()', 'PUT', 1, 'admin', NULL, '/plat/user', '127.0.0.1', '内网IP', '{\"id\":1011,\"params\":{},\"updateTime\":\"2023-04-26 09:55:16\",\"userStatus\":1}', '{\"msg\":\"操作成功\",\"code\":200}', 0, NULL, '2023-04-26 09:55:16', 7);
INSERT INTO `sys_oper_log` VALUES (135, '用户', 2, 'com.ruoyi.plat.controller.UserController.edit()', 'PUT', 1, 'admin', NULL, '/plat/user', '127.0.0.1', '内网IP', '{\"id\":1011,\"params\":{},\"updateTime\":\"2023-04-26 09:55:50\",\"userStatus\":0}', '{\"msg\":\"操作成功\",\"code\":200}', 0, NULL, '2023-04-26 09:55:50', 9);
INSERT INTO `sys_oper_log` VALUES (136, '用户', 2, 'com.ruoyi.plat.controller.UserController.edit()', 'PUT', 1, 'admin', NULL, '/plat/user', '127.0.0.1', '内网IP', '{\"id\":1011,\"params\":{},\"updateTime\":\"2023-04-26 09:56:08\",\"userStatus\":0}', '{\"msg\":\"操作成功\",\"code\":200}', 0, NULL, '2023-04-26 09:56:08', 8);
INSERT INTO `sys_oper_log` VALUES (137, '用户', 2, 'com.ruoyi.plat.controller.UserController.edit()', 'PUT', 1, 'admin', NULL, '/plat/user', '127.0.0.1', '内网IP', '{\"id\":1011,\"params\":{},\"updateTime\":\"2023-04-26 09:56:38\",\"userStatus\":0}', '{\"msg\":\"操作成功\",\"code\":200}', 0, NULL, '2023-04-26 09:56:38', 7);
INSERT INTO `sys_oper_log` VALUES (138, '用户', 2, 'com.ruoyi.plat.controller.UserController.edit()', 'PUT', 1, 'admin', NULL, '/plat/user', '127.0.0.1', '内网IP', '{\"id\":1011,\"params\":{},\"updateTime\":\"2023-04-26 09:56:59\",\"userStatus\":0}', '{\"msg\":\"操作成功\",\"code\":200}', 0, NULL, '2023-04-26 09:56:59', 7);
INSERT INTO `sys_oper_log` VALUES (139, '用户', 2, 'com.ruoyi.plat.controller.UserController.edit()', 'PUT', 1, 'admin', NULL, '/plat/user', '127.0.0.1', '内网IP', '{\"id\":1011,\"params\":{},\"updateTime\":\"2023-04-26 09:57:17\",\"userStatus\":0}', '{\"msg\":\"操作成功\",\"code\":200}', 0, NULL, '2023-04-26 09:57:17', 8);
INSERT INTO `sys_oper_log` VALUES (140, '用户', 2, 'com.ruoyi.plat.controller.UserController.edit()', 'PUT', 1, 'admin', NULL, '/plat/user', '127.0.0.1', '内网IP', '{\"id\":1011,\"params\":{},\"updateTime\":\"2023-04-26 09:58:28\",\"userStatus\":0}', '{\"msg\":\"操作成功\",\"code\":200}', 0, NULL, '2023-04-26 09:58:28', 7);
INSERT INTO `sys_oper_log` VALUES (141, '用户', 2, 'com.ruoyi.plat.controller.UserController.edit()', 'PUT', 1, 'admin', NULL, '/plat/user', '127.0.0.1', '内网IP', '{\"id\":1011,\"params\":{},\"updateTime\":\"2023-04-26 09:58:53\",\"userStatus\":0}', '{\"msg\":\"操作成功\",\"code\":200}', 0, NULL, '2023-04-26 09:58:53', 8);
INSERT INTO `sys_oper_log` VALUES (142, '用户', 2, 'com.ruoyi.plat.controller.UserController.edit()', 'PUT', 1, 'admin', NULL, '/plat/user', '127.0.0.1', '内网IP', '{\"id\":1011,\"params\":{},\"updateTime\":\"2023-04-26 10:00:57\",\"userStatus\":1}', '{\"msg\":\"操作成功\",\"code\":200}', 0, NULL, '2023-04-26 10:00:57', 8);
INSERT INTO `sys_oper_log` VALUES (143, '用户', 2, 'com.ruoyi.plat.controller.UserController.edit()', 'PUT', 1, 'admin', NULL, '/plat/user', '127.0.0.1', '内网IP', '{\"id\":1011,\"params\":{},\"updateTime\":\"2023-04-26 10:01:09\",\"userStatus\":0}', '{\"msg\":\"操作成功\",\"code\":200}', 0, NULL, '2023-04-26 10:01:10', 6);
INSERT INTO `sys_oper_log` VALUES (144, '用户', 2, 'com.ruoyi.plat.controller.UserController.edit()', 'PUT', 1, 'admin', NULL, '/plat/user', '127.0.0.1', '内网IP', '{\"avatarUrl\":\"http://cdn.haoyang666.fun/school/person/person-avatar/mmexport1673884050063.jpg\",\"birthday\":\"2023-03-03\",\"correctNum\":0,\"createTime\":\"2023-03-12 22:44:00\",\"email\":\"2804821936@qq.com\",\"gender\":1,\"id\":1011,\"isDelete\":0,\"params\":{},\"profile\":\"君子之德风，小人之德草，草上之风，必偃。\",\"questionNum\":0,\"updateTime\":\"2023-04-26 10:04:32\",\"userPassword\":\"7eee07c4c334306b51c4f12691432d89\",\"userRole\":1,\"userStatus\":0,\"username\":\"管理员\"}', '{\"msg\":\"操作成功\",\"code\":200}', 0, NULL, '2023-04-26 10:04:32', 8);
INSERT INTO `sys_oper_log` VALUES (145, '代码生成', 2, 'com.ruoyi.generator.controller.GenController.editSave()', 'PUT', 1, 'admin', NULL, '/tool/gen', '127.0.0.1', '内网IP', '{\"businessName\":\"post\",\"className\":\"Post\",\"columns\":[{\"capJavaField\":\"Id\",\"columnComment\":\"id\",\"columnId\":20,\"columnName\":\"id\",\"columnType\":\"bigint\",\"createBy\":\"admin\",\"createTime\":\"2023-04-25 22:41:45\",\"dictType\":\"\",\"edit\":false,\"htmlType\":\"input\",\"increment\":true,\"insert\":true,\"isIncrement\":\"1\",\"isInsert\":\"1\",\"isPk\":\"1\",\"javaField\":\"id\",\"javaType\":\"Long\",\"list\":false,\"params\":{},\"pk\":true,\"query\":false,\"queryType\":\"EQ\",\"required\":false,\"sort\":1,\"superColumn\":false,\"tableId\":3,\"updateBy\":\"\",\"usableColumn\":false},{\"capJavaField\":\"Description\",\"columnComment\":\"描述\",\"columnId\":21,\"columnName\":\"description\",\"columnType\":\"text\",\"createBy\":\"admin\",\"createTime\":\"2023-04-25 22:41:45\",\"dictType\":\"\",\"edit\":true,\"htmlType\":\"textarea\",\"increment\":false,\"insert\":true,\"isEdit\":\"1\",\"isIncrement\":\"0\",\"isInsert\":\"1\",\"isList\":\"1\",\"isPk\":\"0\",\"isQuery\":\"1\",\"javaField\":\"description\",\"javaType\":\"String\",\"list\":true,\"params\":{},\"pk\":false,\"query\":true,\"queryType\":\"EQ\",\"required\":false,\"sort\":2,\"superColumn\":false,\"tableId\":3,\"updateBy\":\"\",\"usableColumn\":false},{\"capJavaField\":\"Content\",\"columnComment\":\"内容\",\"columnId\":22,\"columnName\":\"content\",\"columnType\":\"text\",\"createBy\":\"admin\",\"createTime\":\"2023-04-25 22:41:45\",\"dictType\":\"\",\"edit\":true,\"htmlType\":\"textarea\",\"increment\":false,\"insert\":true,\"isEdit\":\"1\",\"isIncrement\":\"0\",\"isInsert\":\"1\",\"isList\":\"1\",\"isPk\":\"0\",\"isQuery\":\"1\",\"javaField\":\"content\",\"javaType\":\"String\",\"list\":true,\"params\":{},\"pk\":false,\"query\":true,\"queryType\":\"EQ\",\"required\":false,\"sort\":3,\"superColumn\":false,\"tableId\":3,\"updateBy\":\"\",\"usableColumn\":false},{\"capJavaField\":\"Photo\",\"columnComment\":\"照片地址\",\"columnId\":23,\"columnName\":\"photo\",\"columnType\":\"varchar(1024)\",\"createBy\":\"admin\",\"createTime\":\"2023-04-25 22:41:45\",\"dictType\":\"\",\"edit\":true,\"htmlType\":\"textarea\",\"increment\":false,\"insert\":true,\"isEdit\":\"1\",\"isIncrement\":\"0\",\"isInsert\":\"1\",\"isList\":\"1\",\"isPk\":\"0\",\"isQuery\":\"1\",\"javaField\":\"photo\",\"javaType\":\"String\",\"list\":true,\"params\":{},\"pk\":false,\"query\":true,\"query', '{\"msg\":\"操作成功\",\"code\":200}', 0, NULL, '2023-04-26 10:08:35', 61);
INSERT INTO `sys_oper_log` VALUES (146, '代码生成', 8, 'com.ruoyi.generator.controller.GenController.batchGenCode()', 'GET', 1, 'admin', NULL, '/tool/gen/batchGenCode', '127.0.0.1', '内网IP', '{\"tables\":\"post\"}', NULL, 0, NULL, '2023-04-26 10:08:39', 234);
INSERT INTO `sys_oper_log` VALUES (147, '菜单管理', 2, 'com.ruoyi.web.controller.system.SysMenuController.edit()', 'PUT', 1, 'admin', NULL, '/system/menu', '127.0.0.1', '内网IP', '{\"children\":[],\"component\":\"plat/post/index\",\"createTime\":\"2023-04-26 10:35:48\",\"icon\":\"nested\",\"isCache\":\"0\",\"isFrame\":\"1\",\"menuId\":2014,\"menuName\":\"帖子管理\",\"menuType\":\"C\",\"orderNum\":1,\"params\":{},\"parentId\":2006,\"path\":\"post\",\"perms\":\"plat:post:list\",\"status\":\"0\",\"updateBy\":\"admin\",\"visible\":\"0\"}', '{\"msg\":\"操作成功\",\"code\":200}', 0, NULL, '2023-04-26 10:51:38', 19);
INSERT INTO `sys_oper_log` VALUES (148, '代码生成', 2, 'com.ruoyi.generator.controller.GenController.editSave()', 'PUT', 1, 'admin', NULL, '/tool/gen', '127.0.0.1', '内网IP', '{\"businessName\":\"information\",\"className\":\"Information\",\"columns\":[{\"capJavaField\":\"Id\",\"columnComment\":\"id\",\"columnId\":1,\"columnName\":\"id\",\"columnType\":\"int\",\"createBy\":\"admin\",\"createTime\":\"2023-04-25 22:41:45\",\"dictType\":\"\",\"edit\":false,\"htmlType\":\"input\",\"increment\":true,\"insert\":true,\"isIncrement\":\"1\",\"isInsert\":\"1\",\"isPk\":\"1\",\"javaField\":\"id\",\"javaType\":\"Long\",\"list\":false,\"params\":{},\"pk\":true,\"query\":false,\"queryType\":\"EQ\",\"required\":false,\"sort\":1,\"superColumn\":false,\"tableId\":1,\"updateBy\":\"\",\"usableColumn\":false},{\"capJavaField\":\"Title\",\"columnComment\":\"标题\",\"columnId\":2,\"columnName\":\"title\",\"columnType\":\"varchar(255)\",\"createBy\":\"admin\",\"createTime\":\"2023-04-25 22:41:45\",\"dictType\":\"\",\"edit\":true,\"htmlType\":\"input\",\"increment\":false,\"insert\":true,\"isEdit\":\"1\",\"isIncrement\":\"0\",\"isInsert\":\"1\",\"isList\":\"1\",\"isPk\":\"0\",\"isQuery\":\"1\",\"javaField\":\"title\",\"javaType\":\"String\",\"list\":true,\"params\":{},\"pk\":false,\"query\":true,\"queryType\":\"EQ\",\"required\":false,\"sort\":2,\"superColumn\":false,\"tableId\":1,\"updateBy\":\"\",\"usableColumn\":false},{\"capJavaField\":\"PutTime\",\"columnComment\":\"发表时间\",\"columnId\":3,\"columnName\":\"putTime\",\"columnType\":\"date\",\"createBy\":\"admin\",\"createTime\":\"2023-04-25 22:41:45\",\"dictType\":\"\",\"edit\":true,\"htmlType\":\"datetime\",\"increment\":false,\"insert\":true,\"isEdit\":\"1\",\"isIncrement\":\"0\",\"isInsert\":\"1\",\"isList\":\"1\",\"isPk\":\"0\",\"isQuery\":\"1\",\"javaField\":\"putTime\",\"javaType\":\"Date\",\"list\":true,\"params\":{},\"pk\":false,\"query\":true,\"queryType\":\"EQ\",\"required\":false,\"sort\":3,\"superColumn\":false,\"tableId\":1,\"updateBy\":\"\",\"usableColumn\":false},{\"capJavaField\":\"Source\",\"columnComment\":\"来源\",\"columnId\":4,\"columnName\":\"source\",\"columnType\":\"varchar(255)\",\"createBy\":\"admin\",\"createTime\":\"2023-04-25 22:41:45\",\"dictType\":\"\",\"edit\":true,\"htmlType\":\"input\",\"increment\":false,\"insert\":true,\"isEdit\":\"1\",\"isIncrement\":\"0\",\"isInsert\":\"1\",\"isList\":\"1\",\"isPk\":\"0\",\"isQuery\":\"1\",\"javaField\":\"source\",\"javaType\":\"String\",\"list\":true,\"params\":{},\"pk\":false,\"query\":true,\"queryType\":\"EQ', '{\"msg\":\"操作成功\",\"code\":200}', 0, NULL, '2023-04-26 11:32:56', 46);
INSERT INTO `sys_oper_log` VALUES (149, '代码生成', 8, 'com.ruoyi.generator.controller.GenController.batchGenCode()', 'GET', 1, 'admin', NULL, '/tool/gen/batchGenCode', '127.0.0.1', '内网IP', '{\"tables\":\"information\"}', NULL, 0, NULL, '2023-04-26 11:33:01', 188);
INSERT INTO `sys_oper_log` VALUES (150, '菜单管理', 2, 'com.ruoyi.web.controller.system.SysMenuController.edit()', 'PUT', 1, 'admin', NULL, '/system/menu', '127.0.0.1', '内网IP', '{\"children\":[],\"component\":\"plat/information/index\",\"createTime\":\"2023-04-26 11:35:32\",\"icon\":\"chart\",\"isCache\":\"0\",\"isFrame\":\"1\",\"menuId\":2020,\"menuName\":\"资讯管理\",\"menuType\":\"C\",\"orderNum\":1,\"params\":{},\"parentId\":2006,\"path\":\"information\",\"perms\":\"plat:information:list\",\"status\":\"0\",\"updateBy\":\"admin\",\"visible\":\"0\"}', '{\"msg\":\"操作成功\",\"code\":200}', 0, NULL, '2023-04-26 11:40:39', 24);
INSERT INTO `sys_oper_log` VALUES (151, '代码生成', 2, 'com.ruoyi.generator.controller.GenController.editSave()', 'PUT', 1, 'admin', NULL, '/tool/gen', '127.0.0.1', '内网IP', '{\"businessName\":\"message\",\"className\":\"Message\",\"columns\":[{\"capJavaField\":\"Id\",\"columnComment\":\"id\",\"columnId\":9,\"columnName\":\"id\",\"columnType\":\"bigint\",\"createBy\":\"admin\",\"createTime\":\"2023-04-25 22:41:45\",\"dictType\":\"\",\"edit\":false,\"htmlType\":\"input\",\"increment\":true,\"insert\":true,\"isIncrement\":\"1\",\"isInsert\":\"1\",\"isPk\":\"1\",\"javaField\":\"id\",\"javaType\":\"Long\",\"list\":false,\"params\":{},\"pk\":true,\"query\":false,\"queryType\":\"EQ\",\"required\":false,\"sort\":1,\"superColumn\":false,\"tableId\":2,\"updateBy\":\"\",\"usableColumn\":false},{\"capJavaField\":\"Title\",\"columnComment\":\"标题\",\"columnId\":10,\"columnName\":\"title\",\"columnType\":\"varchar(255)\",\"createBy\":\"admin\",\"createTime\":\"2023-04-25 22:41:45\",\"dictType\":\"\",\"edit\":true,\"htmlType\":\"input\",\"increment\":false,\"insert\":true,\"isEdit\":\"1\",\"isIncrement\":\"0\",\"isInsert\":\"1\",\"isList\":\"1\",\"isPk\":\"0\",\"isQuery\":\"1\",\"javaField\":\"title\",\"javaType\":\"String\",\"list\":true,\"params\":{},\"pk\":false,\"query\":true,\"queryType\":\"EQ\",\"required\":false,\"sort\":2,\"superColumn\":false,\"tableId\":2,\"updateBy\":\"\",\"usableColumn\":false},{\"capJavaField\":\"Content\",\"columnComment\":\"正文\",\"columnId\":11,\"columnName\":\"content\",\"columnType\":\"text\",\"createBy\":\"admin\",\"createTime\":\"2023-04-25 22:41:45\",\"dictType\":\"\",\"edit\":true,\"htmlType\":\"editor\",\"increment\":false,\"insert\":true,\"isEdit\":\"1\",\"isIncrement\":\"0\",\"isInsert\":\"1\",\"isList\":\"1\",\"isPk\":\"0\",\"isQuery\":\"1\",\"javaField\":\"content\",\"javaType\":\"String\",\"list\":true,\"params\":{},\"pk\":false,\"query\":true,\"queryType\":\"EQ\",\"required\":false,\"sort\":3,\"superColumn\":false,\"tableId\":2,\"updateBy\":\"\",\"usableColumn\":false},{\"capJavaField\":\"Type\",\"columnComment\":\"0-点赞，收藏 1-系统 2-反馈 3-评论  4-举报\",\"columnId\":12,\"columnName\":\"type\",\"columnType\":\"tinyint\",\"createBy\":\"admin\",\"createTime\":\"2023-04-25 22:41:45\",\"dictType\":\"\",\"edit\":true,\"htmlType\":\"select\",\"increment\":false,\"insert\":true,\"isEdit\":\"1\",\"isIncrement\":\"0\",\"isInsert\":\"1\",\"isList\":\"1\",\"isPk\":\"0\",\"isQuery\":\"1\",\"javaField\":\"type\",\"javaType\":\"Long\",\"list\":true,\"params\":{},\"pk\":false,\"query\":true,\"quer', '{\"msg\":\"操作成功\",\"code\":200}', 0, NULL, '2023-04-26 14:02:25', 62);
INSERT INTO `sys_oper_log` VALUES (152, '代码生成', 8, 'com.ruoyi.generator.controller.GenController.batchGenCode()', 'GET', 1, 'admin', NULL, '/tool/gen/batchGenCode', '127.0.0.1', '内网IP', '{\"tables\":\"message\"}', NULL, 0, NULL, '2023-04-26 14:02:30', 195);
INSERT INTO `sys_oper_log` VALUES (153, '代码生成', 2, 'com.ruoyi.generator.controller.GenController.editSave()', 'PUT', 1, 'admin', NULL, '/tool/gen', '127.0.0.1', '内网IP', '{\"businessName\":\"message\",\"className\":\"Message\",\"columns\":[{\"capJavaField\":\"Id\",\"columnComment\":\"id\",\"columnId\":9,\"columnName\":\"id\",\"columnType\":\"bigint\",\"createBy\":\"admin\",\"createTime\":\"2023-04-25 22:41:45\",\"dictType\":\"\",\"edit\":false,\"htmlType\":\"input\",\"increment\":true,\"insert\":true,\"isIncrement\":\"1\",\"isInsert\":\"1\",\"isPk\":\"1\",\"javaField\":\"id\",\"javaType\":\"Long\",\"list\":false,\"params\":{},\"pk\":true,\"query\":false,\"queryType\":\"EQ\",\"required\":false,\"sort\":1,\"superColumn\":false,\"tableId\":2,\"updateBy\":\"\",\"updateTime\":\"2023-04-26 14:02:25\",\"usableColumn\":false},{\"capJavaField\":\"Title\",\"columnComment\":\"标题\",\"columnId\":10,\"columnName\":\"title\",\"columnType\":\"varchar(255)\",\"createBy\":\"admin\",\"createTime\":\"2023-04-25 22:41:45\",\"dictType\":\"\",\"edit\":true,\"htmlType\":\"input\",\"increment\":false,\"insert\":true,\"isEdit\":\"1\",\"isIncrement\":\"0\",\"isInsert\":\"1\",\"isList\":\"1\",\"isPk\":\"0\",\"isQuery\":\"1\",\"javaField\":\"title\",\"javaType\":\"String\",\"list\":true,\"params\":{},\"pk\":false,\"query\":true,\"queryType\":\"EQ\",\"required\":false,\"sort\":2,\"superColumn\":false,\"tableId\":2,\"updateBy\":\"\",\"updateTime\":\"2023-04-26 14:02:25\",\"usableColumn\":false},{\"capJavaField\":\"Content\",\"columnComment\":\"正文\",\"columnId\":11,\"columnName\":\"content\",\"columnType\":\"text\",\"createBy\":\"admin\",\"createTime\":\"2023-04-25 22:41:45\",\"dictType\":\"\",\"edit\":true,\"htmlType\":\"editor\",\"increment\":false,\"insert\":true,\"isEdit\":\"1\",\"isIncrement\":\"0\",\"isInsert\":\"1\",\"isList\":\"1\",\"isPk\":\"0\",\"isQuery\":\"1\",\"javaField\":\"content\",\"javaType\":\"String\",\"list\":true,\"params\":{},\"pk\":false,\"query\":true,\"queryType\":\"EQ\",\"required\":false,\"sort\":3,\"superColumn\":false,\"tableId\":2,\"updateBy\":\"\",\"updateTime\":\"2023-04-26 14:02:25\",\"usableColumn\":false},{\"capJavaField\":\"Type\",\"columnComment\":\"0-点赞，收藏 1-系统 2-反馈 3-评论  4-举报\",\"columnId\":12,\"columnName\":\"type\",\"columnType\":\"tinyint\",\"createBy\":\"admin\",\"createTime\":\"2023-04-25 22:41:45\",\"dictType\":\"\",\"edit\":true,\"htmlType\":\"select\",\"increment\":false,\"insert\":true,\"isEdit\":\"1\",\"isIncrement\":\"0\",\"isInsert\":\"1\",\"isList\":\"1\",\"isPk\":\"0\"', '{\"msg\":\"操作成功\",\"code\":200}', 0, NULL, '2023-04-26 14:30:16', 69);
INSERT INTO `sys_oper_log` VALUES (154, '代码生成', 8, 'com.ruoyi.generator.controller.GenController.batchGenCode()', 'GET', 1, 'admin', NULL, '/tool/gen/batchGenCode', '127.0.0.1', '内网IP', '{\"tables\":\"message\"}', NULL, 0, NULL, '2023-04-26 14:30:24', 176);
INSERT INTO `sys_oper_log` VALUES (155, '消息用户', 2, 'com.ruoyi.plat.controller.MessageController.edit()', 'PUT', 1, 'admin', NULL, '/plat/message', '127.0.0.1', '内网IP', '{\"deal\":0,\"id\":1055,\"params\":{},\"updateTime\":\"2023-04-26 14:59:12\"}', '{\"msg\":\"操作成功\",\"code\":200}', 0, NULL, '2023-04-26 14:59:12', 33);
INSERT INTO `sys_oper_log` VALUES (156, '菜单管理', 2, 'com.ruoyi.web.controller.system.SysMenuController.edit()', 'PUT', 1, 'admin', NULL, '/system/menu', '127.0.0.1', '内网IP', '{\"children\":[],\"component\":\"plat/message/index\",\"createTime\":\"2023-04-26 14:32:02\",\"icon\":\"checkbox\",\"isCache\":\"0\",\"isFrame\":\"1\",\"menuId\":2026,\"menuName\":\"消息管理\",\"menuType\":\"C\",\"orderNum\":1,\"params\":{},\"parentId\":2006,\"path\":\"message\",\"perms\":\"plat:message:list\",\"status\":\"0\",\"updateBy\":\"admin\",\"visible\":\"0\"}', '{\"msg\":\"操作成功\",\"code\":200}', 0, NULL, '2023-04-26 15:11:58', 27);
INSERT INTO `sys_oper_log` VALUES (157, '菜单管理', 1, 'com.ruoyi.web.controller.system.SysMenuController.add()', 'POST', 1, 'admin', NULL, '/system/menu', '127.0.0.1', '内网IP', '{\"children\":[],\"createBy\":\"admin\",\"icon\":\"email\",\"isCache\":\"0\",\"isFrame\":\"1\",\"menuName\":\"消息发送\",\"menuType\":\"M\",\"orderNum\":1,\"params\":{},\"parentId\":0,\"path\":\"/plat/message/send\",\"status\":\"0\",\"visible\":\"0\"}', '{\"msg\":\"操作成功\",\"code\":200}', 0, NULL, '2023-04-26 15:13:07', 13);
INSERT INTO `sys_oper_log` VALUES (158, '菜单管理', 2, 'com.ruoyi.web.controller.system.SysMenuController.edit()', 'PUT', 1, 'admin', NULL, '/system/menu', '127.0.0.1', '内网IP', '{\"children\":[],\"component\":\"plat/message/index\",\"createTime\":\"2023-04-26 14:32:02\",\"icon\":\"checkbox\",\"isCache\":\"0\",\"isFrame\":\"1\",\"menuId\":2026,\"menuName\":\"消息管理\",\"menuType\":\"M\",\"orderNum\":1,\"params\":{},\"parentId\":2006,\"path\":\"message\",\"perms\":\"plat:message:list\",\"status\":\"0\",\"updateBy\":\"admin\",\"visible\":\"0\"}', '{\"msg\":\"操作成功\",\"code\":200}', 0, NULL, '2023-04-26 15:15:01', 10);
INSERT INTO `sys_oper_log` VALUES (159, '菜单管理', 2, 'com.ruoyi.web.controller.system.SysMenuController.edit()', 'PUT', 1, 'admin', NULL, '/system/menu', '127.0.0.1', '内网IP', '{\"children\":[],\"createTime\":\"2023-04-26 15:13:07\",\"icon\":\"email\",\"isCache\":\"0\",\"isFrame\":\"1\",\"menuId\":2032,\"menuName\":\"消息发送\",\"menuType\":\"M\",\"orderNum\":1,\"params\":{},\"parentId\":2026,\"path\":\"/plat/message/send\",\"perms\":\"\",\"status\":\"0\",\"updateBy\":\"admin\",\"visible\":\"0\"}', '{\"msg\":\"操作成功\",\"code\":200}', 0, NULL, '2023-04-26 15:15:49', 11);
INSERT INTO `sys_oper_log` VALUES (160, '菜单管理', 1, 'com.ruoyi.web.controller.system.SysMenuController.add()', 'POST', 1, 'admin', NULL, '/system/menu', '127.0.0.1', '内网IP', '{\"children\":[],\"createBy\":\"admin\",\"icon\":\"documentation\",\"isCache\":\"0\",\"isFrame\":\"1\",\"menuName\":\"消息接收\",\"menuType\":\"C\",\"orderNum\":1,\"params\":{},\"parentId\":2026,\"path\":\"/message/accept\",\"status\":\"0\",\"visible\":\"0\"}', '{\"msg\":\"操作成功\",\"code\":200}', 0, NULL, '2023-04-26 15:17:42', 10);
INSERT INTO `sys_oper_log` VALUES (161, '个人信息', 2, 'com.ruoyi.web.controller.system.SysProfileController.updateProfile()', 'PUT', 1, 'admin', NULL, '/system/user/profile', '127.0.0.1', '内网IP', '{\"admin\":true,\"createBy\":\"admin\",\"createTime\":\"2023-04-24 11:17:25\",\"delFlag\":\"0\",\"dept\":{\"ancestors\":\"0,100,101\",\"children\":[],\"deptId\":103,\"deptName\":\"研发部门\",\"leader\":\"若依\",\"orderNum\":1,\"params\":{},\"parentId\":101,\"status\":\"0\"},\"email\":\"ry@163.com\",\"loginDate\":\"2023-05-03 09:24:25\",\"loginIp\":\"127.0.0.1\",\"nickName\":\"admin\",\"params\":{},\"phonenumber\":\"15888888888\",\"remark\":\"管理员\",\"roles\":[{\"admin\":true,\"dataScope\":\"1\",\"deptCheckStrictly\":false,\"flag\":false,\"menuCheckStrictly\":false,\"params\":{},\"roleId\":1,\"roleKey\":\"admin\",\"roleName\":\"超级管理员\",\"roleSort\":1,\"status\":\"0\"}],\"sex\":\"0\",\"status\":\"0\",\"userId\":1,\"userName\":\"admin\"}', '{\"msg\":\"操作成功\",\"code\":200}', 0, NULL, '2023-05-04 16:24:14', 18);
INSERT INTO `sys_oper_log` VALUES (162, '用户头像', 2, 'com.ruoyi.web.controller.system.SysProfileController.avatar()', 'POST', 1, 'admin', NULL, '/system/user/profile/avatar', '127.0.0.1', '内网IP', '', '{\"msg\":\"操作成功\",\"imgUrl\":\"/profile/avatar/2023/05/04/blob_20230504162509A001.png\",\"code\":200}', 0, NULL, '2023-05-04 16:25:09', 53);
INSERT INTO `sys_oper_log` VALUES (163, '题目', 2, 'com.ruoyi.plat.controller.QuestionsController.edit()', 'PUT', 1, 'admin', NULL, '/plat/questions', '127.0.0.1', '内网IP', '{\"content\":\"AB\",\"correct\":\"Ab\",\"createTime\":\"2023-04-25 22:33:43\",\"id\":2,\"isDelete\":0,\"optionA\":\"默认自己账户被盗用的事实，按照警察教学的方法保护财产，毕竟人民警察不可能是坏人。\",\"optionB\":\"拨打110报警电话，核实电话中警察所说明的信息，并相信自己不会受到冤枉。\",\"optionC\":\"打电话告知自己的亲属，自己的手机号码等信息泄露，警惕陌生号码的来电。\",\"optionD\":\"不予转账并举报该电话号码。\",\"type\":1,\"updateTime\":\"2023-05-05 20:58:01.572\"}', '{\"msg\":\"操作成功\",\"code\":200}', 0, NULL, '2023-05-05 20:58:01', 15);
INSERT INTO `sys_oper_log` VALUES (164, '题目', 2, 'com.ruoyi.plat.controller.QuestionsController.edit()', 'PUT', 1, 'admin', NULL, '/plat/questions', '127.0.0.1', '内网IP', '{\"content\":\"A\",\"correct\":\"a\",\"createTime\":\"2023-04-25 22:33:43\",\"id\":3,\"isDelete\":0,\"optionA\":\"夸奖小陈，并将该方法告诉班里的贫困学生，带领同学们一起致富。\",\"optionB\":\"及时制止小陈，统计班里有多少同学参与了此类活动，联系营业厅进行销卡并报警。\",\"optionC\":\"无视小陈的行为，大学生小打小闹弄点小钱，不足为虑。\",\"optionD\":\"默许小陈的行为，找小陈谈心，是否遇上了资金方面的困难，并提供帮助。\",\"type\":0,\"updateTime\":\"2023-05-05 20:58:16.053\"}', '{\"msg\":\"操作成功\",\"code\":200}', 0, NULL, '2023-05-05 20:58:16', 8);
INSERT INTO `sys_oper_log` VALUES (165, '题目', 3, 'com.ruoyi.plat.controller.QuestionsController.remove()', 'DELETE', 1, 'admin', NULL, '/plat/questions/3', '127.0.0.1', '内网IP', '{}', '{\"msg\":\"操作成功\",\"code\":200}', 0, NULL, '2023-05-05 20:58:28', 13);
INSERT INTO `sys_oper_log` VALUES (166, '题目', 2, 'com.ruoyi.plat.controller.QuestionsController.edit()', 'PUT', 1, 'admin', NULL, '/plat/questions', '127.0.0.1', '内网IP', '{\"content\":\"BC\",\"correct\":\"bc\",\"createTime\":\"2023-04-25 22:33:43\",\"id\":4,\"isDelete\":0,\"optionA\":\"感谢刘大妈分享给你的生财小妙招，直接打开手机，添加该账号，并开始自己的新兼职。\",\"optionB\":\"这个工作简单操作，特别适合有空闲时间居家的老人和学生，为了帮助他们，你要积极转发推广。\",\"optionC\":\"劝阻刘大妈不要轻信所谓的刷单返利，及时向群主举报信息内容，将该账号踢出社区群。\",\"optionD\":\"不理睬刘大妈的分享，出了事是好是坏，与我无关。\",\"type\":1,\"updateTime\":\"2023-05-05 20:58:43.319\"}', '{\"msg\":\"操作成功\",\"code\":200}', 0, NULL, '2023-05-05 20:58:43', 9);
INSERT INTO `sys_oper_log` VALUES (167, '题目', 2, 'com.ruoyi.plat.controller.QuestionsController.edit()', 'PUT', 1, 'admin', NULL, '/plat/questions', '127.0.0.1', '内网IP', '{\"content\":\"DA\",\"correct\":\"Da\",\"createTime\":\"2023-04-25 22:33:43\",\"id\":5,\"isDelete\":0,\"optionA\":\"时不我待，果断出手，将三十万一次性投资 。\",\"optionB\":\"投资有风险，不要把鸡蛋放在一个篮子里，问问朋友能不能投资十五万。\",\"optionC\":\"将炒股群分享给自己的亲友，拉大家一起入伙，有钱大家一起赚\",\"optionD\":\"尝试对三万元提现，尽快脱身退群，必要时选择报警，保护财产安全。\",\"type\":1,\"updateTime\":\"2023-05-05 20:59:36.183\"}', '{\"msg\":\"操作成功\",\"code\":200}', 0, NULL, '2023-05-05 20:59:47', 11302);
INSERT INTO `sys_oper_log` VALUES (168, '题目', 2, 'com.ruoyi.plat.controller.QuestionsController.edit()', 'PUT', 1, 'admin', NULL, '/plat/questions', '127.0.0.1', '内网IP', '{\"content\":\"大龄剩男老张为了尽快成家，注册了某婚恋网的会员，成功开启了自己的桃花路。目前正和一位网友聊得火热，女孩时不时给老张发送生活照片并分享自己的经历。照片中的女孩面容姣好，生活中的女孩孝顺乖巧，老张很快坠入了爱河。最近女孩回了老家，并且马上过生日了。女孩想让老张给自己发一个生日红包，并购买一些自己炒的春茶。老张应该怎么做？\",\"correct\":\"DA\",\"createTime\":\"2023-04-25 22:33:43\",\"id\":6,\"isDelete\":0,\"optionA\":\"果断购买，最难消受美人恩，喜欢的人亲手炒的茶一定果断入手。\",\"optionB\":\"我的钱就是她的钱，茶叶不喜欢喝可以不买，红包一定要大大的包。\",\"optionC\":\"提前准备好生日礼物和生日红包，购买茶叶送朋友。\",\"optionD\":\"不发红包也不购买茶叶，换个小号对“女友”进行测试，必要时选择拉黑。\",\"type\":1,\"updateTime\":\"2023-05-05 21:00:26.496\"}', '{\"msg\":\"操作成功\",\"code\":200}', 0, NULL, '2023-05-05 21:00:30', 3593);
INSERT INTO `sys_oper_log` VALUES (169, '题目', 2, 'com.ruoyi.plat.controller.QuestionsController.edit()', 'PUT', 1, 'admin', NULL, '/plat/questions', '127.0.0.1', '内网IP', '{\"content\":\"同学王某想找一份兼职工作，积累社会实践经验，扩大个人收入来源，他不可以干的工作是\",\"correct\":\"CA\",\"createTime\":\"2023-04-25 22:33:43\",\"id\":12,\"isDelete\":0,\"optionA\":\"在学校勤工俭学\",\"optionB\":\"在一家门店打零工\",\"optionC\":\"网上找兼职刷信誉\",\"optionD\":\"做家教服务\",\"type\":1,\"updateTime\":\"2023-05-05 21:00:53.889\"}', '{\"msg\":\"操作成功\",\"code\":200}', 0, NULL, '2023-05-05 21:00:53', 8);
INSERT INTO `sys_oper_log` VALUES (170, '题目', 2, 'com.ruoyi.plat.controller.QuestionsController.edit()', 'PUT', 1, 'admin', NULL, '/plat/questions', '127.0.0.1', '内网IP', '{\"content\":\"同学朱某在网站找兼职时，看到一则信息，说是给某网站刷信誉可以赚钱，朱某下列哪项行为正确\",\"correct\":\"AC\",\"createTime\":\"2023-04-25 22:33:43\",\"id\":13,\"isDelete\":0,\"optionA\":\"既可以赚钱，又很轻松，帮其刷信誉\",\"optionB\":\"要求对方先打款才能帮其刷信誉\",\"optionC\":\"不帮对方刷信誉，因为刷信誉的行为是不正确的，往往是骗局\",\"type\":1,\"updateTime\":\"2023-05-05 21:01:07.96\"}', '{\"msg\":\"操作成功\",\"code\":200}', 0, NULL, '2023-05-05 21:01:07', 7);
INSERT INTO `sys_oper_log` VALUES (171, '题目', 2, 'com.ruoyi.plat.controller.QuestionsController.edit()', 'PUT', 1, 'admin', NULL, '/plat/questions', '127.0.0.1', '内网IP', '{\"content\":\"同学丁某收到陌生电话，称有一款理财产品回报率高，使去银行汇款，银行工作人员怕其上当阻止，丁某应该怎么办？\",\"correct\":\"DA\",\"createTime\":\"2023-04-25 22:33:43\",\"id\":14,\"isDelete\":0,\"optionA\":\"投诉该工作人员\",\"optionB\":\"换一家银行汇入\",\"optionC\":\"强制工作人员办理业务\",\"optionD\":\"与公安机关联系，确认是否有诈骗嫌疑\",\"type\":1,\"updateTime\":\"2023-05-05 21:03:57.362\"}', '{\"msg\":\"操作成功\",\"code\":200}', 0, NULL, '2023-05-05 21:03:57', 25);
INSERT INTO `sys_oper_log` VALUES (172, '题目', 3, 'com.ruoyi.plat.controller.QuestionsController.remove()', 'DELETE', 1, 'admin', NULL, '/plat/questions/2', '127.0.0.1', '内网IP', '{}', '{\"msg\":\"操作成功\",\"code\":200}', 0, NULL, '2023-05-05 21:11:09', 28);
INSERT INTO `sys_oper_log` VALUES (173, '题目', 3, 'com.ruoyi.plat.controller.QuestionsController.remove()', 'DELETE', 1, 'admin', NULL, '/plat/questions/4', '127.0.0.1', '内网IP', '{}', '{\"msg\":\"操作成功\",\"code\":200}', 0, NULL, '2023-05-05 21:11:10', 9);
INSERT INTO `sys_oper_log` VALUES (174, '题目', 3, 'com.ruoyi.plat.controller.QuestionsController.remove()', 'DELETE', 1, 'admin', NULL, '/plat/questions/5', '127.0.0.1', '内网IP', '{}', '{\"msg\":\"操作成功\",\"code\":200}', 0, NULL, '2023-05-05 21:11:13', 8);
INSERT INTO `sys_oper_log` VALUES (175, '题目', 3, 'com.ruoyi.plat.controller.QuestionsController.remove()', 'DELETE', 1, 'admin', NULL, '/plat/questions/6', '127.0.0.1', '内网IP', '{}', '{\"msg\":\"操作成功\",\"code\":200}', 0, NULL, '2023-05-05 21:11:14', 9);
INSERT INTO `sys_oper_log` VALUES (176, '菜单管理', 3, 'com.ruoyi.web.controller.system.SysMenuController.remove()', 'DELETE', 1, 'admin', NULL, '/system/menu/4', '127.0.0.1', '内网IP', '{}', '{\"msg\":\"菜单已分配,不允许删除\",\"code\":601}', 0, NULL, '2023-05-07 11:08:09', 17);
INSERT INTO `sys_oper_log` VALUES (177, '菜单管理', 2, 'com.ruoyi.web.controller.system.SysMenuController.edit()', 'PUT', 1, 'admin', NULL, '/system/menu', '127.0.0.1', '内网IP', '{\"children\":[],\"createTime\":\"2023-04-24 11:17:25\",\"icon\":\"guide\",\"isCache\":\"0\",\"isFrame\":\"0\",\"menuId\":4,\"menuName\":\"若依官网\",\"menuType\":\"M\",\"orderNum\":4,\"params\":{},\"parentId\":0,\"path\":\"http://ruoyi.vip\",\"perms\":\"\",\"query\":\"\",\"status\":\"0\",\"updateBy\":\"admin\",\"visible\":\"1\"}', '{\"msg\":\"操作成功\",\"code\":200}', 0, NULL, '2023-05-07 11:08:15', 12);
INSERT INTO `sys_oper_log` VALUES (178, '菜单管理', 2, 'com.ruoyi.web.controller.system.SysMenuController.edit()', 'PUT', 1, 'admin', NULL, '/system/menu', '127.0.0.1', '内网IP', '{\"children\":[],\"createTime\":\"2023-04-24 11:17:25\",\"icon\":\"tool\",\"isCache\":\"0\",\"isFrame\":\"1\",\"menuId\":3,\"menuName\":\"系统工具\",\"menuType\":\"M\",\"orderNum\":3,\"params\":{},\"parentId\":0,\"path\":\"tool\",\"perms\":\"\",\"query\":\"\",\"status\":\"0\",\"updateBy\":\"admin\",\"visible\":\"1\"}', '{\"msg\":\"操作成功\",\"code\":200}', 0, NULL, '2023-05-07 11:08:22', 8);
INSERT INTO `sys_oper_log` VALUES (179, '菜单管理', 2, 'com.ruoyi.web.controller.system.SysMenuController.edit()', 'PUT', 1, 'admin', NULL, '/system/menu', '127.0.0.1', '内网IP', '{\"children\":[],\"component\":\"plat/questions/index\",\"createTime\":\"2023-04-24 11:20:04\",\"icon\":\"list\",\"isCache\":\"0\",\"isFrame\":\"1\",\"menuId\":2000,\"menuName\":\"题目管理\",\"menuType\":\"C\",\"orderNum\":1,\"params\":{},\"parentId\":2006,\"path\":\"questions\",\"perms\":\"plat:questions:list\",\"status\":\"0\",\"updateBy\":\"admin\",\"visible\":\"0\"}', '{\"msg\":\"操作成功\",\"code\":200}', 0, NULL, '2023-05-07 11:12:36', 9);
INSERT INTO `sys_oper_log` VALUES (180, '帖子', 2, 'com.ruoyi.plat.controller.PostController.edit()', 'PUT', 1, 'admin', NULL, '/plat/post', '127.0.0.1', '内网IP', '{\"collectNum\":0,\"commentNum\":0,\"content\":\"近日，有多名网友向民警反映，自己收到了自称是“中国银行监督管理委员会办公厅”发出的“通知函”。\\n \\n## “通知函”主要内容：\\n\\n因贷款申请人XX贷款账户信息不符，下款出现异常，现将贷款资金冻结……\\n需要重新递交身份证正反面、银行卡正反面及本人手持身份证照片，同时需提交贷款金融50%的对接认证金，才能解冻账户，否则需承担法律责任，甚至可能构成犯罪！\\n \\n## **银行保险监管严，不会让你转金钱**\\n \\n很明显，这是典型的虚假网络贷款类诈骗。\\n \\n近年来，冒充中国银行保险业监督管理委员会的骗局层出不穷。不法分子利用客户急需贷款的迫切心情，编造账户被冻结需交纳“认证金”的谎言，并以涉嫌骗贷犯罪对客户进行恐吓。\\n\\n![](https://oss.gjfzpt.cn/preventfraud-static/h5/files/img/20230310/73f5bfafd49b4d5a59b1aad21a183a5e.png)\\n\\n## **警方提示**\\n \\n1、银行监管机构不会向自然人下发红头文件，银保监会及其派出机构无权直接冻结任何单位或个人的银行账户，也没有所谓的认证账户，更不会让你转钱。\\n \\n2、中国银保监会及其派出机构依照法律法规统一监督管理银行业保险业，保护消费者合法权益。\\n \\n3、凡是要你垫付保证金、认证金等各种费用的，都是诈骗！提高风险防范意识，通过正规渠道办理贷款，广大网友如果有贷款需求，应通过正规渠道从金融机构办理。\\n \\n4、对于陌生好友、陌生来电、短信、网络广告等非正规途径推销“低息快捷”“免抵押担保”贷款业务的行为，应提高警惕。注意保护个人信息，不随意点击不明链接，不要通过他人发送的陌生链接下载APP，更不要向来历不明的账户或个人汇款。\\n \\n5、广大网友若接到此类信息可第一时间通过官方渠道向有关金融机构、监管部门以及警方咨询核实。如遇诈骗，请保留聊天记录、转账记录等线索及时报警止损。\",\"createTime\":\"2023-03-12 22:53:32\",\"description\":\"近日，有多名网友向民警反映，自己收到了自称是“中国银行监督管理委员会办公厅”发出的“通知函”。\",\"id\":69,\"isDelete\":0,\"params\":{},\"photo\":\"https://oss.gjfzpt.cn/preventfraud-static/h5/files/img/20230310/73f5bfafd49b4d5a59b1aad21a183a5e.png\",\"reviewMessage\":\"内容简单\",\"reviewStatus\":2,\"tags\":\"[4]\",\"thumbNum\":0,\"title\":\"冒充银保监会，虚假网络贷款诈骗需警惕\",\"updateTime\":\"2023-05-07 12:00:15\",\"userId\":1011}', '{\"msg\":\"操作成功\",\"code\":200}', 0, NULL, '2023-05-07 12:00:15', 22);
INSERT INTO `sys_oper_log` VALUES (181, '题目', 5, 'com.ruoyi.plat.controller.QuestionsController.export()', 'POST', 1, 'admin', NULL, '/plat/questions/export', '127.0.0.1', '内网IP', '{\"pageSize\":\"10\",\"pageNum\":\"1\"}', NULL, 0, NULL, '2023-05-07 13:35:25', 553);
INSERT INTO `sys_oper_log` VALUES (182, '用户', 2, 'com.ruoyi.plat.controller.UserController.edit()', 'PUT', 1, 'admin', NULL, '/plat/user', '127.0.0.1', '内网IP', '{\"id\":1012,\"params\":{},\"updateTime\":\"2023-05-07 13:35:54\",\"userStatus\":1}', '{\"msg\":\"操作成功\",\"code\":200}', 0, NULL, '2023-05-07 13:35:53', 134);
INSERT INTO `sys_oper_log` VALUES (183, '用户', 2, 'com.ruoyi.plat.controller.UserController.edit()', 'PUT', 1, 'admin', NULL, '/plat/user', '127.0.0.1', '内网IP', '{\"id\":1013,\"params\":{},\"updateTime\":\"2023-05-07 13:35:55\",\"userStatus\":1}', '{\"msg\":\"操作成功\",\"code\":200}', 0, NULL, '2023-05-07 13:35:54', 166);
INSERT INTO `sys_oper_log` VALUES (184, '用户', 2, 'com.ruoyi.plat.controller.UserController.edit()', 'PUT', 1, 'admin', NULL, '/plat/user', '127.0.0.1', '内网IP', '{\"id\":1012,\"params\":{},\"updateTime\":\"2023-05-07 13:36:03\",\"userStatus\":0}', '{\"msg\":\"操作成功\",\"code\":200}', 0, NULL, '2023-05-07 13:36:03', 124);
INSERT INTO `sys_oper_log` VALUES (185, '用户', 2, 'com.ruoyi.plat.controller.UserController.edit()', 'PUT', 1, 'admin', NULL, '/plat/user', '127.0.0.1', '内网IP', '{\"id\":1013,\"params\":{},\"updateTime\":\"2023-05-07 13:36:04\",\"userStatus\":0}', '{\"msg\":\"操作成功\",\"code\":200}', 0, NULL, '2023-05-07 13:36:04', 225);
INSERT INTO `sys_oper_log` VALUES (186, '资讯', 5, 'com.ruoyi.plat.controller.InformationController.export()', 'POST', 1, 'admin', NULL, '/plat/information/export', '127.0.0.1', '内网IP', '{\"pageSize\":\"10\",\"pageNum\":\"1\"}', NULL, 0, NULL, '2023-05-07 13:36:15', 1011);
INSERT INTO `sys_oper_log` VALUES (187, '资讯', 3, 'com.ruoyi.plat.controller.InformationController.remove()', 'DELETE', 1, 'admin', NULL, '/plat/information/100', '127.0.0.1', '内网IP', '{}', '{\"msg\":\"操作成功\",\"code\":200}', 0, NULL, '2023-05-07 13:38:13', 122);
INSERT INTO `sys_oper_log` VALUES (188, '菜单管理', 2, 'com.ruoyi.web.controller.system.SysMenuController.edit()', 'PUT', 1, 'admin', NULL, '/system/menu', '127.0.0.1', '内网IP', '{\"children\":[],\"createTime\":\"2023-04-24 11:17:25\",\"icon\":\"system\",\"isCache\":\"0\",\"isFrame\":\"1\",\"menuId\":1,\"menuName\":\"系统管理\",\"menuType\":\"M\",\"orderNum\":1,\"params\":{},\"parentId\":0,\"path\":\"system\",\"perms\":\"\",\"query\":\"\",\"status\":\"0\",\"updateBy\":\"admin\",\"visible\":\"1\"}', '{\"msg\":\"操作成功\",\"code\":200}', 0, NULL, '2023-05-07 13:52:40', 467);
INSERT INTO `sys_oper_log` VALUES (189, '用户头像', 2, 'com.ruoyi.web.controller.system.SysProfileController.avatar()', 'POST', 1, 'admin', NULL, '/system/user/profile/avatar', '223.104.130.128', 'XX XX', '', NULL, 1, '/home/ruoyi/uploadPath/avatar/2023/05/07/blob_20230507211744A001.png', '2023-05-07 21:17:44', 170);
INSERT INTO `sys_oper_log` VALUES (190, '用户头像', 2, 'com.ruoyi.web.controller.system.SysProfileController.avatar()', 'POST', 1, 'admin', NULL, '/system/user/profile/avatar', '223.104.130.128', 'XX XX', '', NULL, 1, '/home/ruoyi/uploadPath/avatar/2023/05/07/blob_20230507211749A002.png', '2023-05-07 21:17:49', 2);
INSERT INTO `sys_oper_log` VALUES (191, '用户头像', 2, 'com.ruoyi.web.controller.system.SysProfileController.avatar()', 'POST', 1, 'admin', NULL, '/system/user/profile/avatar', '220.168.31.36', 'XX XX', '', NULL, 1, '/home/ruoyi/uploadPath/avatar/2023/05/08/blob_20230508090858A003.png', '2023-05-08 09:08:58', 1);
INSERT INTO `sys_oper_log` VALUES (192, '用户头像', 2, 'com.ruoyi.web.controller.system.SysProfileController.avatar()', 'POST', 1, 'admin', NULL, '/system/user/profile/avatar', '220.168.31.36', 'XX XX', '', NULL, 1, '/home/ruoyi/uploadPath/avatar/2023/05/08/blob_20230508092539A004.png', '2023-05-08 09:25:39', 0);
INSERT INTO `sys_oper_log` VALUES (193, '用户头像', 2, 'com.ruoyi.web.controller.system.SysProfileController.avatar()', 'POST', 1, 'admin', NULL, '/system/user/profile/avatar', '220.168.31.36', 'XX XX', '', NULL, 1, '/home/ruoyi/uploadPath/avatar/2023/05/08/blob_20230508093515A005.png', '2023-05-08 09:35:15', 1);
INSERT INTO `sys_oper_log` VALUES (194, '用户头像', 2, 'com.ruoyi.web.controller.system.SysProfileController.avatar()', 'POST', 1, 'admin', NULL, '/system/user/profile/avatar', '220.168.31.36', 'XX XX', '', NULL, 1, '/home/ruoyi/uploadPath/avatar/2023/05/08/blob_20230508093519A006.png', '2023-05-08 09:35:19', 1);
INSERT INTO `sys_oper_log` VALUES (195, '用户头像', 2, 'com.ruoyi.web.controller.system.SysProfileController.avatar()', 'POST', 1, 'admin', NULL, '/system/user/profile/avatar', '117.136.24.37', 'XX XX', '', NULL, 1, '/home/ruoyi/uploadPath/avatar/2023/05/11/blob_20230511105150A007.png', '2023-05-11 10:51:50', 4);
INSERT INTO `sys_oper_log` VALUES (196, '用户头像', 2, 'com.ruoyi.web.controller.system.SysProfileController.avatar()', 'POST', 1, 'admin', NULL, '/system/user/profile/avatar', '117.136.24.37', 'XX XX', '', NULL, 1, '/home/ruoyi/uploadPath/avatar/2023/05/11/blob_20230511105202A008.png', '2023-05-11 10:52:02', 0);
INSERT INTO `sys_oper_log` VALUES (197, '用户头像', 2, 'com.ruoyi.web.controller.system.SysProfileController.avatar()', 'POST', 1, 'admin', NULL, '/system/user/profile/avatar', '117.136.24.37', 'XX XX', '', NULL, 1, '/home/ruoyi/uploadPath/avatar/2023/05/11/blob_20230511105240A009.png', '2023-05-11 10:52:40', 1);
INSERT INTO `sys_oper_log` VALUES (198, '题目', 5, 'com.ruoyi.plat.controller.QuestionsController.export()', 'POST', 1, 'admin', NULL, '/plat/questions/export', '117.136.24.37', 'XX XX', '{\"pageSize\":\"10\",\"pageNum\":\"1\"}', NULL, 0, NULL, '2023-05-11 15:33:22', 1920);
INSERT INTO `sys_oper_log` VALUES (199, '帖子', 2, 'com.ruoyi.plat.controller.PostController.edit()', 'PUT', 1, 'admin', NULL, '/plat/post', '223.104.131.230', 'XX XX', '{\"collectNum\":0,\"commentNum\":0,\"content\":\"近日，有多名网友向民警反映，自己收到了自称是“中国银行监督管理委员会办公厅”发出的“通知函”。\\n \\n## “通知函”主要内容：\\n\\n因贷款申请人XX贷款账户信息不符，下款出现异常，现将贷款资金冻结……\\n需要重新递交身份证正反面、银行卡正反面及本人手持身份证照片，同时需提交贷款金融50%的对接认证金，才能解冻账户，否则需承担法律责任，甚至可能构成犯罪！\\n \\n## **银行保险监管严，不会让你转金钱**\\n \\n很明显，这是典型的虚假网络贷款类诈骗。\\n \\n近年来，冒充中国银行保险业监督管理委员会的骗局层出不穷。不法分子利用客户急需贷款的迫切心情，编造账户被冻结需交纳“认证金”的谎言，并以涉嫌骗贷犯罪对客户进行恐吓。\\n\\n![](https://oss.gjfzpt.cn/preventfraud-static/h5/files/img/20230310/73f5bfafd49b4d5a59b1aad21a183a5e.png)\\n\\n## **警方提示**\\n \\n1、银行监管机构不会向自然人下发红头文件，银保监会及其派出机构无权直接冻结任何单位或个人的银行账户，也没有所谓的认证账户，更不会让你转钱。\\n \\n2、中国银保监会及其派出机构依照法律法规统一监督管理银行业保险业，保护消费者合法权益。\\n \\n3、凡是要你垫付保证金、认证金等各种费用的，都是诈骗！提高风险防范意识，通过正规渠道办理贷款，广大网友如果有贷款需求，应通过正规渠道从金融机构办理。\\n \\n4、对于陌生好友、陌生来电、短信、网络广告等非正规途径推销“低息快捷”“免抵押担保”贷款业务的行为，应提高警惕。注意保护个人信息，不随意点击不明链接，不要通过他人发送的陌生链接下载APP，更不要向来历不明的账户或个人汇款。\\n \\n5、广大网友若接到此类信息可第一时间通过官方渠道向有关金融机构、监管部门以及警方咨询核实。如遇诈骗，请保留聊天记录、转账记录等线索及时报警止损。\",\"createTime\":\"2023-03-12 22:53:32\",\"description\":\"近日，有多名网友向民警反映，自己收到了自称是“中国银行监督管理委员会办公厅”发出的“通知函”。\",\"id\":69,\"isDelete\":0,\"params\":{},\"photo\":\"https://oss.gjfzpt.cn/preventfraud-static/h5/files/img/20230310/73f5bfafd49b4d5a59b1aad21a183a5e.png\",\"reviewMessage\":\"内容过于简单\",\"reviewStatus\":2,\"tags\":\"[4]\",\"thumbNum\":0,\"title\":\"冒充银保监会，虚假网络贷款诈骗需警惕\",\"updateTime\":\"2023-05-12 23:28:43\",\"userId\":1011}', '{\"msg\":\"操作成功\",\"code\":200}', 0, NULL, '2023-05-12 23:28:43', 18);
INSERT INTO `sys_oper_log` VALUES (200, '资讯', 5, 'com.ruoyi.plat.controller.InformationController.export()', 'POST', 1, 'admin', NULL, '/plat/information/export', '223.104.131.230', 'XX XX', '{\"pageSize\":\"10\",\"pageNum\":\"1\"}', NULL, 0, NULL, '2023-05-12 23:29:09', 168);
INSERT INTO `sys_oper_log` VALUES (201, '题目', 5, 'com.ruoyi.plat.controller.QuestionsController.export()', 'POST', 1, 'admin', NULL, '/plat/questions/export', '223.104.131.230', 'XX XX', '{\"pageSize\":\"10\",\"pageNum\":\"1\"}', NULL, 0, NULL, '2023-05-12 23:29:58', 44);
INSERT INTO `sys_oper_log` VALUES (202, '帖子', 2, 'com.ruoyi.plat.controller.PostController.edit()', 'PUT', 1, 'admin', NULL, '/plat/post', '223.104.131.230', 'XX XX', '{\"collectNum\":0,\"commentNum\":0,\"content\":\"杨濠是个小黑子\",\"createTime\":\"2023-05-13 00:00:48\",\"description\":\"杨濠是个小黑子杨濠是个小黑子杨濠是个小黑子杨濠是个小黑子\",\"id\":95,\"isDelete\":0,\"params\":{},\"photo\":\"http://cdn.haoyang666.fun/school/post/1013/645e62a9e4b094cd14cfc5db.jpg\",\"reviewMessage\":\"不通过\",\"reviewStatus\":2,\"tags\":\"[2]\",\"thumbNum\":0,\"title\":\"杨濠是个小黑子\",\"updateTime\":\"2023-05-13 00:10:08\",\"userId\":1013}', '{\"msg\":\"操作成功\",\"code\":200}', 0, NULL, '2023-05-13 00:10:08', 9);
INSERT INTO `sys_oper_log` VALUES (203, '消息用户', 3, 'com.ruoyi.plat.controller.MessageController.remove()', 'DELETE', 1, 'admin', NULL, '/plat/message/1055', '223.104.131.230', 'XX XX', '{}', '{\"msg\":\"操作成功\",\"code\":200}', 0, NULL, '2023-05-13 08:49:08', 15);
INSERT INTO `sys_oper_log` VALUES (204, '消息用户', 3, 'com.ruoyi.plat.controller.MessageController.remove()', 'DELETE', 1, 'admin', NULL, '/plat/message/1056', '223.104.131.230', 'XX XX', '{}', '{\"msg\":\"操作成功\",\"code\":200}', 0, NULL, '2023-05-13 08:49:10', 5);
INSERT INTO `sys_oper_log` VALUES (205, '消息用户', 3, 'com.ruoyi.plat.controller.MessageController.remove()', 'DELETE', 1, 'admin', NULL, '/plat/message/1060', '223.104.131.230', 'XX XX', '{}', '{\"msg\":\"操作成功\",\"code\":200}', 0, NULL, '2023-05-13 08:49:12', 6);
INSERT INTO `sys_oper_log` VALUES (206, '消息用户', 3, 'com.ruoyi.plat.controller.MessageController.remove()', 'DELETE', 1, 'admin', NULL, '/plat/message/1065', '223.104.131.230', 'XX XX', '{}', '{\"msg\":\"操作成功\",\"code\":200}', 0, NULL, '2023-05-13 08:49:14', 4);
INSERT INTO `sys_oper_log` VALUES (207, '消息用户', 3, 'com.ruoyi.plat.controller.MessageController.remove()', 'DELETE', 1, 'admin', NULL, '/plat/message/1066', '223.104.131.230', 'XX XX', '{}', '{\"msg\":\"操作成功\",\"code\":200}', 0, NULL, '2023-05-13 08:49:16', 5);
INSERT INTO `sys_oper_log` VALUES (208, '题目', 5, 'com.ruoyi.plat.controller.QuestionsController.export()', 'POST', 1, 'admin', NULL, '/plat/questions/export', '223.104.131.230', 'XX XX', '{\"pageSize\":\"10\",\"pageNum\":\"1\"}', NULL, 0, NULL, '2023-05-13 11:48:17', 172);
INSERT INTO `sys_oper_log` VALUES (209, '题目', 5, 'com.ruoyi.plat.controller.QuestionsController.export()', 'POST', 1, 'admin', NULL, '/plat/questions/export', '223.104.66.89', 'XX XX', '{\"pageSize\":\"10\",\"pageNum\":\"1\"}', NULL, 0, NULL, '2023-05-24 18:52:55', 538);

-- ----------------------------
-- Table structure for sys_post
-- ----------------------------
DROP TABLE IF EXISTS `sys_post`;
CREATE TABLE `sys_post`  (
  `post_id` bigint(20) NOT NULL AUTO_INCREMENT COMMENT '岗位ID',
  `post_code` varchar(64) CHARACTER SET utf8mb4 COLLATE utf8mb4_general_ci NOT NULL COMMENT '岗位编码',
  `post_name` varchar(50) CHARACTER SET utf8mb4 COLLATE utf8mb4_general_ci NOT NULL COMMENT '岗位名称',
  `post_sort` int(4) NOT NULL COMMENT '显示顺序',
  `status` char(1) CHARACTER SET utf8mb4 COLLATE utf8mb4_general_ci NOT NULL COMMENT '状态（0正常 1停用）',
  `create_by` varchar(64) CHARACTER SET utf8mb4 COLLATE utf8mb4_general_ci NULL DEFAULT '' COMMENT '创建者',
  `create_time` datetime(0) NULL DEFAULT NULL COMMENT '创建时间',
  `update_by` varchar(64) CHARACTER SET utf8mb4 COLLATE utf8mb4_general_ci NULL DEFAULT '' COMMENT '更新者',
  `update_time` datetime(0) NULL DEFAULT NULL COMMENT '更新时间',
  `remark` varchar(500) CHARACTER SET utf8mb4 COLLATE utf8mb4_general_ci NULL DEFAULT NULL COMMENT '备注',
  PRIMARY KEY (`post_id`) USING BTREE
) ENGINE = InnoDB AUTO_INCREMENT = 5 CHARACTER SET = utf8mb4 COLLATE = utf8mb4_general_ci COMMENT = '岗位信息表' ROW_FORMAT = Dynamic;

-- ----------------------------
-- Records of sys_post
-- ----------------------------
INSERT INTO `sys_post` VALUES (1, 'ceo', '董事长', 1, '0', 'admin', '2023-04-24 11:17:25', '', NULL, '');
INSERT INTO `sys_post` VALUES (2, 'se', '项目经理', 2, '0', 'admin', '2023-04-24 11:17:25', '', NULL, '');
INSERT INTO `sys_post` VALUES (3, 'hr', '人力资源', 3, '0', 'admin', '2023-04-24 11:17:25', '', NULL, '');
INSERT INTO `sys_post` VALUES (4, 'user', '普通员工', 4, '0', 'admin', '2023-04-24 11:17:25', '', NULL, '');

-- ----------------------------
-- Table structure for sys_role
-- ----------------------------
DROP TABLE IF EXISTS `sys_role`;
CREATE TABLE `sys_role`  (
  `role_id` bigint(20) NOT NULL AUTO_INCREMENT COMMENT '角色ID',
  `role_name` varchar(30) CHARACTER SET utf8mb4 COLLATE utf8mb4_general_ci NOT NULL COMMENT '角色名称',
  `role_key` varchar(100) CHARACTER SET utf8mb4 COLLATE utf8mb4_general_ci NOT NULL COMMENT '角色权限字符串',
  `role_sort` int(4) NOT NULL COMMENT '显示顺序',
  `data_scope` char(1) CHARACTER SET utf8mb4 COLLATE utf8mb4_general_ci NULL DEFAULT '1' COMMENT '数据范围（1：全部数据权限 2：自定数据权限 3：本部门数据权限 4：本部门及以下数据权限）',
  `menu_check_strictly` tinyint(1) NULL DEFAULT 1 COMMENT '菜单树选择项是否关联显示',
  `dept_check_strictly` tinyint(1) NULL DEFAULT 1 COMMENT '部门树选择项是否关联显示',
  `status` char(1) CHARACTER SET utf8mb4 COLLATE utf8mb4_general_ci NOT NULL COMMENT '角色状态（0正常 1停用）',
  `del_flag` char(1) CHARACTER SET utf8mb4 COLLATE utf8mb4_general_ci NULL DEFAULT '0' COMMENT '删除标志（0代表存在 2代表删除）',
  `create_by` varchar(64) CHARACTER SET utf8mb4 COLLATE utf8mb4_general_ci NULL DEFAULT '' COMMENT '创建者',
  `create_time` datetime(0) NULL DEFAULT NULL COMMENT '创建时间',
  `update_by` varchar(64) CHARACTER SET utf8mb4 COLLATE utf8mb4_general_ci NULL DEFAULT '' COMMENT '更新者',
  `update_time` datetime(0) NULL DEFAULT NULL COMMENT '更新时间',
  `remark` varchar(500) CHARACTER SET utf8mb4 COLLATE utf8mb4_general_ci NULL DEFAULT NULL COMMENT '备注',
  PRIMARY KEY (`role_id`) USING BTREE
) ENGINE = InnoDB AUTO_INCREMENT = 100 CHARACTER SET = utf8mb4 COLLATE = utf8mb4_general_ci COMMENT = '角色信息表' ROW_FORMAT = Dynamic;

-- ----------------------------
-- Records of sys_role
-- ----------------------------
INSERT INTO `sys_role` VALUES (1, '超级管理员', 'admin', 1, '1', 1, 1, '0', '0', 'admin', '2023-04-24 11:17:25', '', NULL, '超级管理员');
INSERT INTO `sys_role` VALUES (2, '普通角色', 'common', 2, '2', 1, 1, '0', '0', 'admin', '2023-04-24 11:17:25', '', NULL, '普通角色');

-- ----------------------------
-- Table structure for sys_role_dept
-- ----------------------------
DROP TABLE IF EXISTS `sys_role_dept`;
CREATE TABLE `sys_role_dept`  (
  `role_id` bigint(20) NOT NULL COMMENT '角色ID',
  `dept_id` bigint(20) NOT NULL COMMENT '部门ID',
  PRIMARY KEY (`role_id`, `dept_id`) USING BTREE
) ENGINE = InnoDB CHARACTER SET = utf8mb4 COLLATE = utf8mb4_general_ci COMMENT = '角色和部门关联表' ROW_FORMAT = Dynamic;

-- ----------------------------
-- Records of sys_role_dept
-- ----------------------------
INSERT INTO `sys_role_dept` VALUES (2, 100);
INSERT INTO `sys_role_dept` VALUES (2, 101);
INSERT INTO `sys_role_dept` VALUES (2, 105);

-- ----------------------------
-- Table structure for sys_role_menu
-- ----------------------------
DROP TABLE IF EXISTS `sys_role_menu`;
CREATE TABLE `sys_role_menu`  (
  `role_id` bigint(20) NOT NULL COMMENT '角色ID',
  `menu_id` bigint(20) NOT NULL COMMENT '菜单ID',
  PRIMARY KEY (`role_id`, `menu_id`) USING BTREE
) ENGINE = InnoDB CHARACTER SET = utf8mb4 COLLATE = utf8mb4_general_ci COMMENT = '角色和菜单关联表' ROW_FORMAT = Dynamic;

-- ----------------------------
-- Records of sys_role_menu
-- ----------------------------
INSERT INTO `sys_role_menu` VALUES (2, 1);
INSERT INTO `sys_role_menu` VALUES (2, 2);
INSERT INTO `sys_role_menu` VALUES (2, 3);
INSERT INTO `sys_role_menu` VALUES (2, 4);
INSERT INTO `sys_role_menu` VALUES (2, 100);
INSERT INTO `sys_role_menu` VALUES (2, 101);
INSERT INTO `sys_role_menu` VALUES (2, 102);
INSERT INTO `sys_role_menu` VALUES (2, 103);
INSERT INTO `sys_role_menu` VALUES (2, 104);
INSERT INTO `sys_role_menu` VALUES (2, 105);
INSERT INTO `sys_role_menu` VALUES (2, 106);
INSERT INTO `sys_role_menu` VALUES (2, 107);
INSERT INTO `sys_role_menu` VALUES (2, 108);
INSERT INTO `sys_role_menu` VALUES (2, 109);
INSERT INTO `sys_role_menu` VALUES (2, 110);
INSERT INTO `sys_role_menu` VALUES (2, 111);
INSERT INTO `sys_role_menu` VALUES (2, 112);
INSERT INTO `sys_role_menu` VALUES (2, 113);
INSERT INTO `sys_role_menu` VALUES (2, 114);
INSERT INTO `sys_role_menu` VALUES (2, 115);
INSERT INTO `sys_role_menu` VALUES (2, 116);
INSERT INTO `sys_role_menu` VALUES (2, 117);
INSERT INTO `sys_role_menu` VALUES (2, 500);
INSERT INTO `sys_role_menu` VALUES (2, 501);
INSERT INTO `sys_role_menu` VALUES (2, 1000);
INSERT INTO `sys_role_menu` VALUES (2, 1001);
INSERT INTO `sys_role_menu` VALUES (2, 1002);
INSERT INTO `sys_role_menu` VALUES (2, 1003);
INSERT INTO `sys_role_menu` VALUES (2, 1004);
INSERT INTO `sys_role_menu` VALUES (2, 1005);
INSERT INTO `sys_role_menu` VALUES (2, 1006);
INSERT INTO `sys_role_menu` VALUES (2, 1007);
INSERT INTO `sys_role_menu` VALUES (2, 1008);
INSERT INTO `sys_role_menu` VALUES (2, 1009);
INSERT INTO `sys_role_menu` VALUES (2, 1010);
INSERT INTO `sys_role_menu` VALUES (2, 1011);
INSERT INTO `sys_role_menu` VALUES (2, 1012);
INSERT INTO `sys_role_menu` VALUES (2, 1013);
INSERT INTO `sys_role_menu` VALUES (2, 1014);
INSERT INTO `sys_role_menu` VALUES (2, 1015);
INSERT INTO `sys_role_menu` VALUES (2, 1016);
INSERT INTO `sys_role_menu` VALUES (2, 1017);
INSERT INTO `sys_role_menu` VALUES (2, 1018);
INSERT INTO `sys_role_menu` VALUES (2, 1019);
INSERT INTO `sys_role_menu` VALUES (2, 1020);
INSERT INTO `sys_role_menu` VALUES (2, 1021);
INSERT INTO `sys_role_menu` VALUES (2, 1022);
INSERT INTO `sys_role_menu` VALUES (2, 1023);
INSERT INTO `sys_role_menu` VALUES (2, 1024);
INSERT INTO `sys_role_menu` VALUES (2, 1025);
INSERT INTO `sys_role_menu` VALUES (2, 1026);
INSERT INTO `sys_role_menu` VALUES (2, 1027);
INSERT INTO `sys_role_menu` VALUES (2, 1028);
INSERT INTO `sys_role_menu` VALUES (2, 1029);
INSERT INTO `sys_role_menu` VALUES (2, 1030);
INSERT INTO `sys_role_menu` VALUES (2, 1031);
INSERT INTO `sys_role_menu` VALUES (2, 1032);
INSERT INTO `sys_role_menu` VALUES (2, 1033);
INSERT INTO `sys_role_menu` VALUES (2, 1034);
INSERT INTO `sys_role_menu` VALUES (2, 1035);
INSERT INTO `sys_role_menu` VALUES (2, 1036);
INSERT INTO `sys_role_menu` VALUES (2, 1037);
INSERT INTO `sys_role_menu` VALUES (2, 1038);
INSERT INTO `sys_role_menu` VALUES (2, 1039);
INSERT INTO `sys_role_menu` VALUES (2, 1040);
INSERT INTO `sys_role_menu` VALUES (2, 1041);
INSERT INTO `sys_role_menu` VALUES (2, 1042);
INSERT INTO `sys_role_menu` VALUES (2, 1043);
INSERT INTO `sys_role_menu` VALUES (2, 1044);
INSERT INTO `sys_role_menu` VALUES (2, 1045);
INSERT INTO `sys_role_menu` VALUES (2, 1046);
INSERT INTO `sys_role_menu` VALUES (2, 1047);
INSERT INTO `sys_role_menu` VALUES (2, 1048);
INSERT INTO `sys_role_menu` VALUES (2, 1049);
INSERT INTO `sys_role_menu` VALUES (2, 1050);
INSERT INTO `sys_role_menu` VALUES (2, 1051);
INSERT INTO `sys_role_menu` VALUES (2, 1052);
INSERT INTO `sys_role_menu` VALUES (2, 1053);
INSERT INTO `sys_role_menu` VALUES (2, 1054);
INSERT INTO `sys_role_menu` VALUES (2, 1055);
INSERT INTO `sys_role_menu` VALUES (2, 1056);
INSERT INTO `sys_role_menu` VALUES (2, 1057);
INSERT INTO `sys_role_menu` VALUES (2, 1058);
INSERT INTO `sys_role_menu` VALUES (2, 1059);
INSERT INTO `sys_role_menu` VALUES (2, 1060);

-- ----------------------------
-- Table structure for sys_user
-- ----------------------------
DROP TABLE IF EXISTS `sys_user`;
CREATE TABLE `sys_user`  (
  `user_id` bigint(20) NOT NULL AUTO_INCREMENT COMMENT '用户ID',
  `dept_id` bigint(20) NULL DEFAULT NULL COMMENT '部门ID',
  `user_name` varchar(30) CHARACTER SET utf8mb4 COLLATE utf8mb4_general_ci NOT NULL COMMENT '用户账号',
  `nick_name` varchar(30) CHARACTER SET utf8mb4 COLLATE utf8mb4_general_ci NOT NULL COMMENT '用户昵称',
  `user_type` varchar(2) CHARACTER SET utf8mb4 COLLATE utf8mb4_general_ci NULL DEFAULT '00' COMMENT '用户类型（00系统用户）',
  `email` varchar(50) CHARACTER SET utf8mb4 COLLATE utf8mb4_general_ci NULL DEFAULT '' COMMENT '用户邮箱',
  `phonenumber` varchar(11) CHARACTER SET utf8mb4 COLLATE utf8mb4_general_ci NULL DEFAULT '' COMMENT '手机号码',
  `sex` char(1) CHARACTER SET utf8mb4 COLLATE utf8mb4_general_ci NULL DEFAULT '0' COMMENT '用户性别（0男 1女 2未知）',
  `avatar` varchar(100) CHARACTER SET utf8mb4 COLLATE utf8mb4_general_ci NULL DEFAULT '' COMMENT '头像地址',
  `password` varchar(100) CHARACTER SET utf8mb4 COLLATE utf8mb4_general_ci NULL DEFAULT '' COMMENT '密码',
  `status` char(1) CHARACTER SET utf8mb4 COLLATE utf8mb4_general_ci NULL DEFAULT '0' COMMENT '帐号状态（0正常 1停用）',
  `del_flag` char(1) CHARACTER SET utf8mb4 COLLATE utf8mb4_general_ci NULL DEFAULT '0' COMMENT '删除标志（0代表存在 2代表删除）',
  `login_ip` varchar(128) CHARACTER SET utf8mb4 COLLATE utf8mb4_general_ci NULL DEFAULT '' COMMENT '最后登录IP',
  `login_date` datetime(0) NULL DEFAULT NULL COMMENT '最后登录时间',
  `create_by` varchar(64) CHARACTER SET utf8mb4 COLLATE utf8mb4_general_ci NULL DEFAULT '' COMMENT '创建者',
  `create_time` datetime(0) NULL DEFAULT NULL COMMENT '创建时间',
  `update_by` varchar(64) CHARACTER SET utf8mb4 COLLATE utf8mb4_general_ci NULL DEFAULT '' COMMENT '更新者',
  `update_time` datetime(0) NULL DEFAULT NULL COMMENT '更新时间',
  `remark` varchar(500) CHARACTER SET utf8mb4 COLLATE utf8mb4_general_ci NULL DEFAULT NULL COMMENT '备注',
  PRIMARY KEY (`user_id`) USING BTREE
) ENGINE = InnoDB AUTO_INCREMENT = 100 CHARACTER SET = utf8mb4 COLLATE = utf8mb4_general_ci COMMENT = '用户信息表' ROW_FORMAT = Dynamic;

-- ----------------------------
-- Records of sys_user
-- ----------------------------
INSERT INTO `sys_user` VALUES (1, 103, 'admin', 'admin', '00', 'ry@163.com', '15888888888', '0', '', '$2a$10$7JB720yubVSZvUI0rEqK/.VqGOZTH.ulu33dHOiBE8ByOhJIrdAu2', '0', '0', '223.104.66.89', '2023-05-24 18:52:45', 'admin', '2023-04-24 11:17:25', '', '2023-05-24 18:52:44', '管理员');
INSERT INTO `sys_user` VALUES (2, 105, 'ry', '若依', '00', 'ry@qq.com', '15666666666', '1', '', '$2a$10$7JB720yubVSZvUI0rEqK/.VqGOZTH.ulu33dHOiBE8ByOhJIrdAu2', '0', '0', '127.0.0.1', '2023-04-24 11:17:25', 'admin', '2023-04-24 11:17:25', '', NULL, '测试员');

-- ----------------------------
-- Table structure for sys_user_post
-- ----------------------------
DROP TABLE IF EXISTS `sys_user_post`;
CREATE TABLE `sys_user_post`  (
  `user_id` bigint(20) NOT NULL COMMENT '用户ID',
  `post_id` bigint(20) NOT NULL COMMENT '岗位ID',
  PRIMARY KEY (`user_id`, `post_id`) USING BTREE
) ENGINE = InnoDB CHARACTER SET = utf8mb4 COLLATE = utf8mb4_general_ci COMMENT = '用户与岗位关联表' ROW_FORMAT = Dynamic;

-- ----------------------------
-- Records of sys_user_post
-- ----------------------------
INSERT INTO `sys_user_post` VALUES (1, 1);
INSERT INTO `sys_user_post` VALUES (2, 2);

-- ----------------------------
-- Table structure for sys_user_role
-- ----------------------------
DROP TABLE IF EXISTS `sys_user_role`;
CREATE TABLE `sys_user_role`  (
  `user_id` bigint(20) NOT NULL COMMENT '用户ID',
  `role_id` bigint(20) NOT NULL COMMENT '角色ID',
  PRIMARY KEY (`user_id`, `role_id`) USING BTREE
) ENGINE = InnoDB CHARACTER SET = utf8mb4 COLLATE = utf8mb4_general_ci COMMENT = '用户和角色关联表' ROW_FORMAT = Dynamic;

-- ----------------------------
-- Records of sys_user_role
-- ----------------------------
INSERT INTO `sys_user_role` VALUES (1, 1);
INSERT INTO `sys_user_role` VALUES (2, 2);

-- ----------------------------
-- Table structure for tag
-- ----------------------------
DROP TABLE IF EXISTS `tag`;
CREATE TABLE `tag`  (
  `id` bigint(20) NOT NULL AUTO_INCREMENT COMMENT 'id',
  `tagName` varchar(256) CHARACTER SET utf8mb4 COLLATE utf8mb4_general_ci NULL DEFAULT NULL COMMENT '标签名称',
  `createTime` datetime(0) NULL DEFAULT CURRENT_TIMESTAMP(0) COMMENT '创建时间',
  `updateTime` datetime(0) NULL DEFAULT CURRENT_TIMESTAMP(0) ON UPDATE CURRENT_TIMESTAMP(0) COMMENT '更新时间',
  `isDelete` tinyint(4) NOT NULL DEFAULT 0 COMMENT '是否删除',
  PRIMARY KEY (`id`) USING BTREE,
  UNIQUE INDEX `unidx_tagName`(`tagName`) USING BTREE
) ENGINE = InnoDB AUTO_INCREMENT = 7 CHARACTER SET = utf8mb4 COLLATE = utf8mb4_general_ci COMMENT = '标签表' ROW_FORMAT = Dynamic;

-- ----------------------------
-- Records of tag
-- ----------------------------
INSERT INTO `tag` VALUES (1, '闲聊', '2023-01-14 15:19:59', '2023-01-14 15:19:59', 0);
INSERT INTO `tag` VALUES (2, '题目', '2023-01-14 15:20:13', '2023-01-14 15:20:13', 0);
INSERT INTO `tag` VALUES (3, '心得', '2023-01-14 15:20:21', '2023-01-14 15:20:21', 0);
INSERT INTO `tag` VALUES (4, '警告', '2023-01-14 15:20:30', '2023-01-14 15:20:30', 0);
INSERT INTO `tag` VALUES (5, '求助', '2023-01-14 15:20:50', '2023-05-11 10:48:39', 0);
INSERT INTO `tag` VALUES (6, '讨论', '2023-01-14 15:24:49', '2023-01-14 15:24:49', 0);

-- ----------------------------
-- Table structure for thumb_post
-- ----------------------------
DROP TABLE IF EXISTS `thumb_post`;
CREATE TABLE `thumb_post`  (
  `id` bigint(20) NOT NULL AUTO_INCREMENT COMMENT 'id',
  `postId` bigint(20) NOT NULL COMMENT '帖子id',
  `userId` bigint(20) NOT NULL COMMENT '用户id',
  PRIMARY KEY (`id`) USING BTREE
) ENGINE = InnoDB AUTO_INCREMENT = 49 CHARACTER SET = utf8mb4 COLLATE = utf8mb4_general_ci COMMENT = '点赞表' ROW_FORMAT = Dynamic;

-- ----------------------------
-- Records of thumb_post
-- ----------------------------
INSERT INTO `thumb_post` VALUES (34, 87, 1011);
INSERT INTO `thumb_post` VALUES (36, 90, 1012);
INSERT INTO `thumb_post` VALUES (38, 89, 1011);
INSERT INTO `thumb_post` VALUES (39, 88, 1011);
INSERT INTO `thumb_post` VALUES (40, 90, 1011);
INSERT INTO `thumb_post` VALUES (46, 89, 1013);
INSERT INTO `thumb_post` VALUES (47, 93, 1013);
INSERT INTO `thumb_post` VALUES (48, 83, 1011);

-- ----------------------------
-- Table structure for user
-- ----------------------------
DROP TABLE IF EXISTS `user`;
CREATE TABLE `user`  (
  `username` varchar(256) CHARACTER SET utf8mb4 COLLATE utf8mb4_general_ci NULL DEFAULT NULL COMMENT '用户昵称',
  `id` bigint(20) NOT NULL AUTO_INCREMENT COMMENT 'id',
  `email` varchar(512) CHARACTER SET utf8mb4 COLLATE utf8mb4_general_ci NULL DEFAULT NULL COMMENT '邮箱',
  `avatarUrl` varchar(1024) CHARACTER SET utf8mb4 COLLATE utf8mb4_general_ci NULL DEFAULT NULL COMMENT '用户头像',
  `gender` tinyint(4) NULL DEFAULT 0 COMMENT '性别 0-男  1-女',
  `birthday` datetime(0) NULL DEFAULT NULL COMMENT '生日',
  `userPassword` varchar(512) CHARACTER SET utf8mb4 COLLATE utf8mb4_general_ci NULL DEFAULT NULL COMMENT '密码',
  `phone` varchar(128) CHARACTER SET utf8mb4 COLLATE utf8mb4_general_ci NULL DEFAULT NULL COMMENT '电话',
  `userStatus` int(11) NOT NULL DEFAULT 0 COMMENT '状态 0 - 正常  1-封号',
  `createTime` datetime(0) NULL DEFAULT CURRENT_TIMESTAMP(0) COMMENT '创建时间',
  `updateTime` datetime(0) NULL DEFAULT CURRENT_TIMESTAMP(0) ON UPDATE CURRENT_TIMESTAMP(0),
  `isDelete` tinyint(4) NOT NULL DEFAULT 0 COMMENT '是否删除',
  `userRole` int(11) NOT NULL DEFAULT 0 COMMENT '用户角色 0 - 普通用户 1 - 管理员',
  `profile` varchar(512) CHARACTER SET utf8mb4 COLLATE utf8mb4_general_ci NULL DEFAULT NULL COMMENT '个人简介',
  `questionNum` int(11) NOT NULL DEFAULT 0 COMMENT '做题数',
  `correctNum` int(11) NOT NULL DEFAULT 0 COMMENT '正确数',
  PRIMARY KEY (`id`) USING BTREE,
  UNIQUE INDEX `uniq_emial`(`email`) USING BTREE COMMENT '邮箱唯一'
) ENGINE = InnoDB AUTO_INCREMENT = 1014 CHARACTER SET = utf8mb4 COLLATE = utf8mb4_general_ci COMMENT = '用户' ROW_FORMAT = Dynamic;

-- ----------------------------
-- Records of user
-- ----------------------------
INSERT INTO `user` VALUES ('Sakura', 1011, '2804821936@qq.com', 'http://cdn.haoyang666.fun/school/person/person-avatar/mmexport1673884050063.jpg', 0, '2023-03-02 16:00:00', '7eee07c4c334306b51c4f12691432d89', NULL, 0, '2023-03-12 22:44:00', '2023-05-13 08:15:58', 0, 1, '君子之德风，小人之德草，草上之风，必偃。', 0, 47);
INSERT INTO `user` VALUES ('沈天昊', 1012, '1615641126@qq.com', 'http://cdn.haoyang666.fun/school/person/person-avatar/mmexport1674609512264.jpg', 0, NULL, NULL, NULL, 0, '2023-03-13 14:47:30', '2023-05-07 13:36:04', 0, 1, NULL, 0, 5);
INSERT INTO `user` VALUES ('锺新建', 1013, '2245275262@qq.com', 'http://cdn.haoyang666.fun/school/person/person-avatar/mmexport1674609512264.jpg', 0, NULL, '7eee07c4c334306b51c4f12691432d89', NULL, 0, '2023-03-21 21:24:23', '2023-05-12 23:21:10', 0, 0, NULL, 0, 10);

SET FOREIGN_KEY_CHECKS = 1;
